Location,District,Date,Latitude,Longitude,AQI,PM 2.5 AVG (µg/m³),PM 10 AVG (µg/m³),REL HUMI (%),TEMPERATURE (°C),Week,Year,Month
Anadapuri Playground,North 24 Pgs.,8/31/2025,22.762825,88.37412,54.91666667,30.58041667,54.96333333,76.57833333,34.38583333,35,2025,August
Anadapuri Playground,North 24 Pgs.,9/1/2025,22.762825,88.37412,69.41666667,39.2025,69.73875,75.8975,34.39833333,36,2025,September
Anadapuri Playground,North 24 Pgs.,9/2/2025,22.762825,88.37412,36.45833333,21.11375,36.39916667,85.59791667,29.70375,36,2025,September
Anadapuri Playground,North 24 Pgs.,9/3/2025,22.762825,88.37412,33.5,19.49625,33.57875,86.21708333,29.8725,36,2025,September
Anadapuri Playground,North 24 Pgs.,9/4/2025,22.762825,88.37412,41.375,23.60125,41.385,83.39875,30.71666667,36,2025,September
Anadapuri Playground,North 24 Pgs.,9/5/2025,22.762825,88.37412,59.04166667,32.98833333,58.99208333,78.60625,32.77458333,36,2025,September
Anadapuri Playground,North 24 Pgs.,9/6/2025,22.762825,88.37412,69.375,38.10541667,69.43958333,75.50166667,35.24416667,36,2025,September
Anadapuri Playground,North 24 Pgs.,9/7/2025,22.762825,88.37412,64.83333333,36.67208333,64.89166667,75.65625,33.12875,36,2025,September
Anadapuri Playground,North 24 Pgs.,9/8/2025,22.762825,88.37412,50.375,27.39541667,50.335,74.60791667,35.29583333,37,2025,September
Anadapuri Playground,North 24 Pgs.,9/9/2025,22.762825,88.37412,53.58333333,29.48375,53.6025,74.79291667,34.72333333,37,2025,September
Anadapuri Playground,North 24 Pgs.,9/10/2025,22.762825,88.37412,52.125,29.19875,52.01541667,75.11541667,34.42541667,37,2025,September
Anadapuri Playground,North 24 Pgs.,9/11/2025,22.762825,88.37412,49,27.43041667,48.93333333,76.22291667,34.37041667,37,2025,September
Anadapuri Playground,North 24 Pgs.,9/12/2025,22.762825,88.37412,44.83333333,25.4725,44.9075,80.02208333,32.65083333,37,2025,September
Anadapuri Playground,North 24 Pgs.,9/13/2025,22.762825,88.37412,42.16666667,23.27041667,42.17125,78.29291667,34.0875,37,2025,September
Anadapuri Playground,North 24 Pgs.,9/14/2025,22.762825,88.37412,45.54166667,25.49625,45.46875,85.20833333,31.27541667,37,2025,September
Anadapuri Playground,North 24 Pgs.,9/15/2025,22.762825,88.37412,43.16666667,24.77625,43.1875,86.44458333,31.13458333,38,2025,September
Anadapuri Playground,North 24 Pgs.,9/16/2025,22.762825,88.37412,48.41666667,27.8375,48.49458333,86.70041667,31.0825,38,2025,September
Anadapuri Playground,North 24 Pgs.,9/17/2025,22.762825,88.37412,47.29166667,27.3225,47.34791667,82.08041667,32.16375,38,2025,September
Anadapuri Playground,North 24 Pgs.,9/18/2025,22.762825,88.37412,48.375,27.51666667,48.31541667,76.09458333,34.49916667,38,2025,September
Anadapuri Playground,North 24 Pgs.,9/19/2025,22.762825,88.37412,70.66666667,40.13583333,70.53,80.44875,33.07458333,38,2025,September
Anadapuri Playground,North 24 Pgs.,9/20/2025,22.762825,88.37412,73.41666667,41.71791667,73.39291667,84.06416667,32.96,38,2025,September
Anadapuri Playground,North 24 Pgs.,9/21/2025,22.762825,88.37412,82.20833333,47.39833333,82.20708333,77.89666667,32.195,38,2025,September
Anadapuri Playground,North 24 Pgs.,9/22/2025,22.762825,88.37412,64.45833333,36.735,64.52708333,83.98583333,31.84208333,39,2025,September
Anadapuri Playground,North 24 Pgs.,9/23/2025,22.762825,88.37412,48,27.86708333,47.99833333,86.83375,29.96416667,39,2025,September
Anadapuri Playground,North 24 Pgs.,9/24/2025,22.762825,88.37412,50.45833333,29.40791667,50.45041667,80.2125,31.2275,39,2025,September
Anadapuri Playground,North 24 Pgs.,9/25/2025,22.762825,88.37412,48.375,27.87708333,48.43833333,79.42958333,32.32791667,39,2025,September
Anadapuri Playground,North 24 Pgs.,9/26/2025,22.762825,88.37412,40.66666667,22.89375,40.61125,82.42208333,33.59875,39,2025,September
Anadapuri Playground,North 24 Pgs.,9/27/2025,22.762825,88.37412,37.83333333,21.88083333,37.83666667,80.96375,32.12208333,39,2025,September
Anadapuri Playground,North 24 Pgs.,9/28/2025,22.762825,88.37412,40.58333333,22.65916667,40.56708333,77.06125,33.71916667,39,2025,September
Anadapuri Playground,North 24 Pgs.,9/29/2025,22.762825,88.37412,51.95833333,29.36375,52.09666667,77.59041667,33.33416667,40,2025,September
Anadapuri Playground,North 24 Pgs.,9/30/2025,22.762825,88.37412,53,30.39333333,53.00708333,76.30625,34.21708333,40,2025,September
Anadapuri Playground,North 24 Pgs.,10/1/2025,22.762825,88.37412,45.79166667,25.79083333,45.86583333,80.03458333,32.53416667,40,2025,October
Anadapuri Playground,North 24 Pgs.,10/2/2025,22.762825,88.37412,31.125,18.49375,31.13583333,89.79083333,28.35666667,40,2025,October
Anadapuri Playground,North 24 Pgs.,10/3/2025,22.762825,88.37412,37.95833333,22.07041667,37.93458333,90.18291667,30.45791667,40,2025,October
Anadapuri Playground,North 24 Pgs.,10/4/2025,22.762825,88.37412,41.75,23.9275,41.80083333,84.88041667,31.56916667,40,2025,October
Anadapuri Playground,North 24 Pgs.,10/5/2025,22.762825,88.37412,41.16666667,23.75208333,41.14875,85.50291667,30.31833333,40,2025,October
Anadapuri Playground,North 24 Pgs.,10/6/2025,22.762825,88.37412,63.75,36.545,63.7825,84.81,30.24958333,41,2025,October
Anadapuri Playground,North 24 Pgs.,10/7/2025,22.762825,88.37412,65.66666667,37.72916667,65.70875,81.30416667,32.33875,41,2025,October
Anadapuri Playground,North 24 Pgs.,10/8/2025,22.762825,88.37412,72.875,41.6325,72.8825,84.47708333,32.17166667,41,2025,October
Anadapuri Playground,North 24 Pgs.,10/9/2025,22.762825,88.37412,76.25,44.23375,76.25208333,82.37916667,30.29583333,41,2025,October
Anadapuri Playground,North 24 Pgs.,10/10/2025,22.762825,88.37412,70.20833333,40.5875,70.29375,83.43333333,30.09083333,41,2025,October
Anadapuri Playground,North 24 Pgs.,10/11/2025,22.762825,88.37412,62.95833333,35.45375,62.97291667,77.18791667,32.64875,41,2025,October
Anadapuri Playground,North 24 Pgs.,10/12/2025,22.762825,88.37412,70.66666667,39.96916667,70.56666667,75.00958333,31.17708333,41,2025,October
Anadapuri Playground,North 24 Pgs.,10/13/2025,22.762825,88.37412,73.33333333,41.27208333,73.2575,71.94791667,32.40083333,42,2025,October
Anadapuri Playground,North 24 Pgs.,10/14/2025,22.762825,88.37412,76.95833333,42.97208333,76.94375,72.82833333,31.69916667,42,2025,October
Anadapuri Playground,North 24 Pgs.,10/15/2025,22.762825,88.37412,77.25,43.47208333,77.3075,70.48,31.355,42,2025,October
Anadapuri Playground,North 24 Pgs.,10/16/2025,22.762825,88.37412,77.79166667,43.92083333,77.75708333,68.6775,30.58916667,42,2025,October
Anadapuri Playground,North 24 Pgs.,10/17/2025,22.762825,88.37412,87.16666667,49.75333333,87.41333333,70.83583333,30.66916667,42,2025,October
Anadapuri Playground,North 24 Pgs.,10/18/2025,22.762825,88.37412,81.08333333,45.69875,81.13375,71.95166667,32.13625,42,2025,October
Anadapuri Playground,North 24 Pgs.,10/19/2025,22.762825,88.37412,76.66666667,42.87458333,77.16791667,74.06458333,33.01541667,42,2025,October
Anadapuri Playground,North 24 Pgs.,10/20/2025,22.762825,88.37412,103.4166667,54.16,95.09166667,74.3225,32.56666667,43,2025,October
Anadapuri Playground,North 24 Pgs.,10/21/2025,22.762825,88.37412,116.1666667,61.85791667,108.2891667,70.30125,31.99958333,43,2025,October
Anadapuri Playground,North 24 Pgs.,10/22/2025,22.762825,88.37412,114.0416667,62.72375,110.0370833,72.205,32.10916667,43,2025,October
Anadapuri Playground,North 24 Pgs.,10/23/2025,22.762825,88.37412,91,51.19708333,90.53458333,70.02125,32.34458333,43,2025,October
Anadapuri Playground,North 24 Pgs.,10/24/2025,22.762825,88.37412,95,53.31166667,94.42375,69.21625,32.55541667,43,2025,October
Anadapuri Playground,North 24 Pgs.,10/25/2025,22.762825,88.37412,114.9166667,61.27208333,110.2058333,70.33041667,32.00791667,43,2025,October
Anadapuri Playground,North 24 Pgs.,10/26/2025,22.762825,88.37412,102.25,56.32375,100.0416667,74.98041667,31.68125,43,2025,October
Anadapuri Playground,North 24 Pgs.,10/27/2025,22.762825,88.37412,92.75,52.38208333,92.45583333,73.90083333,32.49625,44,2025,October
Anadapuri Playground,North 24 Pgs.,10/28/2025,22.762825,88.37412,75.66666667,43.07166667,76.24,76.415,32.34208333,44,2025,October
Anadapuri Playground,North 24 Pgs.,10/29/2025,22.762825,88.37412,43.125,24.54958333,43.17666667,89.54125,28.91833333,44,2025,October
Anadapuri Playground,North 24 Pgs.,10/30/2025,22.762825,88.37412,39.875,23.0875,39.82791667,84.17166667,29.67291667,44,2025,October
Anadapuri Playground,North 24 Pgs.,10/31/2025,22.762825,88.37412,49.91666667,28.62458333,49.89,79.65791667,31.04916667,44,2025,October
Anadapuri Playground,North 24 Pgs.,11/1/2025,22.762825,88.37412,55.16666667,31.18,55.14666667,80.90958333,32.00083333,44,2025,November
Anadapuri Playground,North 24 Pgs.,11/2/2025,22.762825,88.37412,39.54166667,22.99041667,39.40041667,80.50166667,27.19875,44,2025,November
Anadapuri Playground,North 24 Pgs.,11/3/2025,22.762825,88.37412,87.95833333,47.81041667,83.50583333,72.58333333,28.69625,45,2025,November
Anadapuri Playground,North 24 Pgs.,11/4/2025,22.762825,88.37412,182.2083333,84.67458333,147.2683333,76.57458333,28.0325,45,2025,November
Anadapuri Playground,North 24 Pgs.,11/5/2025,22.762825,88.37412,168.4166667,80.50291667,140.3570833,74.33041667,28.44375,45,2025,November
Anadapuri Playground,North 24 Pgs.,11/6/2025,22.762825,88.37412,151.7916667,74.655,131.3929167,73.77541667,30.5925,45,2025,November
Anadapuri Playground,North 24 Pgs.,11/7/2025,22.762825,88.37412,123,65.88333333,115.7270833,72.32541667,31.3975,45,2025,November
Anadapuri Playground,North 24 Pgs.,11/8/2025,22.762825,88.37412,74.16666667,41.92833333,74.18791667,60.785,28.73416667,45,2025,November
Anadapuri Playground,North 24 Pgs.,11/9/2025,22.762825,88.37412,84.75,47.81333333,84.69166667,60.4975,27.84875,45,2025,November
Anadapuri Playground,North 24 Pgs.,11/10/2025,22.762825,88.37412,105.0416667,58.92875,103.8845833,65.74708333,27.01083333,46,2025,November
Anadapuri Playground,North 24 Pgs.,11/11/2025,22.762825,88.37412,102.2916667,57.47916667,101.5204167,62.72833333,26.56833333,46,2025,November
Anadapuri Playground,North 24 Pgs.,11/12/2025,22.762825,88.37412,120.9583333,65.95875,114.94875,63.3725,25.00666667,46,2025,November
Anadapuri Playground,North 24 Pgs.,11/13/2025,22.762825,88.37412,113.625,63.14541667,109.9254167,65.7225,25.76208333,46,2025,November
Anadapuri Playground,North 24 Pgs.,11/14/2025,22.762825,88.37412,100.5833333,57.125,99.675,67.10958333,26.08583333,46,2025,November
Anadapuri Playground,North 24 Pgs.,11/15/2025,22.762825,88.37412,87.91666667,50.42708333,87.78541667,66.39666667,26.05791667,46,2025,November
Anadapuri Playground,North 24 Pgs.,11/16/2025,22.762825,88.37412,109,60.55875,106.3954167,67.39875,25.775,46,2025,November
Anadapuri Playground,North 24 Pgs.,11/17/2025,22.762825,88.37412,102.25,56.795,99.85333333,68.06125,25.91125,47,2025,November
Anadapuri Playground,North 24 Pgs.,11/18/2025,22.762825,88.37412,96.16666667,52.58875,94.255,67.2225,27.53625,47,2025,November
Anadapuri Playground,North 24 Pgs.,11/19/2025,22.762825,88.37412,87,47.66083333,84.075,65.75208333,27.49,47,2025,November
Anadapuri Playground,North 24 Pgs.,11/20/2025,22.762825,88.37412,114.6666667,59.51833333,106.3245833,65.29458333,27.7625,47,2025,November
Anadapuri Playground,North 24 Pgs.,11/21/2025,22.762825,88.37412,138.5,70.71958333,123.79375,66.72541667,26.74416667,47,2025,November
Anadapuri Playground,North 24 Pgs.,11/22/2025,22.762825,88.37412,169.4166667,80.67541667,141.22875,70.36541667,25.58333333,47,2025,November
Anadapuri Playground,North 24 Pgs.,11/23/2025,22.762825,88.37412,167.0416667,79.81625,139.4629167,71.14083333,25.74541667,47,2025,November
Anadapuri Playground,North 24 Pgs.,11/24/2025,22.762825,88.37412,155.5,76.64333333,133.5791667,68.60208333,24.78458333,48,2025,November
Anadapuri Playground,North 24 Pgs.,11/25/2025,22.762825,88.37412,157.4166667,77.2425,135.1154167,64.87166667,24.8225,48,2025,November
Anadapuri Playground,North 24 Pgs.,11/26/2025,22.762825,88.37412,134.75,70.035,122.0954167,63.09666667,23.54333333,48,2025,November
Anadapuri Playground,North 24 Pgs.,11/27/2025,22.762825,88.37412,119.0833333,62.48875,110.0941667,70.31791667,26.35791667,48,2025,November
Anadapuri Playground,North 24 Pgs.,11/28/2025,22.762825,88.37412,128.25,64.83291667,114.0958333,69.69083333,25.90916667,48,2025,November
Anadapuri Playground,North 24 Pgs.,11/29/2025,22.762825,88.37412,118.4166667,63.09375,110.6925,69.83541667,25.13291667,48,2025,November
Anadapuri Playground,North 24 Pgs.,11/30/2025,22.762825,88.37412,144.4583333,72.53375,127.0266667,70.05125,26.10958333,48,2025,November
Anadapuri Playground,North 24 Pgs.,12/1/2025,22.762825,88.37412,183,84.79,147.97,89.17,19.5,49,2025,December
Ashoknagar-Kalyangarh Municipality,North 24 Pgs.,8/31/2025,22.8397467,88.621205,47.54166667,25.42416667,47.52166667,80.09333333,31.6875,35,2025,August
Ashoknagar-Kalyangarh Municipality,North 24 Pgs.,9/1/2025,22.8397467,88.621205,62.91666667,33.85125,62.87541667,81.00541667,32.14333333,36,2025,September
Ashoknagar-Kalyangarh Municipality,North 24 Pgs.,9/2/2025,22.8397467,88.621205,38.79166667,20.64708333,38.80166667,92.30791667,28.36958333,36,2025,September
Ashoknagar-Kalyangarh Municipality,North 24 Pgs.,9/3/2025,22.8397467,88.621205,36.875,19.66208333,36.87958333,91.76583333,28.29625,36,2025,September
Ashoknagar-Kalyangarh Municipality,North 24 Pgs.,9/4/2025,22.8397467,88.621205,41.83333333,22.32375,41.82666667,87.575,29.83958333,36,2025,September
Ashoknagar-Kalyangarh Municipality,North 24 Pgs.,9/5/2025,22.8397467,88.621205,53.54166667,28.88791667,53.5175,82.84958333,31.14458333,36,2025,September
Ashoknagar-Kalyangarh Municipality,North 24 Pgs.,9/6/2025,22.8397467,88.621205,63.83333333,34.0475,63.82041667,78.23541667,32.03833333,36,2025,September
Ashoknagar-Kalyangarh Municipality,North 24 Pgs.,9/7/2025,22.8397467,88.621205,57.875,31.05041667,57.79291667,77.14541667,31.98416667,36,2025,September
Ashoknagar-Kalyangarh Municipality,North 24 Pgs.,9/8/2025,22.8397467,88.621205,58.70833333,30.38875,58.69291667,74.7125,32.5075,37,2025,September
Ashoknagar-Kalyangarh Municipality,North 24 Pgs.,9/9/2025,22.8397467,88.621205,64.625,33.72041667,64.62375,75.66625,32.29625,37,2025,September
Ashoknagar-Kalyangarh Municipality,North 24 Pgs.,9/10/2025,22.8397467,88.621205,63,32.97083333,63.0325,75.38708333,32.51958333,37,2025,September
Ashoknagar-Kalyangarh Municipality,North 24 Pgs.,9/11/2025,22.8397467,88.621205,61.83333333,32.23833333,61.89708333,78.54041667,32.22541667,37,2025,September
Ashoknagar-Kalyangarh Municipality,North 24 Pgs.,9/12/2025,22.8397467,88.621205,55.5,28.96625,55.56875,83.5025,31.14375,37,2025,September
Ashoknagar-Kalyangarh Municipality,North 24 Pgs.,9/13/2025,22.8397467,88.621205,47.20833333,25.47208333,47.20916667,83.28875,31.02541667,37,2025,September
Ashoknagar-Kalyangarh Municipality,North 24 Pgs.,9/14/2025,22.8397467,88.621205,48.75,26.19416667,48.77375,89.87458333,29.37333333,37,2025,September
Ashoknagar-Kalyangarh Municipality,North 24 Pgs.,9/15/2025,22.8397467,88.621205,52.81818182,28.49818182,52.68318182,92.73590909,28.56863636,38,2025,September
Ashoknagar-Kalyangarh Municipality,North 24 Pgs.,9/16/2025,22.8397467,88.621205,52.16666667,28.28791667,52.1225,91.87125,28.31125,38,2025,September
Ashoknagar-Kalyangarh Municipality,North 24 Pgs.,9/17/2025,22.8397467,88.621205,54.41666667,29.45708333,54.33375,86.8025,30.04833333,38,2025,September
Ashoknagar-Kalyangarh Municipality,North 24 Pgs.,9/18/2025,22.8397467,88.621205,61.54166667,33.44541667,61.4925,80.3125,31.72166667,38,2025,September
Ashoknagar-Kalyangarh Municipality,North 24 Pgs.,9/19/2025,22.8397467,88.621205,78.75,43.46958333,78.73875,86.32916667,31.00125,38,2025,September
Ashoknagar-Kalyangarh Municipality,North 24 Pgs.,9/20/2025,22.8397467,88.621205,87.86956522,49.08434783,88.27304348,90.76434783,29.19478261,38,2025,September
Ashoknagar-Kalyangarh Municipality,North 24 Pgs.,9/21/2025,22.8397467,88.621205,99.91666667,56.60291667,101.11,84.65541667,30.80708333,38,2025,September
Ashoknagar-Kalyangarh Municipality,North 24 Pgs.,9/22/2025,22.8397467,88.621205,72.08333333,39.81541667,72.1075,88.5275,29.31625,39,2025,September
Ashoknagar-Kalyangarh Municipality,North 24 Pgs.,9/23/2025,22.8397467,88.621205,55.66666667,30.525,55.61333333,91.74625,28.55208333,39,2025,September
Ashoknagar-Kalyangarh Municipality,North 24 Pgs.,9/24/2025,22.8397467,88.621205,57.95833333,31.66,57.96125,82.70416667,30.83083333,39,2025,September
Ashoknagar-Kalyangarh Municipality,North 24 Pgs.,9/25/2025,22.8397467,88.621205,58.66666667,31.61041667,58.61,83.88958333,30.74708333,39,2025,September
Ashoknagar-Kalyangarh Municipality,North 24 Pgs.,9/26/2025,22.8397467,88.621205,53.625,26.98625,53.79166667,82.7675,31.06666667,39,2025,September
Ashoknagar-Kalyangarh Municipality,North 24 Pgs.,9/27/2025,22.8397467,88.621205,50.08333333,26.72833333,50.11291667,80.77208333,31.58875,39,2025,September
Ashoknagar-Kalyangarh Municipality,North 24 Pgs.,9/28/2025,22.8397467,88.621205,50.54166667,26.4875,50.54875,78.85458333,31.86583333,39,2025,September
Ashoknagar-Kalyangarh Municipality,North 24 Pgs.,9/29/2025,22.8397467,88.621205,63.45833333,32.985,63.54708333,79.88416667,31.84208333,40,2025,September
Ashoknagar-Kalyangarh Municipality,North 24 Pgs.,9/30/2025,22.8397467,88.621205,76.04166667,41.31666667,75.99166667,80.8,31.79208333,40,2025,September
Ashoknagar-Kalyangarh Municipality,North 24 Pgs.,10/1/2025,22.8397467,88.621205,59.20833333,31.23833333,59.31708333,83.43583333,30.44875,40,2025,October
Ashoknagar-Kalyangarh Municipality,North 24 Pgs.,10/2/2025,22.8397467,88.621205,37.875,20.37041667,37.97458333,91.77625,28.51291667,40,2025,October
Ashoknagar-Kalyangarh Municipality,North 24 Pgs.,10/3/2025,22.8397467,88.621205,49.83333333,26.77416667,49.79166667,94.81916667,28.03041667,40,2025,October
Ashoknagar-Kalyangarh Municipality,North 24 Pgs.,10/4/2025,22.8397467,88.621205,53.58333333,28.87375,53.53125,89.255,29.63833333,40,2025,October
Ashoknagar-Kalyangarh Municipality,North 24 Pgs.,10/5/2025,22.8397467,88.621205,48.45833333,26.21625,48.36166667,90.24916667,28.28083333,40,2025,October
Ashoknagar-Kalyangarh Municipality,North 24 Pgs.,10/6/2025,22.8397467,88.621205,75.95833333,40.37,73.16,88.18666667,28.55791667,41,2025,October
Ashoknagar-Kalyangarh Municipality,North 24 Pgs.,10/7/2025,22.8397467,88.621205,84.25,46.64833333,84.31708333,83.76,29.51333333,41,2025,October
Ashoknagar-Kalyangarh Municipality,North 24 Pgs.,10/8/2025,22.8397467,88.621205,83.08333333,45.46666667,83.1975,88.19375,28.4925,41,2025,October
Ashoknagar-Kalyangarh Municipality,North 24 Pgs.,10/9/2025,22.8397467,88.621205,92.04166667,51.28333333,92.32041667,87.49666667,28.80583333,41,2025,October
Ashoknagar-Kalyangarh Municipality,North 24 Pgs.,10/10/2025,22.8397467,88.621205,83.375,46.32125,83.45208333,89.33125,28.18041667,41,2025,October
Ashoknagar-Kalyangarh Municipality,North 24 Pgs.,10/11/2025,22.8397467,88.621205,71.16666667,39.45708333,71.25,84.86916667,29.07458333,41,2025,October
Ashoknagar-Kalyangarh Municipality,North 24 Pgs.,10/12/2025,22.8397467,88.621205,78.625,43.18916667,78.64,79.43583333,30.07416667,41,2025,October
Ashoknagar-Kalyangarh Municipality,North 24 Pgs.,10/13/2025,22.8397467,88.621205,92.83333333,51.88666667,93.3225,76.65291667,29.89208333,42,2025,October
Ashoknagar-Kalyangarh Municipality,North 24 Pgs.,10/14/2025,22.8397467,88.621205,97.91666667,54.77666667,98.6975,75.19958333,29.6325,42,2025,October
Ashoknagar-Kalyangarh Municipality,North 24 Pgs.,10/15/2025,22.8397467,88.621205,102.5,57.63458333,103.5554167,74.22291667,29.2825,42,2025,October
Ashoknagar-Kalyangarh Municipality,North 24 Pgs.,10/16/2025,22.8397467,88.621205,105.5,58.86083333,106.3216667,74.25708333,28.98708333,42,2025,October
Ashoknagar-Kalyangarh Municipality,North 24 Pgs.,10/17/2025,22.8397467,88.621205,112.4166667,62.18166667,111.9295833,74.80791667,29.61791667,42,2025,October
Ashoknagar-Kalyangarh Municipality,North 24 Pgs.,10/18/2025,22.8397467,88.621205,108.7083333,59.85958333,107.7675,77.63333333,30.25208333,42,2025,October
Ashoknagar-Kalyangarh Municipality,North 24 Pgs.,10/19/2025,22.8397467,88.621205,95.33333333,52.03833333,93.80625,77.42625,30.70041667,42,2025,October
Ashoknagar-Kalyangarh Municipality,North 24 Pgs.,10/20/2025,22.8397467,88.621205,112.5,59.07666667,105.6691667,77.01333333,30.72083333,43,2025,October
Ashoknagar-Kalyangarh Municipality,North 24 Pgs.,10/21/2025,22.8397467,88.621205,111.5833333,60.57291667,108.4329167,74.70625,30.43541667,43,2025,October
Ashoknagar-Kalyangarh Municipality,North 24 Pgs.,10/22/2025,22.8397467,88.621205,108.375,59.07041667,106.25625,75.14458333,30.07166667,43,2025,October
Ashoknagar-Kalyangarh Municipality,North 24 Pgs.,10/23/2025,22.8397467,88.621205,104.75,55.51375,99.87375,71.61458333,30.53291667,43,2025,October
Ashoknagar-Kalyangarh Municipality,North 24 Pgs.,10/24/2025,22.8397467,88.621205,102.5416667,56.82208333,102.3583333,72.14083333,30.33208333,43,2025,October
Ashoknagar-Kalyangarh Municipality,North 24 Pgs.,10/25/2025,22.8397467,88.621205,109.5416667,60.54541667,108.5720833,75.1,30.19,43,2025,October
Ashoknagar-Kalyangarh Municipality,North 24 Pgs.,10/26/2025,22.8397467,88.621205,96.75,52.81666667,95.40083333,76.26583333,30.34041667,43,2025,October
Ashoknagar-Kalyangarh Municipality,North 24 Pgs.,10/27/2025,22.8397467,88.621205,109.2083333,60.53458333,109.1558333,76.61416667,30.56875,44,2025,October
Ashoknagar-Kalyangarh Municipality,North 24 Pgs.,10/28/2025,22.8397467,88.621205,85.79166667,47.32875,85.27416667,77.87583333,30.26958333,44,2025,October
Ashoknagar-Kalyangarh Municipality,North 24 Pgs.,10/29/2025,22.8397467,88.621205,51.41666667,28.37166667,51.40041667,90.03833333,27.62916667,44,2025,October
Ashoknagar-Kalyangarh Municipality,North 24 Pgs.,10/30/2025,22.8397467,88.621205,44.04166667,24.56166667,44.06916667,87.14875,28.6025,44,2025,October
Ashoknagar-Kalyangarh Municipality,North 24 Pgs.,10/31/2025,22.8397467,88.621205,51.45833333,28.26666667,51.41,82.42541667,30.13291667,44,2025,October
Ashoknagar-Kalyangarh Municipality,North 24 Pgs.,11/1/2025,22.8397467,88.621205,61.625,33.89291667,61.61291667,83.65,29.7925,44,2025,November
Ashoknagar-Kalyangarh Municipality,North 24 Pgs.,11/2/2025,22.8397467,88.621205,51.58333333,28.33541667,51.54875,82.92,27.1925,44,2025,November
Ashoknagar-Kalyangarh Municipality,North 24 Pgs.,11/3/2025,22.8397467,88.621205,93.91666667,50.6875,90.76416667,76.31833333,27.52916667,45,2025,November
Ashoknagar-Kalyangarh Municipality,North 24 Pgs.,11/4/2025,22.8397467,88.621205,192.4583333,87.73625,155.1741667,79.52208333,26.95375,45,2025,November
Ashoknagar-Kalyangarh Municipality,North 24 Pgs.,11/5/2025,22.8397467,88.621205,186.2083333,85.83958333,151.555,74.45375,27.76833333,45,2025,November
Ashoknagar-Kalyangarh Municipality,North 24 Pgs.,11/6/2025,22.8397467,88.621205,168.375,80.51,142.5058333,76.3175,28.27166667,45,2025,November
Ashoknagar-Kalyangarh Municipality,North 24 Pgs.,11/7/2025,22.8397467,88.621205,151.9166667,75.6025,134.5054167,74.35041667,28.59458333,45,2025,November
Ashoknagar-Kalyangarh Municipality,North 24 Pgs.,11/8/2025,22.8397467,88.621205,87.83333333,48.69375,88.14666667,63.52041667,27.08333333,45,2025,November
Ashoknagar-Kalyangarh Municipality,North 24 Pgs.,11/9/2025,22.8397467,88.621205,85,47.18416667,85.65,63.56083333,25.6425,45,2025,November
Ashoknagar-Kalyangarh Municipality,North 24 Pgs.,11/10/2025,22.8397467,88.621205,113.25,63.5825,113.8270833,69.5,25.47625,46,2025,November
Ashoknagar-Kalyangarh Municipality,North 24 Pgs.,11/11/2025,22.8397467,88.621205,105.0833333,59.04916667,106.11875,66.59708333,24.79541667,46,2025,November
Ashoknagar-Kalyangarh Municipality,North 24 Pgs.,11/12/2025,22.8397467,88.621205,131.125,69.38166667,124.1475,68.5575,23.85458333,46,2025,November
Ashoknagar-Kalyangarh Municipality,North 24 Pgs.,11/13/2025,22.8397467,88.621205,128.5416667,68.30041667,122.0870833,68.99708333,24.08666667,46,2025,November
Ashoknagar-Kalyangarh Municipality,North 24 Pgs.,11/14/2025,22.8397467,88.621205,112.9583333,61.75041667,110.7720833,70.33083333,23.96458333,46,2025,November
Ashoknagar-Kalyangarh Municipality,North 24 Pgs.,11/15/2025,22.8397467,88.621205,105.3333333,59.39375,106.5691667,71.37125,24.395,46,2025,November
Ashoknagar-Kalyangarh Municipality,North 24 Pgs.,11/16/2025,22.8397467,88.621205,107.125,59.67458333,107.1416667,70.51625,24.2,46,2025,November
Ashoknagar-Kalyangarh Municipality,North 24 Pgs.,11/17/2025,22.8397467,88.621205,104.9583333,57.41791667,103.2770833,70.35666667,24.69291667,47,2025,November
Ashoknagar-Kalyangarh Municipality,North 24 Pgs.,11/18/2025,22.8397467,88.621205,83.54166667,46.44291667,83.85791667,69.75083333,25.15541667,47,2025,November
Ashoknagar-Kalyangarh Municipality,North 24 Pgs.,11/19/2025,22.8397467,88.621205,74.58333333,41.26666667,74.61458333,67.46333333,25.73208333,47,2025,November
Ashoknagar-Kalyangarh Municipality,North 24 Pgs.,11/20/2025,22.8397467,88.621205,84.58333333,46.96583333,84.74791667,68.2625,25.43333333,47,2025,November
Ashoknagar-Kalyangarh Municipality,North 24 Pgs.,11/21/2025,22.8397467,88.621205,98.79166667,54.67375,98.30666667,70.45333333,24.735,47,2025,November
Ashoknagar-Kalyangarh Municipality,North 24 Pgs.,11/22/2025,22.8397467,88.621205,129.7083333,67.63,120.585,72.30333333,24.2625,47,2025,November
Ashoknagar-Kalyangarh Municipality,North 24 Pgs.,11/23/2025,22.8397467,88.621205,117.375,63.26333333,113.0220833,71.935,24.33041667,47,2025,November
Ashoknagar-Kalyangarh Municipality,North 24 Pgs.,11/24/2025,22.8397467,88.621205,131.9166667,69.56541667,124.2016667,70.02083333,23.6925,48,2025,November
Ashoknagar-Kalyangarh Municipality,North 24 Pgs.,11/25/2025,22.8397467,88.621205,136.875,70.56041667,126.2108333,69.12208333,22.59541667,48,2025,November
Ashoknagar-Kalyangarh Municipality,North 24 Pgs.,11/26/2025,22.8397467,88.621205,112.2916667,61.96375,111.3045833,67.41083333,22.52625,48,2025,November
Ashoknagar-Kalyangarh Municipality,North 24 Pgs.,11/27/2025,22.8397467,88.621205,88.41666667,49.16541667,88.78041667,70.79875,23.56166667,48,2025,November
Ashoknagar-Kalyangarh Municipality,North 24 Pgs.,11/28/2025,22.8397467,88.621205,84.16666667,46.51041667,84.50666667,70.53166667,24.08541667,48,2025,November
Ashoknagar-Kalyangarh Municipality,North 24 Pgs.,11/29/2025,22.8397467,88.621205,99.16666667,54.41041667,98.10708333,73.54916667,23.26416667,48,2025,November
Ashoknagar-Kalyangarh Municipality,North 24 Pgs.,11/30/2025,22.8397467,88.621205,105.2083333,58.99208333,105.8170833,73.00666667,23.2825,48,2025,November
Ashoknagar-Kalyangarh Municipality,North 24 Pgs.,12/1/2025,22.8397467,88.621205,177,83.24,146.71,87.42,20.14,49,2025,December
Baduria Municipality,North 24 Pgs.,8/31/2025,22.7385817,88.7889833,39.58333333,22.40083333,39.49625,74.50375,31.80166667,35,2025,August
Baduria Municipality,North 24 Pgs.,9/1/2025,22.7385817,88.7889833,53.54166667,30.47083333,53.52833333,75.635,32.12916667,36,2025,September
Baduria Municipality,North 24 Pgs.,9/2/2025,22.7385817,88.7889833,33.95833333,19.56791667,33.93416667,83.98916667,28.0475,36,2025,September
Baduria Municipality,North 24 Pgs.,9/3/2025,22.7385817,88.7889833,30.29166667,17.48875,30.30166667,83.27791667,28.09041667,36,2025,September
Baduria Municipality,North 24 Pgs.,9/4/2025,22.7385817,88.7889833,35.95833333,20.63625,35.9325,82.58791667,29.1775,36,2025,September
Baduria Municipality,North 24 Pgs.,9/5/2025,22.7385817,88.7889833,45,25.56,45.23,86.45,28.04,36,2025,September
Baduria Municipality,North 24 Pgs.,9/8/2025,22.7385817,88.7889833,46,25.831,46.012,66.65,33.754,37,2025,September
Baduria Municipality,North 24 Pgs.,9/9/2025,22.7385817,88.7889833,49.5,27.905,49.4975,71.6,32.27375,37,2025,September
Baduria Municipality,North 24 Pgs.,9/10/2025,22.7385817,88.7889833,47,26.35375,46.95375,70.52791667,32.62625,37,2025,September
Baduria Municipality,North 24 Pgs.,9/11/2025,22.7385817,88.7889833,44.75,25.21583333,44.80166667,74.2375,32.19541667,37,2025,September
Baduria Municipality,North 24 Pgs.,9/12/2025,22.7385817,88.7889833,42,23.73625,41.92916667,76.28625,31.46208333,37,2025,September
Baduria Municipality,North 24 Pgs.,9/13/2025,22.7385817,88.7889833,39.04166667,22.05666667,38.95583333,74.96875,31.67958333,37,2025,September
Baduria Municipality,North 24 Pgs.,9/14/2025,22.7385817,88.7889833,38.33333333,21.78166667,38.29333333,78.98333333,30.30625,37,2025,September
Baduria Municipality,North 24 Pgs.,9/15/2025,22.7385817,88.7889833,39.75,22.85875,39.73833333,82.07541667,29.09291667,38,2025,September
Baduria Municipality,North 24 Pgs.,9/16/2025,22.7385817,88.7889833,40.20833333,23.215,40.28208333,79.13875,29.84208333,38,2025,September
Baduria Municipality,North 24 Pgs.,9/17/2025,22.7385817,88.7889833,42.70833333,24.40375,42.74833333,77.90083333,30.60541667,38,2025,September
Baduria Municipality,North 24 Pgs.,9/18/2025,22.7385817,88.7889833,48.25,27.29916667,48.27083333,73.50416667,31.95166667,38,2025,September
Baduria Municipality,North 24 Pgs.,9/19/2025,22.7385817,88.7889833,66.08333333,37.61041667,66.09708333,76.92916667,31.68791667,38,2025,September
Baduria Municipality,North 24 Pgs.,9/20/2025,22.7385817,88.7889833,72.16666667,41.34041667,72.11583333,82.1375,29.46708333,38,2025,September
Baduria Municipality,North 24 Pgs.,9/21/2025,22.7385817,88.7889833,82.79166667,47.49,82.83333333,78.18583333,30.75041667,38,2025,September
Baduria Municipality,North 24 Pgs.,9/22/2025,22.7385817,88.7889833,62.41666667,35.88083333,62.43583333,82.02125,29.02416667,39,2025,September
Baduria Municipality,North 24 Pgs.,9/23/2025,22.7385817,88.7889833,47.08333333,27.19458333,47.11041667,82.54958333,28.77333333,39,2025,September
Baduria Municipality,North 24 Pgs.,9/24/2025,22.7385817,88.7889833,47.41666667,27.33083333,47.47791667,77.5025,30.85708333,39,2025,September
Baduria Municipality,North 24 Pgs.,9/25/2025,22.7385817,88.7889833,47.08333333,27.13875,47.16833333,76.54625,31.33708333,39,2025,September
Baduria Municipality,North 24 Pgs.,9/26/2025,22.7385817,88.7889833,37.16666667,21.48125,37.2175,78.12166667,30.71208333,39,2025,September
Baduria Municipality,North 24 Pgs.,9/27/2025,22.7385817,88.7889833,40.16666667,22.9075,40.12,76.82291667,31.19666667,39,2025,September
Baduria Municipality,North 24 Pgs.,9/28/2025,22.7385817,88.7889833,41.75,23.70041667,41.78208333,74.76291667,31.89458333,39,2025,September
Baduria Municipality,North 24 Pgs.,9/29/2025,22.7385817,88.7889833,53.29166667,30.10208333,53.18291667,74.3075,32.1825,40,2025,September
Baduria Municipality,North 24 Pgs.,9/30/2025,22.7385817,88.7889833,62.91666667,35.73333333,62.9475,76.52625,31.40875,40,2025,September
Baduria Municipality,North 24 Pgs.,10/1/2025,22.7385817,88.7889833,49.08333333,28.18291667,49.14416667,81.86,29.38541667,40,2025,October
Baduria Municipality,North 24 Pgs.,10/2/2025,22.7385817,88.7889833,33.125,19.035,33.02875,85.05666667,28.10458333,40,2025,October
Baduria Municipality,North 24 Pgs.,10/3/2025,22.7385817,88.7889833,40.16666667,22.86541667,40.06583333,85.1775,28.30666667,40,2025,October
Baduria Municipality,North 24 Pgs.,10/4/2025,22.7385817,88.7889833,43.58333333,24.76958333,43.71291667,81.81041667,29.7825,40,2025,October
Baduria Municipality,North 24 Pgs.,10/5/2025,22.7385817,88.7889833,40.58333333,23.28958333,40.59041667,82.87916667,28.45333333,40,2025,October
Baduria Municipality,North 24 Pgs.,10/6/2025,22.7385817,88.7889833,58.875,33.6725,58.89708333,82.41375,28.54833333,41,2025,October
Baduria Municipality,North 24 Pgs.,10/7/2025,22.7385817,88.7889833,73.41666667,42.00625,73.41291667,82.24333333,28.24583333,41,2025,October
Baduria Municipality,North 24 Pgs.,10/8/2025,22.7385817,88.7889833,70.91666667,40.65333333,70.87,81.81916667,28.87625,41,2025,October
Baduria Municipality,North 24 Pgs.,10/9/2025,22.7385817,88.7889833,80.375,46.035,80.355,79.8275,29.35458333,41,2025,October
Baduria Municipality,North 24 Pgs.,10/10/2025,22.7385817,88.7889833,73.95833333,42.49708333,74.00416667,81.47833333,28.42791667,41,2025,October
Baduria Municipality,North 24 Pgs.,10/11/2025,22.7385817,88.7889833,58.625,33.75041667,58.65833333,81.3725,28.63291667,41,2025,October
Baduria Municipality,North 24 Pgs.,10/12/2025,22.7385817,88.7889833,64.75,36.65583333,64.69541667,76.21583333,29.54125,41,2025,October
Baduria Municipality,North 24 Pgs.,10/13/2025,22.7385817,88.7889833,80.29166667,45.72875,80.4625,72.45291667,29.43875,42,2025,October
Baduria Municipality,North 24 Pgs.,10/14/2025,22.7385817,88.7889833,88.75,50.58083333,88.92416667,71.57583333,29.18625,42,2025,October
Baduria Municipality,North 24 Pgs.,10/15/2025,22.7385817,88.7889833,94.66666667,54.0025,94.74,71.53541667,29.0475,42,2025,October
Baduria Municipality,North 24 Pgs.,10/16/2025,22.7385817,88.7889833,100.25,57.34916667,100.6775,72.01708333,28.72666667,42,2025,October
Baduria Municipality,North 24 Pgs.,10/17/2025,22.7385817,88.7889833,109.5416667,61.10375,107.25875,72.49041667,29.62791667,42,2025,October
Baduria Municipality,North 24 Pgs.,10/18/2025,22.7385817,88.7889833,98.16666667,55.18916667,96.67666667,73.74,30.26416667,42,2025,October
Baduria Municipality,North 24 Pgs.,10/19/2025,22.7385817,88.7889833,80.41666667,45.77333333,80.16833333,73.7525,30.4525,42,2025,October
Baduria Municipality,North 24 Pgs.,10/20/2025,22.7385817,88.7889833,88.91666667,50.42583333,88.21708333,73.93458333,30.53375,43,2025,October
Baduria Municipality,North 24 Pgs.,10/21/2025,22.7385817,88.7889833,95.125,53.61333333,93.95,72.36458333,30.42416667,43,2025,October
Baduria Municipality,North 24 Pgs.,10/22/2025,22.7385817,88.7889833,106.8333333,57.60625,101.1158333,72.44708333,30.11416667,43,2025,October
Baduria Municipality,North 24 Pgs.,10/23/2025,22.7385817,88.7889833,94.83333333,52.19208333,91.64083333,69.80208333,30.51458333,43,2025,October
Baduria Municipality,North 24 Pgs.,10/24/2025,22.7385817,88.7889833,96.20833333,54.00583333,94.94833333,71.22125,30.37541667,43,2025,October
Baduria Municipality,North 24 Pgs.,10/25/2025,22.7385817,88.7889833,99.66666667,55.59625,97.39208333,72.77916667,30.23583333,43,2025,October
Baduria Municipality,North 24 Pgs.,10/26/2025,22.7385817,88.7889833,85.625,47.825,83.92,74.15208333,30.29166667,43,2025,October
Baduria Municipality,North 24 Pgs.,10/27/2025,22.7385817,88.7889833,100.9583333,56.54416667,98.84875,73.1075,30.97333333,44,2025,October
Baduria Municipality,North 24 Pgs.,10/28/2025,22.7385817,88.7889833,78.79166667,44.45791667,77.71,75.46916667,30.21,44,2025,October
Baduria Municipality,North 24 Pgs.,10/29/2025,22.7385817,88.7889833,47.28571429,27.15,47.26428571,85.23761905,27.15809524,44,2025,October
Baduria Municipality,North 24 Pgs.,10/30/2025,22.7385817,88.7889833,40.41666667,23.25916667,40.4025,80.72208333,29.06375,44,2025,October
Baduria Municipality,North 24 Pgs.,10/31/2025,22.7385817,88.7889833,48.54166667,27.74041667,48.47333333,79.04291667,29.84541667,44,2025,October
Baduria Municipality,North 24 Pgs.,11/1/2025,22.7385817,88.7889833,43,24.54181818,42.96090909,83.56545455,28.14090909,44,2025,November
Baduria Municipality,North 24 Pgs.,11/2/2025,22.7385817,88.7889833,53.40909091,30.525,53.52,77.86,27.515,44,2025,November
Baduria Municipality,North 24 Pgs.,11/3/2025,22.7385817,88.7889833,91.95833333,49.91833333,87.50541667,73.43708333,27.40291667,45,2025,November
Baduria Municipality,North 24 Pgs.,11/4/2025,22.7385817,88.7889833,172.9583333,81.87375,142.9504167,76.4425,26.81041667,45,2025,November
Baduria Municipality,North 24 Pgs.,11/5/2025,22.7385817,88.7889833,172.7083333,81.76166667,142.6945833,72.18,27.61,45,2025,November
Baduria Municipality,North 24 Pgs.,11/6/2025,22.7385817,88.7889833,166.625,79.8825,139.6820833,74.97625,28.03458333,45,2025,November
Baduria Municipality,North 24 Pgs.,11/7/2025,22.7385817,88.7889833,139.375,70.90166667,124.10375,72.61875,28.59958333,45,2025,November
Baduria Municipality,North 24 Pgs.,11/8/2025,22.7385817,88.7889833,92.79166667,52.33416667,92.31583333,62.24291667,26.9775,45,2025,November
Baduria Municipality,North 24 Pgs.,11/9/2025,22.7385817,88.7889833,88.91666667,50.33041667,88.92833333,63.22083333,25.42333333,45,2025,November
Baduria Municipality,North 24 Pgs.,11/10/2025,22.7385817,88.7889833,126.4166667,67.60625,118.8679167,68.72916667,25.37083333,46,2025,November
Baduria Municipality,North 24 Pgs.,11/11/2025,22.7385817,88.7889833,120.375,64.70791667,113.8583333,66.14,24.67875,46,2025,November
Baduria Municipality,North 24 Pgs.,11/12/2025,22.7385817,88.7889833,141.0833333,72.28916667,126.9641667,66.08375,23.90291667,46,2025,November
Baduria Municipality,North 24 Pgs.,11/13/2025,22.7385817,88.7889833,150.875,74.91291667,131.2941667,68.01958333,23.88916667,46,2025,November
Baduria Municipality,North 24 Pgs.,11/14/2025,22.7385817,88.7889833,128.3333333,67.34791667,118.2241667,68.05625,24.03708333,46,2025,November
Baduria Municipality,North 24 Pgs.,11/15/2025,22.7385817,88.7889833,121.4166667,65.9625,115.7495833,70.06708333,24.23333333,46,2025,November
Baduria Municipality,North 24 Pgs.,11/16/2025,22.7385817,88.7889833,127.875,68.21791667,119.63875,69.5975,23.99708333,46,2025,November
Baduria Municipality,North 24 Pgs.,11/17/2025,22.7385817,88.7889833,122.8333333,64.1875,112.8516667,70.65333333,24.18125,47,2025,November
Baduria Municipality,North 24 Pgs.,11/18/2025,22.7385817,88.7889833,85.54166667,48.76958333,86.20666667,70.275,24.13833333,47,2025,November
Baduria Municipality,North 24 Pgs.,11/19/2025,22.7385817,88.7889833,79.16666667,44.73083333,79.43666667,68.93583333,24.82,47,2025,November
Baduria Municipality,North 24 Pgs.,11/20/2025,22.7385817,88.7889833,96.29166667,53.64583333,94.94583333,68.90291667,24.96208333,47,2025,November
Baduria Municipality,North 24 Pgs.,11/21/2025,22.7385817,88.7889833,120.0416667,64.25541667,113.1879167,70.4425,24.23041667,47,2025,November
Baduria Municipality,North 24 Pgs.,11/22/2025,22.7385817,88.7889833,159.75,77.83,136.8329167,71.49291667,23.73916667,47,2025,November
Baduria Municipality,North 24 Pgs.,11/23/2025,22.7385817,88.7889833,145.375,73.32291667,128.5695833,71.67875,23.65833333,47,2025,November
Baduria Municipality,North 24 Pgs.,11/24/2025,22.7385817,88.7889833,164.5416667,79.35083333,139.0766667,68.8025,23.21333333,48,2025,November
Baduria Municipality,North 24 Pgs.,11/25/2025,22.7385817,88.7889833,177.2916667,83.1825,146.3133333,68.86208333,22.24208333,48,2025,November
Baduria Municipality,North 24 Pgs.,11/26/2025,22.7385817,88.7889833,165.5833333,79.66333333,140.7775,69.33041667,22.11708333,48,2025,November
Baduria Municipality,North 24 Pgs.,11/27/2025,22.7385817,88.7889833,115.6666667,60.83208333,107.22625,70.41125,22.83708333,48,2025,November
Baduria Municipality,North 24 Pgs.,11/28/2025,22.7385817,88.7889833,97.54166667,54.58791667,96.41083333,69.55416667,23.4325,48,2025,November
Baduria Municipality,North 24 Pgs.,11/29/2025,22.7385817,88.7889833,114.5833333,62.16291667,109.5966667,71.18708333,23.07666667,48,2025,November
Baduria Municipality,North 24 Pgs.,11/30/2025,22.7385817,88.7889833,140.5,71.58083333,125.8116667,71.91291667,22.87416667,48,2025,November
Baduria Municipality,North 24 Pgs.,12/1/2025,22.7385817,88.7889833,160,78.02,136.41,82.22,20.18,49,2025,December
Bagberia Mouza,North 24 Pgs.,8/31/2025,22.674252,88.515692,72.75,38.28666667,69.79125,74.845,31.34416667,35,2025,August
Bagberia Mouza,North 24 Pgs.,9/1/2025,22.674252,88.515692,93.83333333,47,85.8725,74.34208333,32.505,36,2025,September
Bagberia Mouza,North 24 Pgs.,9/2/2025,22.674252,88.515692,38.68181818,20.81363636,38.61272727,82.27181818,28.445,36,2025,September
Bagberia Mouza,North 24 Pgs.,9/3/2025,22.674252,88.515692,36.79166667,19.98666667,36.7625,82.48708333,28.12166667,36,2025,September
Bagberia Mouza,North 24 Pgs.,9/4/2025,22.674252,88.515692,44.20833333,24.01791667,44.3025,79.5875,29.31291667,36,2025,September
Bagberia Mouza,North 24 Pgs.,9/5/2025,22.674252,88.515692,67.16666667,35.99916667,66.70833333,76.875,30.4,36,2025,September
Bagberia Mouza,North 24 Pgs.,9/6/2025,22.674252,88.515692,71.875,38.48541667,71.72375,73.58125,31.63708333,36,2025,September
Bagberia Mouza,North 24 Pgs.,9/7/2025,22.674252,88.515692,67.29166667,36.50708333,67.22083333,72.83208333,31.54666667,36,2025,September
Bagberia Mouza,North 24 Pgs.,9/8/2025,22.674252,88.515692,66.83333333,35.78083333,66.93375,71.26666667,31.87458333,37,2025,September
Bagberia Mouza,North 24 Pgs.,9/9/2025,22.674252,88.515692,68.95833333,37.41125,69.03958333,71.37291667,31.97166667,37,2025,September
Bagberia Mouza,North 24 Pgs.,9/10/2025,22.674252,88.515692,69.33333333,37.57458333,69.385,70.8425,32.39,37,2025,September
Bagberia Mouza,North 24 Pgs.,9/11/2025,22.674252,88.515692,59.375,32.08583333,59.42,72.37833333,32.07208333,37,2025,September
Bagberia Mouza,North 24 Pgs.,9/12/2025,22.674252,88.515692,54.875,29.47,54.82375,75.08291667,31.0675,37,2025,September
Bagberia Mouza,North 24 Pgs.,9/13/2025,22.674252,88.515692,53.5,28.80166667,53.55625,73.70916667,31.14708333,37,2025,September
Bagberia Mouza,North 24 Pgs.,9/14/2025,22.674252,88.515692,54.79166667,29.37291667,54.84291667,79.68916667,29.625,37,2025,September
Bagberia Mouza,North 24 Pgs.,9/15/2025,22.674252,88.515692,53.125,28.74458333,53.1425,78.7225,29.24125,38,2025,September
Bagberia Mouza,North 24 Pgs.,9/16/2025,22.674252,88.515692,58,31.29916667,58.08041667,81.93625,28.4675,38,2025,September
Bagberia Mouza,North 24 Pgs.,9/17/2025,22.674252,88.515692,60.20833333,32.40166667,60.28166667,79.10041667,29.35166667,38,2025,September
Bagberia Mouza,North 24 Pgs.,9/18/2025,22.674252,88.515692,63.33333333,34.23125,63.30041667,74.53375,31.365,38,2025,September
Bagberia Mouza,North 24 Pgs.,9/19/2025,22.674252,88.515692,95.41666667,50.7575,91.58416667,75.01625,31.66958333,38,2025,September
Bagberia Mouza,North 24 Pgs.,9/20/2025,22.674252,88.515692,103.375,57.1675,102.86375,80.42958333,29.3125,38,2025,September
Bagberia Mouza,North 24 Pgs.,9/21/2025,22.674252,88.515692,134.3333333,68.9775,122.73125,75.79916667,30.87375,38,2025,September
Bagberia Mouza,North 24 Pgs.,9/22/2025,22.674252,88.515692,99.95833333,53.2825,95.8875,78.07208333,29.49708333,39,2025,September
Bagberia Mouza,North 24 Pgs.,9/23/2025,22.674252,88.515692,75.04166667,41.08833333,73.72416667,81.45958333,28.55125,39,2025,September
Bagberia Mouza,North 24 Pgs.,9/24/2025,22.674252,88.515692,78.375,42.76291667,77.01291667,76.19541667,30.55166667,39,2025,September
Bagberia Mouza,North 24 Pgs.,9/25/2025,22.674252,88.515692,73.16666667,40.74875,73.5075,74.57958333,31.58791667,39,2025,September
Bagberia Mouza,North 24 Pgs.,9/26/2025,22.674252,88.515692,51.375,27.92708333,51.37583333,77.28333333,30.3125,39,2025,September
Bagberia Mouza,North 24 Pgs.,9/27/2025,22.674252,88.515692,52.79166667,28.46208333,52.7675,77.28375,30.22458333,39,2025,September
Bagberia Mouza,North 24 Pgs.,9/28/2025,22.674252,88.515692,55.08333333,29.66166667,55.07958333,74.61666667,31.24041667,39,2025,September
Bagberia Mouza,North 24 Pgs.,9/29/2025,22.674252,88.515692,89.79166667,44.81375,81.66166667,72.74541667,32.24166667,40,2025,September
Bagberia Mouza,North 24 Pgs.,9/30/2025,22.674252,88.515692,101.625,51.28166667,92.75375,73.11416667,32.00041667,40,2025,September
Bagberia Mouza,North 24 Pgs.,10/1/2025,22.674252,88.515692,65.95833333,35.32791667,64.82166667,75.87375,30.2175,40,2025,October
Bagberia Mouza,North 24 Pgs.,10/2/2025,22.674252,88.515692,40.04166667,21.76833333,40.13375,83.24,28.32333333,40,2025,October
Bagberia Mouza,North 24 Pgs.,10/3/2025,22.674252,88.515692,52.29166667,28.05708333,52.28166667,84.2625,28.42375,40,2025,October
Bagberia Mouza,North 24 Pgs.,10/4/2025,22.674252,88.515692,56.83333333,30.25833333,56.83416667,79.93458333,29.50125,40,2025,October
Bagberia Mouza,North 24 Pgs.,10/5/2025,22.674252,88.515692,56.95833333,30.61958333,56.95875,80.85666667,28.055,40,2025,October
Bagberia Mouza,North 24 Pgs.,10/6/2025,22.674252,88.515692,106.5833333,54.83541667,99.09583333,79.6125,28.62625,41,2025,October
Bagberia Mouza,North 24 Pgs.,10/7/2025,22.674252,88.515692,96.95833333,53.18583333,95.98666667,78.08958333,29.04833333,41,2025,October
Bagberia Mouza,North 24 Pgs.,10/8/2025,22.674252,88.515692,110.125,59.57291667,106.9191667,78.27583333,29.07666667,41,2025,October
Bagberia Mouza,North 24 Pgs.,10/9/2025,22.674252,88.515692,144.2916667,72.41666667,128.8016667,76.76458333,29.5475,41,2025,October
Bagberia Mouza,North 24 Pgs.,10/10/2025,22.674252,88.515692,124.6363636,64.52636364,115.5031818,78.945,28.96954545,41,2025,October
Bagberia Mouza,North 24 Pgs.,10/11/2025,22.674252,88.515692,104.7083333,53.10041667,97.74791667,79.2675,28.71833333,41,2025,October
Bagberia Mouza,North 24 Pgs.,10/12/2025,22.674252,88.515692,121.9583333,59.49375,111.3108333,75.20916667,29.42666667,41,2025,October
Bagberia Mouza,North 24 Pgs.,10/13/2025,22.674252,88.515692,134.875,67.07041667,123.9854167,71.85333333,29.295,42,2025,October
Bagberia Mouza,North 24 Pgs.,10/14/2025,22.674252,88.515692,149.375,73.35833333,135.2254167,70.39125,29.14583333,42,2025,October
Bagberia Mouza,North 24 Pgs.,10/15/2025,22.674252,88.515692,156,75.8825,138.9583333,69.55875,28.73291667,42,2025,October
Bagberia Mouza,North 24 Pgs.,10/16/2025,22.674252,88.515692,179.0416667,84.17083333,153.6141667,71.05208333,28.20958333,42,2025,October
Bagberia Mouza,North 24 Pgs.,10/17/2025,22.674252,88.515692,204.6666667,93.79166667,171.0766667,72.32958333,28.73125,42,2025,October
Bagberia Mouza,North 24 Pgs.,10/18/2025,22.674252,88.515692,186.5,88.82416667,160.5795833,72.95625,29.82041667,42,2025,October
Bagberia Mouza,North 24 Pgs.,10/19/2025,22.674252,88.515692,138.75,69.76666667,126.4008333,73.46375,30.26916667,42,2025,October
Bagberia Mouza,North 24 Pgs.,10/20/2025,22.674252,88.515692,155.625,74.66333333,134.7504167,72.56708333,30.49708333,43,2025,October
Bagberia Mouza,North 24 Pgs.,10/21/2025,22.674252,88.515692,193.1666667,88.00375,157.8295833,71.32208333,30.17541667,43,2025,October
Bagberia Mouza,North 24 Pgs.,10/22/2025,22.674252,88.515692,193.25,90.85416667,163.9041667,71.78833333,29.58833333,43,2025,October
Bagberia Mouza,North 24 Pgs.,10/23/2025,22.674252,88.515692,204.8333333,93.15333333,168.54875,69.22416667,30.03458333,43,2025,October
Bagberia Mouza,North 24 Pgs.,10/24/2025,22.674252,88.515692,206.25,97.21625,175.3483333,72.41958333,29.565,43,2025,October
Bagberia Mouza,North 24 Pgs.,10/25/2025,22.674252,88.515692,185.1666667,85.54125,154.9829167,72.44958333,29.68125,43,2025,October
Bagberia Mouza,North 24 Pgs.,10/26/2025,22.674252,88.515692,159.9166667,76.92166667,138.79,73.66541667,29.85625,43,2025,October
Bagberia Mouza,North 24 Pgs.,10/27/2025,22.674252,88.515692,174.7083333,80.92541667,144.67125,72.83125,30.27291667,44,2025,October
Bagberia Mouza,North 24 Pgs.,10/28/2025,22.674252,88.515692,132.5416667,63.79208333,114.15,77.96208333,29.04625,44,2025,October
Bagberia Mouza,North 24 Pgs.,10/29/2025,22.674252,88.515692,64.20833333,34.36125,64.26791667,87.26,26.58666667,44,2025,October
Bagberia Mouza,North 24 Pgs.,10/30/2025,22.674252,88.515692,67.83333333,34.95625,64.15166667,81.02625,28.21583333,44,2025,October
Bagberia Mouza,North 24 Pgs.,10/31/2025,22.674252,88.515692,70.95833333,38.36208333,70.635,76.97541667,29.17958333,44,2025,October
Bagberia Mouza,North 24 Pgs.,11/1/2025,22.674252,88.515692,84.70833333,44.97791667,82.22708333,75.945,29.49875,44,2025,November
Bagberia Mouza,North 24 Pgs.,11/2/2025,22.674252,88.515692,89.29166667,44.90208333,82.275,75.09791667,27.19458333,44,2025,November
Bagberia Mouza,North 24 Pgs.,11/3/2025,22.674252,88.515692,157.5416667,75.54666667,137.39375,70.49916667,27.07041667,45,2025,November
Bagberia Mouza,North 24 Pgs.,11/4/2025,22.674252,88.515692,293.4166667,132.0966667,235.59875,73.9175,26.28541667,45,2025,November
Bagberia Mouza,North 24 Pgs.,11/5/2025,22.674252,88.515692,292.4583333,130.4095833,211.0504167,70.76,27.02958333,45,2025,November
Bagberia Mouza,North 24 Pgs.,11/6/2025,22.674252,88.515692,266.25,122.13375,158.8625,74.3925,27.65375,45,2025,November
Bagberia Mouza,North 24 Pgs.,11/7/2025,22.674252,88.515692,267.3333333,113.9233333,144.1141667,70.5325,28.23666667,45,2025,November
Bagberia Mouza,North 24 Pgs.,11/8/2025,22.674252,88.515692,162.25,78.09791667,109.27875,61.05916667,26.62916667,45,2025,November
Bagberia Mouza,North 24 Pgs.,11/9/2025,22.674252,88.515692,169.875,84.28416667,121.2245833,61.21541667,25.19791667,45,2025,November
Bagberia Mouza,North 24 Pgs.,11/10/2025,22.674252,88.515692,247.75,108.77375,153.0933333,66.135,25.02666667,46,2025,November
Bagberia Mouza,North 24 Pgs.,11/11/2025,22.674252,88.515692,240.4583333,107.29625,154.8658333,64.39375,24.32833333,46,2025,November
Bagberia Mouza,North 24 Pgs.,11/12/2025,22.674252,88.515692,276.2916667,121.3016667,178.9425,64.93875,23.50458333,46,2025,November
Bagberia Mouza,North 24 Pgs.,11/13/2025,22.674252,88.515692,251.5,110.9604167,166.6083333,67.48666667,23.12041667,46,2025,November
Bagberia Mouza,North 24 Pgs.,11/14/2025,22.674252,88.515692,235.0833333,104.5466667,156.9383333,68.17458333,23.44125,46,2025,November
Bagberia Mouza,North 24 Pgs.,11/15/2025,22.674252,88.515692,215,97.07958333,142.97375,68.52083333,23.56,46,2025,November
Bagberia Mouza,North 24 Pgs.,11/16/2025,22.674252,88.515692,237.0416667,104.3116667,152.1141667,67.96916667,23.52,46,2025,November
Bagberia Mouza,North 24 Pgs.,11/17/2025,22.674252,88.515692,215.5416667,96.39333333,140.6025,68.97583333,23.90916667,47,2025,November
Bagberia Mouza,North 24 Pgs.,11/18/2025,22.674252,88.515692,173.75,82.08583333,123.8066667,68.70208333,24.05875,47,2025,November
Bagberia Mouza,North 24 Pgs.,11/19/2025,22.674252,88.515692,162.375,75.945,114.51125,66.85083333,24.68625,47,2025,November
Bagberia Mouza,North 24 Pgs.,11/20/2025,22.674252,88.515692,190.2916667,93.23791667,139.785,67.14708333,24.72875,47,2025,November
Bagberia Mouza,North 24 Pgs.,11/21/2025,22.674252,88.515692,240.0416667,109.4991667,162.0558333,69.10625,24.08083333,47,2025,November
Bagberia Mouza,North 24 Pgs.,11/22/2025,22.674252,88.515692,295.9166667,130.7175,190.76,70.80083333,23.52208333,47,2025,November
Bagberia Mouza,North 24 Pgs.,11/23/2025,22.674252,88.515692,279.7916667,126.5420833,183.9070833,70.33583333,23.44625,47,2025,November
Bagberia Mouza,North 24 Pgs.,11/24/2025,22.674252,88.515692,217.3333333,98.06291667,138.4879167,68.65666667,22.755,48,2025,November
Bagberia Mouza,North 24 Pgs.,11/25/2025,22.674252,88.515692,53.29166667,31.93833333,46.87,67.11291667,21.87416667,48,2025,November
Bagberia Mouza,North 24 Pgs.,11/26/2025,22.674252,88.515692,52.5,31.22416667,47.55458333,65.195,21.94583333,48,2025,November
Bagberia Mouza,North 24 Pgs.,11/27/2025,22.674252,88.515692,43.5,25.99541667,35.36458333,68.02208333,22.75666667,48,2025,November
Bagberia Mouza,North 24 Pgs.,11/28/2025,22.674252,88.515692,42.45833333,25.50416667,34.18958333,67.19291667,23.20416667,48,2025,November
Bagberia Mouza,North 24 Pgs.,11/29/2025,22.674252,88.515692,48.91666667,29.30666667,40.75916667,69.70791667,22.84083333,48,2025,November
Bagberia Mouza,North 24 Pgs.,11/30/2025,22.674252,88.515692,51.41666667,30.82291667,43.71083333,69.95125,22.9375,48,2025,November
Bagberia Mouza,North 24 Pgs.,12/1/2025,22.674252,88.515692,58,34.66,45.55,80.35,19.26,49,2025,December
Bamanghata G.P,North 24 Pgs.,8/31/2025,22.5197963,88.466187,58.29166667,29.00208333,58.325,74.67541667,32.80166667,35,2025,August
Bamanghata G.P,North 24 Pgs.,9/1/2025,22.5197963,88.466187,81.75,42.335,82.02791667,75.82708333,33.33375,36,2025,September
Bamanghata G.P,North 24 Pgs.,9/2/2025,22.5197963,88.466187,44.54166667,23.71791667,44.63958333,88.825,28.94791667,36,2025,September
Bamanghata G.P,North 24 Pgs.,9/3/2025,22.5197963,88.466187,41,22.13875,40.95625,90.45916667,28.51916667,36,2025,September
Bamanghata G.P,North 24 Pgs.,9/4/2025,22.5197963,88.466187,48.70833333,25.69708333,48.68708333,85.69458333,30.17958333,36,2025,September
Bamanghata G.P,North 24 Pgs.,9/5/2025,22.5197963,88.466187,72.45833333,37.84875,72.525,81.2225,31.35291667,36,2025,September
Bamanghata G.P,North 24 Pgs.,9/6/2025,22.5197963,88.466187,75.66666667,38.39166667,75.755,75.02541667,32.79833333,36,2025,September
Bamanghata G.P,North 24 Pgs.,9/7/2025,22.5197963,88.466187,72.5,36.48416667,72.51833333,75.38166667,32.63875,36,2025,September
Bamanghata G.P,North 24 Pgs.,9/8/2025,22.5197963,88.466187,77.125,36.78041667,77.455,72.04875,32.87125,37,2025,September
Bamanghata G.P,North 24 Pgs.,9/9/2025,22.5197963,88.466187,78.5,38.49666667,78.42625,73.78625,32.91458333,37,2025,September
Bamanghata G.P,North 24 Pgs.,9/10/2025,22.5197963,88.466187,77.95833333,37.64375,78.2625,71.55833333,33.425,37,2025,September
Bamanghata G.P,North 24 Pgs.,9/11/2025,22.5197963,88.466187,68.58333333,33.61333333,68.68083333,73.93958333,32.97708333,37,2025,September
Bamanghata G.P,North 24 Pgs.,9/12/2025,22.5197963,88.466187,68.125,32.44,68.18916667,77.835,32.385,37,2025,September
Bamanghata G.P,North 24 Pgs.,9/13/2025,22.5197963,88.466187,58.75,28.90458333,58.73,77.04833333,32.12666667,37,2025,September
Bamanghata G.P,North 24 Pgs.,9/14/2025,22.5197963,88.466187,53.95833333,28.33083333,53.97083333,85.25375,30.40666667,37,2025,September
Bamanghata G.P,North 24 Pgs.,9/15/2025,22.5197963,88.466187,57.58333333,29.6225,57.53708333,83.58,30.4375,38,2025,September
Bamanghata G.P,North 24 Pgs.,9/16/2025,22.5197963,88.466187,59.04166667,31.26083333,59.05,85.3725,29.85333333,38,2025,September
Bamanghata G.P,North 24 Pgs.,9/17/2025,22.5197963,88.466187,64.125,34.75,64.12208333,84.89791667,30.30916667,38,2025,September
Bamanghata G.P,North 24 Pgs.,9/18/2025,22.5197963,88.466187,63.20833333,34.48416667,63.37041667,76.04958333,32.58,38,2025,September
Bamanghata G.P,North 24 Pgs.,9/19/2025,22.5197963,88.466187,85.5,47.17833333,85.97166667,78.14958333,32.68666667,38,2025,September
Bamanghata G.P,North 24 Pgs.,9/20/2025,22.5197963,88.466187,79.20833333,43.46,79.75916667,85.26541667,30.26833333,38,2025,September
Bamanghata G.P,North 24 Pgs.,9/21/2025,22.5197963,88.466187,109.7916667,59.04875,106.8020833,79.58666667,31.80083333,38,2025,September
Bamanghata G.P,North 24 Pgs.,9/22/2025,22.5197963,88.466187,85.25,46.55083333,84.86583333,84.0925,30.08958333,39,2025,September
Bamanghata G.P,North 24 Pgs.,9/23/2025,22.5197963,88.466187,58.66666667,32.70916667,58.72708333,89.77708333,28.84,39,2025,September
Bamanghata G.P,North 24 Pgs.,9/24/2025,22.5197963,88.466187,65.58333333,35.70083333,65.55416667,81.14166667,31.13666667,39,2025,September
Bamanghata G.P,North 24 Pgs.,9/25/2025,22.5197963,88.466187,66.04166667,35.29708333,66.06125,76.76625,32.30541667,39,2025,September
Bamanghata G.P,North 24 Pgs.,9/26/2025,22.5197963,88.466187,54,29.28166667,53.97708333,82.87916667,30.92166667,39,2025,September
Bamanghata G.P,North 24 Pgs.,9/27/2025,22.5197963,88.466187,54.20833333,29.20916667,54.21125,77.84041667,32.02333333,39,2025,September
Bamanghata G.P,North 24 Pgs.,9/28/2025,22.5197963,88.466187,54.70833333,28.85625,54.69958333,76.79916667,32.58875,39,2025,September
Bamanghata G.P,North 24 Pgs.,9/29/2025,22.5197963,88.466187,61.79166667,32.74708333,61.87083333,73.27333333,33.09625,40,2025,September
Bamanghata G.P,North 24 Pgs.,9/30/2025,22.5197963,88.466187,76.70833333,41.16375,76.89708333,74.05916667,32.83833333,40,2025,September
Bamanghata G.P,North 24 Pgs.,10/1/2025,22.5197963,88.466187,59.66666667,31.93333333,59.62875,80.23916667,30.78666667,40,2025,October
Bamanghata G.P,North 24 Pgs.,10/2/2025,22.5197963,88.466187,39.04166667,21.68208333,39.08708333,91.16666667,28.63166667,40,2025,October
Bamanghata G.P,North 24 Pgs.,10/3/2025,22.5197963,88.466187,49.83333333,27.45875,49.81875,90.185,29.08416667,40,2025,October
Bamanghata G.P,North 24 Pgs.,10/4/2025,22.5197963,88.466187,60.25,33.27083333,60.34666667,86.9875,30.15458333,40,2025,October
Bamanghata G.P,North 24 Pgs.,10/5/2025,22.5197963,88.466187,75.75,42.2675,75.6475,95.7975,27.9675,40,2025,October
Bamanghata G.P,North 24 Pgs.,10/6/2025,22.5197963,88.466187,93,52.66,94.75875,85.09625,29.4925,41,2025,October
Bamanghata G.P,North 24 Pgs.,10/7/2025,22.5197963,88.466187,87.5,48.95208333,88.00958333,81.33916667,30.29666667,41,2025,October
Bamanghata G.P,North 24 Pgs.,10/8/2025,22.5197963,88.466187,94.5,52.28208333,93.53541667,84.46083333,29.74875,41,2025,October
Bamanghata G.P,North 24 Pgs.,10/9/2025,22.5197963,88.466187,92.91666667,51.67333333,92.45916667,81.13375,30.10166667,41,2025,October
Bamanghata G.P,North 24 Pgs.,10/10/2025,22.5197963,88.466187,98.16666667,54.48125,96.92375,83.78291667,29.36041667,41,2025,October
Bamanghata G.P,North 24 Pgs.,10/11/2025,22.5197963,88.466187,84.125,45.6,84.40833333,82.13041667,29.625,41,2025,October
Bamanghata G.P,North 24 Pgs.,10/12/2025,22.5197963,88.466187,106.6666667,55.32791667,104.60875,80.5725,29.38541667,41,2025,October
Bamanghata G.P,North 24 Pgs.,10/13/2025,22.5197963,88.466187,131.25,66.95375,126.3141667,75.98833333,29.5325,42,2025,October
Bamanghata G.P,North 24 Pgs.,10/14/2025,22.5197963,88.466187,117.8333333,63.55583333,121.6483333,71.07375,29.70041667,42,2025,October
Bamanghata G.P,North 24 Pgs.,10/15/2025,22.5197963,88.466187,126.25,66.31833333,124.8491667,69.29791667,29.38375,42,2025,October
Bamanghata G.P,North 24 Pgs.,10/16/2025,22.5197963,88.466187,173.8333333,82.72458333,155.0966667,73.23791667,28.68875,42,2025,October
Bamanghata G.P,North 24 Pgs.,10/17/2025,22.5197963,88.466187,202.7083333,90.98333333,170.8908333,75.04541667,29.37458333,42,2025,October
Bamanghata G.P,North 24 Pgs.,10/18/2025,22.5197963,88.466187,169.5833333,79.72166667,148.97375,76.52708333,30.03666667,42,2025,October
Bamanghata G.P,North 24 Pgs.,10/19/2025,22.5197963,88.466187,124.2916667,64.09208333,118.5404167,78.5575,30.16125,42,2025,October
Bamanghata G.P,North 24 Pgs.,10/20/2025,22.5197963,88.466187,172.7916667,79.83583333,147.38875,78.34916667,30.59041667,43,2025,October
Bamanghata G.P,North 24 Pgs.,10/21/2025,22.5197963,88.466187,174.625,82.05,150.4020833,74.09083333,30.52458333,43,2025,October
Bamanghata G.P,North 24 Pgs.,10/22/2025,22.5197963,88.466187,182.0416667,84.4025,155.5025,75.27291667,30.06041667,43,2025,October
Bamanghata G.P,North 24 Pgs.,10/23/2025,22.5197963,88.466187,179.5833333,80.45333333,148.95,73.40208333,30.36083333,43,2025,October
Bamanghata G.P,North 24 Pgs.,10/24/2025,22.5197963,88.466187,167.9166667,78.77041667,145.0958333,75.34708333,30.22625,43,2025,October
Bamanghata G.P,North 24 Pgs.,10/25/2025,22.5197963,88.466187,161.0416667,76.20708333,143.1691667,75.09958333,30.30083333,43,2025,October
Bamanghata G.P,North 24 Pgs.,10/26/2025,22.5197963,88.466187,144.8333333,71.48416667,131.7475,78.23875,30.1725,43,2025,October
Bamanghata G.P,North 24 Pgs.,10/27/2025,22.5197963,88.466187,183.75,83.83125,154.8479167,77.79,30.89083333,44,2025,October
Bamanghata G.P,North 24 Pgs.,10/28/2025,22.5197963,88.466187,118.5833333,56.61666667,102.37875,81.605,30.02958333,44,2025,October
Bamanghata G.P,North 24 Pgs.,10/29/2025,22.5197963,88.466187,70.08333333,38.68458333,70.03416667,96.94375,27.0625,44,2025,October
Bamanghata G.P,North 24 Pgs.,10/30/2025,22.5197963,88.466187,61,33.2525,60.87083333,87.6875,28.55791667,44,2025,October
Bamanghata G.P,North 24 Pgs.,10/31/2025,22.5197963,88.466187,64.66666667,35.5175,64.69791667,82.74916667,29.74708333,44,2025,October
Bamanghata G.P,North 24 Pgs.,11/1/2025,22.5197963,88.466187,81.70833333,45.595,81.83041667,83.41833333,29.8325,44,2025,November
Bamanghata G.P,North 24 Pgs.,11/2/2025,22.5197963,88.466187,60.83333333,33.22583333,60.83458333,79.86083333,27.51625,44,2025,November
Bamanghata G.P,North 24 Pgs.,11/3/2025,22.5197963,88.466187,121.25,61.45375,111.62125,73.40583333,27.54041667,45,2025,November
Bamanghata G.P,North 24 Pgs.,11/4/2025,22.5197963,88.466187,291.2083333,122.8,217.75125,80.42083333,26.28041667,45,2025,November
Bamanghata G.P,North 24 Pgs.,11/5/2025,22.5197963,88.466187,279.9166667,125.01125,200.2008333,77.15083333,26.92875,45,2025,November
Bamanghata G.P,North 24 Pgs.,11/6/2025,22.5197963,88.466187,224.0416667,100.5458333,133.2958333,80.38041667,27.45375,45,2025,November
Bamanghata G.P,North 24 Pgs.,11/7/2025,22.5197963,88.466187,208.5833333,92.54083333,118.2775,74.65916667,28.32541667,45,2025,November
Bamanghata G.P,North 24 Pgs.,11/8/2025,22.5197963,88.466187,93.75,55.04166667,76.39666667,57.97041667,27.26458333,45,2025,November
Bamanghata G.P,North 24 Pgs.,11/9/2025,22.5197963,88.466187,118.0416667,63.24666667,87.71166667,64.1775,25.15,45,2025,November
Bamanghata G.P,North 24 Pgs.,11/10/2025,22.5197963,88.466187,199.5416667,93.39125,127.5695833,71.28791667,25.03166667,46,2025,November
Bamanghata G.P,North 24 Pgs.,11/11/2025,22.5197963,88.466187,188.2083333,86.89583333,119.9329167,69.46083333,24.33333333,46,2025,November
Bamanghata G.P,North 24 Pgs.,11/12/2025,22.5197963,88.466187,238.75,105.37875,148.86875,70.95208333,23.36875,46,2025,November
Bamanghata G.P,North 24 Pgs.,11/13/2025,22.5197963,88.466187,215.2916667,98.76,139.0879167,72.58833333,23.94291667,46,2025,November
Bamanghata G.P,North 24 Pgs.,11/14/2025,22.5197963,88.466187,169.9583333,81.08708333,111.23375,72.2925,23.99166667,46,2025,November
Bamanghata G.P,North 24 Pgs.,11/15/2025,22.5197963,88.466187,144.0833333,73.21916667,98.04458333,72.90625,24.52041667,46,2025,November
Bamanghata G.P,North 24 Pgs.,11/16/2025,22.5197963,88.466187,153.2083333,75.98375,103.2725,70.74041667,24.5775,46,2025,November
Bamanghata G.P,North 24 Pgs.,11/17/2025,22.5197963,88.466187,145.8333333,73.42583333,102.23875,69.48833333,25.13583333,47,2025,November
Bamanghata G.P,North 24 Pgs.,11/18/2025,22.5197963,88.466187,137.375,68.80916667,94.77416667,71.1175,25.36833333,47,2025,November
Bamanghata G.P,North 24 Pgs.,11/19/2025,22.5197963,88.466187,94,55.25708333,74.49666667,69.01541667,26.17208333,47,2025,November
Bamanghata G.P,North 24 Pgs.,11/20/2025,22.5197963,88.466187,150.5833333,74.145,100.15125,67.11375,26.32541667,47,2025,November
Bamanghata G.P,North 24 Pgs.,11/21/2025,22.5197963,88.466187,157.875,77.32291667,103.6645833,70.67208333,25.66416667,47,2025,November
Bamanghata G.P,North 24 Pgs.,11/22/2025,22.5197963,88.466187,229.9166667,99.09291667,131.2729167,71.7425,25.21916667,47,2025,November
Bamanghata G.P,North 24 Pgs.,11/23/2025,22.5197963,88.466187,226.4166667,101.9191667,135.1554167,72.27416667,25.18916667,47,2025,November
Bamanghata G.P,North 24 Pgs.,11/24/2025,22.5197963,88.466187,190.0416667,87,119.0754167,68.89458333,24.35583333,48,2025,November
Bamanghata G.P,North 24 Pgs.,11/25/2025,22.5197963,88.466187,221.5833333,98.27708333,138.5670833,65.92708333,23.75791667,48,2025,November
Bamanghata G.P,North 24 Pgs.,11/26/2025,22.5197963,88.466187,179.9583333,83.99375,119.025,62.14166667,23.80333333,48,2025,November
Bamanghata G.P,North 24 Pgs.,11/27/2025,22.5197963,88.466187,134.2916667,68.59625,97.05166667,68.79208333,24.33458333,48,2025,November
Bamanghata G.P,North 24 Pgs.,11/28/2025,22.5197963,88.466187,125.7083333,66.50166667,91.93791667,68.315,25.01208333,48,2025,November
Bamanghata G.P,North 24 Pgs.,11/29/2025,22.5197963,88.466187,159.5833333,77.68708333,108.6058333,68.00208333,24.69666667,48,2025,November
Bamanghata G.P,North 24 Pgs.,11/30/2025,22.5197963,88.466187,189.5,87.30083333,119.0604167,70.75875,24.40333333,48,2025,November
Bamanghata G.P,North 24 Pgs.,12/1/2025,22.5197963,88.466187,210,93.06,124.36,87.17,21.17,49,2025,December
"Bandipur G.P, (Iswaripur)",North 24 Pgs.,8/31/2025,22.7358,88.4102,63.625,35.09666667,63.68541667,77.945,31.15208333,35,2025,August
"Bandipur G.P, (Iswaripur)",North 24 Pgs.,9/1/2025,22.7358,88.4102,78.04166667,42.79041667,78.06708333,75.84416667,32.47208333,36,2025,September
"Bandipur G.P, (Iswaripur)",North 24 Pgs.,9/2/2025,22.7358,88.4102,46.66666667,26.10125,46.68583333,86.03875,28.50791667,36,2025,September
"Bandipur G.P, (Iswaripur)",North 24 Pgs.,9/3/2025,22.7358,88.4102,41.33333333,23.38458333,41.36125,86.50333333,28.10875,36,2025,September
"Bandipur G.P, (Iswaripur)",North 24 Pgs.,9/4/2025,22.7358,88.4102,49.75,27.5575,49.89666667,83.54458333,29.46416667,36,2025,September
"Bandipur G.P, (Iswaripur)",North 24 Pgs.,9/5/2025,22.7358,88.4102,72.45833333,38.085,72.47708333,77.12833333,31.34666667,36,2025,September
"Bandipur G.P, (Iswaripur)",North 24 Pgs.,9/6/2025,22.7358,88.4102,79.91666667,41.1125,80.16083333,73.33416667,32.15,36,2025,September
"Bandipur G.P, (Iswaripur)",North 24 Pgs.,9/7/2025,22.7358,88.4102,75.95833333,39.56666667,75.90625,73.42541667,31.89166667,36,2025,September
"Bandipur G.P, (Iswaripur)",North 24 Pgs.,9/8/2025,22.7358,88.4102,75.66666667,39.81125,75.91791667,72.28125,32.07666667,37,2025,September
"Bandipur G.P, (Iswaripur)",North 24 Pgs.,9/9/2025,22.7358,88.4102,77.54166667,40.63166667,77.90833333,71.10666667,32.44125,37,2025,September
"Bandipur G.P, (Iswaripur)",North 24 Pgs.,9/10/2025,22.7358,88.4102,71.70833333,38.60083333,71.83875,70.85,32.53458333,37,2025,September
"Bandipur G.P, (Iswaripur)",North 24 Pgs.,9/11/2025,22.7358,88.4102,71.08333333,38.8,71.15,73.20583333,32.35416667,37,2025,September
"Bandipur G.P, (Iswaripur)",North 24 Pgs.,9/12/2025,22.7358,88.4102,65.33333333,35.71166667,65.43625,77.50708333,31.24833333,37,2025,September
"Bandipur G.P, (Iswaripur)",North 24 Pgs.,9/13/2025,22.7358,88.4102,55.58333333,30.44375,55.64916667,74.01666667,31.64791667,37,2025,September
"Bandipur G.P, (Iswaripur)",North 24 Pgs.,9/14/2025,22.7358,88.4102,58.83333333,32.91541667,58.78875,84.91583333,29.13875,37,2025,September
"Bandipur G.P, (Iswaripur)",North 24 Pgs.,9/15/2025,22.7358,88.4102,58.91666667,33.01208333,58.89291667,87.19875,28.58,38,2025,September
"Bandipur G.P, (Iswaripur)",North 24 Pgs.,9/16/2025,22.7358,88.4102,66.20833333,37.48791667,66.29958333,87.66416667,28.29333333,38,2025,September
"Bandipur G.P, (Iswaripur)",North 24 Pgs.,9/17/2025,22.7358,88.4102,63.91666667,35.85041667,63.9225,80.48083333,30.02208333,38,2025,September
"Bandipur G.P, (Iswaripur)",North 24 Pgs.,9/18/2025,22.7358,88.4102,65.58333333,36.44958333,65.60083333,73.64125,32.04791667,38,2025,September
"Bandipur G.P, (Iswaripur)",North 24 Pgs.,9/19/2025,22.7358,88.4102,88.875,49.99916667,88.81875,77.54125,31.61208333,38,2025,September
"Bandipur G.P, (Iswaripur)",North 24 Pgs.,9/20/2025,22.7358,88.4102,99,55.58041667,98.04041667,85.01958333,29.42541667,38,2025,September
"Bandipur G.P, (Iswaripur)",North 24 Pgs.,9/21/2025,22.7358,88.4102,122.7083333,66.24666667,116.6275,78.13791667,31.11875,38,2025,September
"Bandipur G.P, (Iswaripur)",North 24 Pgs.,9/22/2025,22.7358,88.4102,86.83333333,47.94666667,84.585,82.57208333,29.36833333,39,2025,September
"Bandipur G.P, (Iswaripur)",North 24 Pgs.,9/23/2025,22.7358,88.4102,67.125,38.1825,67.24166667,87.05875,28.2925,39,2025,September
"Bandipur G.P, (Iswaripur)",North 24 Pgs.,9/24/2025,22.7358,88.4102,78.91666667,43.72791667,77.85041667,78.73708333,30.79791667,39,2025,September
"Bandipur G.P, (Iswaripur)",North 24 Pgs.,9/25/2025,22.7358,88.4102,67,38.03416667,67.22333333,79.07083333,30.77208333,39,2025,September
"Bandipur G.P, (Iswaripur)",North 24 Pgs.,9/26/2025,22.7358,88.4102,60.25,33.85833333,60.28375,82.10291667,30.21041667,39,2025,September
"Bandipur G.P, (Iswaripur)",North 24 Pgs.,9/27/2025,22.7358,88.4102,54.41666667,30.31375,54.34541667,78.37833333,31.12041667,39,2025,September
"Bandipur G.P, (Iswaripur)",North 24 Pgs.,9/28/2025,22.7358,88.4102,51.95833333,28.94791667,51.8875,74.6575,31.65708333,39,2025,September
"Bandipur G.P, (Iswaripur)",North 24 Pgs.,9/29/2025,22.7358,88.4102,69.91666667,38.68666667,68.39958333,76.07666667,31.6375,40,2025,September
"Bandipur G.P, (Iswaripur)",North 24 Pgs.,9/30/2025,22.7358,88.4102,71.625,40.64375,71.44708333,75.36208333,31.8125,40,2025,September
"Bandipur G.P, (Iswaripur)",North 24 Pgs.,10/1/2025,22.7358,88.4102,56.25,31.77958333,56.25708333,78.11291667,30.44958333,40,2025,October
"Bandipur G.P, (Iswaripur)",North 24 Pgs.,10/2/2025,22.7358,88.4102,39.70833333,22.76,39.64083333,88.98583333,28.08875,40,2025,October
"Bandipur G.P, (Iswaripur)",North 24 Pgs.,10/3/2025,22.7358,88.4102,55.04166667,31.23333333,54.97208333,91.10333333,27.8375,40,2025,October
"Bandipur G.P, (Iswaripur)",North 24 Pgs.,10/4/2025,22.7358,88.4102,59.08333333,33.34583333,59.0875,83.14291667,29.835,40,2025,October
"Bandipur G.P, (Iswaripur)",North 24 Pgs.,10/5/2025,22.7358,88.4102,54.875,31.10875,54.92958333,84.38375,28.45916667,40,2025,October
"Bandipur G.P, (Iswaripur)",North 24 Pgs.,10/6/2025,22.7358,88.4102,89.95833333,50.50041667,89.0225,84.555,28.28041667,41,2025,October
"Bandipur G.P, (Iswaripur)",North 24 Pgs.,10/7/2025,22.7358,88.4102,100.375,54.57583333,95.485,80.35416667,29.36208333,41,2025,October
"Bandipur G.P, (Iswaripur)",North 24 Pgs.,10/8/2025,22.7358,88.4102,107.7916667,59.41875,103.9716667,83.765,28.57166667,41,2025,October
"Bandipur G.P, (Iswaripur)",North 24 Pgs.,10/9/2025,22.7358,88.4102,114.5833333,62.50875,109.69125,82.90583333,28.75916667,41,2025,October
"Bandipur G.P, (Iswaripur)",North 24 Pgs.,10/10/2025,22.7358,88.4102,131.7222222,67.27777778,117.5627778,85.34166667,28.17333333,41,2025,October
"Bandipur G.P, (Iswaripur)",North 24 Pgs.,10/11/2025,22.7358,88.4102,101.0833333,54.88458333,98.08,79.585,28.99,41,2025,October
"Bandipur G.P, (Iswaripur)",North 24 Pgs.,10/12/2025,22.7358,88.4102,110.0416667,58.61458333,104.4566667,76.78083333,29.24833333,41,2025,October
"Bandipur G.P, (Iswaripur)",North 24 Pgs.,10/13/2025,22.7358,88.4102,125.375,64.95916667,115.46125,74.61041667,28.86375,42,2025,October
"Bandipur G.P, (Iswaripur)",North 24 Pgs.,10/14/2025,22.7358,88.4102,110.3333333,61.22333333,109.0254167,73.91291667,28.5825,42,2025,October
"Bandipur G.P, (Iswaripur)",North 24 Pgs.,10/15/2025,22.7358,88.4102,131.5416667,67.83666667,120.3529167,72.27291667,28.21666667,42,2025,October
"Bandipur G.P, (Iswaripur)",North 24 Pgs.,10/16/2025,22.7358,88.4102,151.8888889,73.38333333,131.2361111,68.14,29.44277778,42,2025,October
"Bandipur G.P, (Iswaripur)",North 24 Pgs.,10/17/2025,22.7358,88.4102,175.375,82.59208333,146.0129167,74.66208333,28.58291667,42,2025,October
"Bandipur G.P, (Iswaripur)",North 24 Pgs.,10/18/2025,22.7358,88.4102,151.375,74.60125,132.3445833,74.52125,29.62166667,42,2025,October
"Bandipur G.P, (Iswaripur)",North 24 Pgs.,10/19/2025,22.7358,88.4102,129.9583333,66.29583333,118.34875,75.32791667,30.29583333,42,2025,October
"Bandipur G.P, (Iswaripur)",North 24 Pgs.,10/20/2025,22.7358,88.4102,140.2916667,69.9775,123.2720833,75.87625,30.1825,43,2025,October
"Bandipur G.P, (Iswaripur)",North 24 Pgs.,10/21/2025,22.7358,88.4102,195.625,92.95916667,163.5041667,74.11291667,29.50833333,43,2025,October
"Bandipur G.P, (Iswaripur)",North 24 Pgs.,10/22/2025,22.7358,88.4102,194.9583333,89.51291667,157.8466667,75.02,29.02041667,43,2025,October
"Bandipur G.P, (Iswaripur)",North 24 Pgs.,10/23/2025,22.7358,88.4102,160.5833333,75.27125,132.7875,72.65416667,29.37333333,43,2025,October
"Bandipur G.P, (Iswaripur)",North 24 Pgs.,10/24/2025,22.7358,88.4102,173.6666667,80.41458333,142.2641667,73.83083333,29.2175,43,2025,October
"Bandipur G.P, (Iswaripur)",North 24 Pgs.,10/25/2025,22.7358,88.4102,160.9583333,77.01333333,136.785,74.52458333,29.46625,43,2025,October
"Bandipur G.P, (Iswaripur)",North 24 Pgs.,10/26/2025,22.7358,88.4102,126.875,66.34041667,117.6920833,76.29416667,29.62166667,43,2025,October
"Bandipur G.P, (Iswaripur)",North 24 Pgs.,10/27/2025,22.7358,88.4102,142.125,71.09125,125.2341667,74.21875,30.14,44,2025,October
"Bandipur G.P, (Iswaripur)",North 24 Pgs.,10/28/2025,22.7358,88.4102,112.5416667,56.97541667,100.8775,77.30125,29.56083333,44,2025,October
"Bandipur G.P, (Iswaripur)",North 24 Pgs.,10/29/2025,22.7358,88.4102,72.75,41.055,72.88333333,89.48791667,26.61166667,44,2025,October
"Bandipur G.P, (Iswaripur)",North 24 Pgs.,10/30/2025,22.7358,88.4102,64.58333333,35.95333333,64.73666667,84.4775,28.24,44,2025,October
"Bandipur G.P, (Iswaripur)",North 24 Pgs.,10/31/2025,22.7358,88.4102,72.54166667,40.26333333,72.64625,79.60875,29.29625,44,2025,October
"Bandipur G.P, (Iswaripur)",North 24 Pgs.,11/1/2025,22.7358,88.4102,76.29166667,42.64041667,76.30333333,78.30041667,29.66291667,44,2025,November
"Bandipur G.P, (Iswaripur)",North 24 Pgs.,11/2/2025,22.7358,88.4102,55.625,31.79958333,55.63,79.82,26.48416667,44,2025,November
"Bandipur G.P, (Iswaripur)",North 24 Pgs.,11/3/2025,22.7358,88.4102,114,58.87958333,104.24375,74.29375,26.44333333,45,2025,November
"Bandipur G.P, (Iswaripur)",North 24 Pgs.,11/4/2025,22.7358,88.4102,259.2083333,108.27,190.0145833,77.86,25.71833333,45,2025,November
"Bandipur G.P, (Iswaripur)",North 24 Pgs.,11/5/2025,22.7358,88.4102,243.9583333,105.59875,168.8308333,74.04625,26.62041667,45,2025,November
"Bandipur G.P, (Iswaripur)",North 24 Pgs.,11/6/2025,22.7358,88.4102,223.9166667,99.72416667,128.5120833,77.3725,27.16833333,45,2025,November
"Bandipur G.P, (Iswaripur)",North 24 Pgs.,11/7/2025,22.7358,88.4102,193.5,89.37458333,112.1375,74.55791667,27.1875,45,2025,November
"Bandipur G.P, (Iswaripur)",North 24 Pgs.,11/8/2025,22.7358,88.4102,89.20833333,52.19625,69.0975,62.08125,25.5425,45,2025,November
"Bandipur G.P, (Iswaripur)",North 24 Pgs.,11/9/2025,22.7358,88.4102,97.75,55.27958333,77.68541667,64.59083333,24.1275,45,2025,November
"Bandipur G.P, (Iswaripur)",North 24 Pgs.,11/10/2025,22.7358,88.4102,152.25,75.44916667,102.1533333,71.68,23.73458333,46,2025,November
"Bandipur G.P, (Iswaripur)",North 24 Pgs.,11/11/2025,22.7358,88.4102,149.1666667,74.205,103.8183333,69.67083333,22.94958333,46,2025,November
"Bandipur G.P, (Iswaripur)",North 24 Pgs.,11/12/2025,22.7358,88.4102,205.9166667,93.92,133.3454167,71.81791667,22.19875,46,2025,November
"Bandipur G.P, (Iswaripur)",North 24 Pgs.,11/13/2025,22.7358,88.4102,226.1666667,100.9854167,145.2695833,72.60833333,22.38,46,2025,November
"Bandipur G.P, (Iswaripur)",North 24 Pgs.,11/14/2025,22.7358,88.4102,311.2857143,147.4192857,210.4742857,77.35071429,20.96571429,46,2025,November
"Bandipur G.P, (Iswaripur)",North 24 Pgs.,11/15/2025,22.7358,88.4102,79.11111111,39.74888889,67.66666667,76.25444444,22.47111111,46,2025,November
"Bandipur G.P, (Iswaripur)",North 24 Pgs.,11/16/2025,22.7358,88.4102,77.70833333,44.82916667,62.25125,73.18875,22.65083333,46,2025,November
"Bandipur G.P, (Iswaripur)",North 24 Pgs.,11/17/2025,22.7358,88.4102,77.5,43.56125,59.08083333,73.21583333,23.22708333,47,2025,November
"Bandipur G.P, (Iswaripur)",North 24 Pgs.,11/18/2025,22.7358,88.4102,57.125,34.14833333,44.75708333,72.9475,23.4625,47,2025,November
"Bandipur G.P, (Iswaripur)",North 24 Pgs.,11/19/2025,22.7358,88.4102,54.75,32.87625,41.97166667,71.71291667,23.89791667,47,2025,November
"Bandipur G.P, (Iswaripur)",North 24 Pgs.,11/20/2025,22.7358,88.4102,64.20833333,38.50958333,52.38,71.73583333,23.77666667,47,2025,November
"Bandipur G.P, (Iswaripur)",North 24 Pgs.,11/21/2025,22.7358,88.4102,73.54166667,43.94666667,59.49458333,73.80583333,23.35666667,47,2025,November
"Bandipur G.P, (Iswaripur)",North 24 Pgs.,11/22/2025,22.7358,88.4102,90.66666667,52.875,70.77333333,76.07791667,22.82625,47,2025,November
"Bandipur G.P, (Iswaripur)",North 24 Pgs.,11/23/2025,22.7358,88.4102,101.5,56.8475,77.11083333,76.19125,22.79958333,47,2025,November
"Bandipur G.P, (Iswaripur)",North 24 Pgs.,11/24/2025,22.7358,88.4102,90.45833333,51.84708333,72.47375,75.08375,21.73958333,48,2025,November
"Bandipur G.P, (Iswaripur)",North 24 Pgs.,11/25/2025,22.7358,88.4102,87.95833333,50.7525,75.05916667,74.06291667,20.65833333,48,2025,November
"Bandipur G.P, (Iswaripur)",North 24 Pgs.,11/26/2025,22.7358,88.4102,71.41666667,42.4225,65.75,70.55916667,20.36916667,48,2025,November
"Bandipur G.P, (Iswaripur)",North 24 Pgs.,11/27/2025,22.7358,88.4102,70.70833333,42.37125,60.72791667,75.01333333,21.5275,48,2025,November
"Bandipur G.P, (Iswaripur)",North 24 Pgs.,11/28/2025,22.7358,88.4102,67.20833333,40.18041667,56.60666667,75.30666667,22.22333333,48,2025,November
"Bandipur G.P, (Iswaripur)",North 24 Pgs.,11/29/2025,22.7358,88.4102,75.25,44.69625,64.25625,76.72708333,21.7825,48,2025,November
"Bandipur G.P, (Iswaripur)",North 24 Pgs.,11/30/2025,22.7358,88.4102,76.91666667,46.03916667,63.7975,77.25041667,21.75333333,48,2025,November
"Bandipur G.P, (Iswaripur)",North 24 Pgs.,12/1/2025,22.7358,88.4102,102,60.59,82.67,91.99,18.2,49,2025,December
"Bandipur GP, Doperia",North 24 Pgs.,8/31/2025,22.72072,88.41033,66.16666667,32.8025,66.14708333,80.9525,31.155,35,2025,August
"Bandipur GP, Doperia",North 24 Pgs.,9/1/2025,22.72072,88.41033,81,41.24958333,83.18916667,78.98458333,32.33458333,36,2025,September
"Bandipur GP, Doperia",North 24 Pgs.,9/2/2025,22.72072,88.41033,41.76190476,21.93,41.77952381,88.93714286,28.78619048,36,2025,September
"Bandipur GP, Doperia",North 24 Pgs.,9/3/2025,22.72072,88.41033,36.75,19.79416667,36.69708333,90.29958333,28.24625,36,2025,September
"Bandipur GP, Doperia",North 24 Pgs.,9/4/2025,22.72072,88.41033,48.125,24.61625,47.99583333,87.44166667,29.38375,36,2025,September
"Bandipur GP, Doperia",North 24 Pgs.,9/5/2025,22.72072,88.41033,62.125,31.7825,62.29833333,81.87375,30.7225,36,2025,September
"Bandipur GP, Doperia",North 24 Pgs.,9/6/2025,22.72072,88.41033,75.25,37.55333333,75.26291667,77.68458333,31.71458333,36,2025,September
"Bandipur GP, Doperia",North 24 Pgs.,9/7/2025,22.72072,88.41033,74.875,37.00708333,75.09166667,77.3425,31.55416667,36,2025,September
"Bandipur GP, Doperia",North 24 Pgs.,9/8/2025,22.72072,88.41033,71,35.35041667,71.04958333,76.06041667,31.72833333,37,2025,September
"Bandipur GP, Doperia",North 24 Pgs.,9/9/2025,22.72072,88.41033,78,38.44666667,78.29458333,75.39791667,32.105,37,2025,September
"Bandipur GP, Doperia",North 24 Pgs.,9/10/2025,22.72072,88.41033,73.25,36.69333333,73.57416667,74.67458333,32.25375,37,2025,September
"Bandipur GP, Doperia",North 24 Pgs.,9/11/2025,22.72072,88.41033,70.04166667,35.46375,69.8925,78.04375,31.93041667,37,2025,September
"Bandipur GP, Doperia",North 24 Pgs.,9/12/2025,22.72072,88.41033,62.625,31.975,62.56375,81.62875,31.02916667,37,2025,September
"Bandipur GP, Doperia",North 24 Pgs.,9/13/2025,22.72072,88.41033,54.91666667,28.40291667,54.91166667,78.99125,31.19583333,37,2025,September
"Bandipur GP, Doperia",North 24 Pgs.,9/14/2025,22.72072,88.41033,60.75,31.76958333,60.66916667,89.09708333,29.02,37,2025,September
"Bandipur GP, Doperia",North 24 Pgs.,9/15/2025,22.72072,88.41033,59.375,31.25208333,59.35041667,90.59708333,28.70625,38,2025,September
"Bandipur GP, Doperia",North 24 Pgs.,9/16/2025,22.72072,88.41033,65.375,34.47875,65.49291667,91.07541667,28.41625,38,2025,September
"Bandipur GP, Doperia",North 24 Pgs.,9/17/2025,22.72072,88.41033,62.58333333,33.17083333,62.6275,85.17375,29.8675,38,2025,September
"Bandipur GP, Doperia",North 24 Pgs.,9/18/2025,22.72072,88.41033,67.91666667,35.13916667,67.94125,78.30083333,31.88458333,38,2025,September
"Bandipur GP, Doperia",North 24 Pgs.,9/19/2025,22.72072,88.41033,90.29166667,48.09375,91.12833333,82.59875,31.23958333,38,2025,September
"Bandipur GP, Doperia",North 24 Pgs.,9/20/2025,22.72072,88.41033,95.83333333,50.81583333,97.50125,88.60916667,29.49166667,38,2025,September
"Bandipur GP, Doperia",North 24 Pgs.,9/21/2025,22.72072,88.41033,112.75,61.04291667,115.5129167,82.83916667,30.90416667,38,2025,September
"Bandipur GP, Doperia",North 24 Pgs.,9/22/2025,22.72072,88.41033,84.29166667,44.82458333,84.21291667,86.67666667,29.3525,39,2025,September
"Bandipur GP, Doperia",North 24 Pgs.,9/23/2025,22.72072,88.41033,71.63636364,38.24454545,71.94227273,90.58727273,28.515,39,2025,September
"Bandipur GP, Doperia",North 24 Pgs.,9/24/2025,22.72072,88.41033,75.125,39.69333333,75.10333333,84.00875,30.41416667,39,2025,September
"Bandipur GP, Doperia",North 24 Pgs.,9/25/2025,22.72072,88.41033,66.16666667,35.16875,66.36166667,83.79666667,30.56625,39,2025,September
"Bandipur GP, Doperia",North 24 Pgs.,9/26/2025,22.72072,88.41033,57.08333333,29.78083333,57.04916667,86.57125,30.02291667,39,2025,September
"Bandipur GP, Doperia",North 24 Pgs.,9/27/2025,22.72072,88.41033,50.58333333,26.73625,50.58541667,83.49208333,30.66291667,39,2025,September
"Bandipur GP, Doperia",North 24 Pgs.,9/28/2025,22.72072,88.41033,51.5,26.9275,51.49458333,80.44541667,31.12583333,39,2025,September
"Bandipur GP, Doperia",North 24 Pgs.,9/29/2025,22.72072,88.41033,71.25,38.10166667,72.6025,80.75916667,31.50625,40,2025,September
"Bandipur GP, Doperia",North 24 Pgs.,9/30/2025,22.72072,88.41033,74.45833333,40.5375,75.02708333,79.71166667,31.69333333,40,2025,September
"Bandipur GP, Doperia",North 24 Pgs.,10/1/2025,22.72072,88.41033,55.5,30.17916667,55.56125,83.74375,29.93125,40,2025,October
"Bandipur GP, Doperia",North 24 Pgs.,10/2/2025,22.72072,88.41033,36.75,20.405,36.74791667,93.14625,28.07416667,40,2025,October
"Bandipur GP, Doperia",North 24 Pgs.,10/3/2025,22.72072,88.41033,49.83333333,26.95916667,49.83958333,94.55958333,27.975,40,2025,October
"Bandipur GP, Doperia",North 24 Pgs.,10/4/2025,22.72072,88.41033,54,28.88083333,54.01791667,88.2825,29.56625,40,2025,October
"Bandipur GP, Doperia",North 24 Pgs.,10/5/2025,22.72072,88.41033,52.54166667,28.29333333,52.62666667,89.28166667,28.32041667,40,2025,October
"Bandipur GP, Doperia",North 24 Pgs.,10/6/2025,22.72072,88.41033,87.16666667,47.33041667,88.18833333,89.34,28.25416667,41,2025,October
"Bandipur GP, Doperia",North 24 Pgs.,10/7/2025,22.72072,88.41033,88.66666667,48.99458333,89.55083333,85.28791667,29.11666667,41,2025,October
"Bandipur GP, Doperia",North 24 Pgs.,10/8/2025,22.72072,88.41033,103.4166667,55.63708333,104.2504167,88.4425,28.47125,41,2025,October
"Bandipur GP, Doperia",North 24 Pgs.,10/9/2025,22.72072,88.41033,109.3333333,58.01166667,113.84,86.93041667,28.81166667,41,2025,October
"Bandipur GP, Doperia",North 24 Pgs.,10/10/2025,22.72072,88.41033,118.3684211,62.02789474,116.5142105,87.89473684,28.59947368,41,2025,October
"Bandipur GP, Doperia",North 24 Pgs.,10/11/2025,22.72072,88.41033,99.375,52.28375,101.0845833,81.46875,29.44041667,41,2025,October
"Bandipur GP, Doperia",North 24 Pgs.,10/12/2025,22.72072,88.41033,110.0833333,58.27208333,112.6966667,78.1675,29.755,41,2025,October
"Bandipur GP, Doperia",North 24 Pgs.,10/13/2025,22.72072,88.41033,108.5,59.09625,111.8445833,76.02833333,29.38875,42,2025,October
"Bandipur GP, Doperia",North 24 Pgs.,10/14/2025,22.72072,88.41033,113.0416667,62.0775,118.1120833,74.80541667,29.22625,42,2025,October
"Bandipur GP, Doperia",North 24 Pgs.,10/15/2025,22.72072,88.41033,127.9166667,66.7925,128.1429167,71.89041667,29,42,2025,October
"Bandipur GP, Doperia",North 24 Pgs.,10/16/2025,22.72072,88.41033,145.875,72.70875,143.6033333,72.30833333,28.66375,42,2025,October
"Bandipur GP, Doperia",North 24 Pgs.,10/17/2025,22.72072,88.41033,173.125,81.89791667,157.0975,75.09708333,29.19458333,42,2025,October
"Bandipur GP, Doperia",North 24 Pgs.,10/18/2025,22.72072,88.41033,157.3333333,76.705,143.9866667,76.32708333,30.07625,42,2025,October
"Bandipur GP, Doperia",North 24 Pgs.,10/19/2025,22.72072,88.41033,140.375,70.03541667,132.3,77.34,30.67666667,42,2025,October
"Bandipur GP, Doperia",North 24 Pgs.,10/20/2025,22.72072,88.41033,132.25,66.42083333,120.6129167,76.93208333,30.74666667,43,2025,October
"Bandipur GP, Doperia",North 24 Pgs.,10/21/2025,22.72072,88.41033,187.625,86.92791667,161.4420833,75.26791667,29.99,43,2025,October
"Bandipur GP, Doperia",North 24 Pgs.,10/22/2025,22.72072,88.41033,189.875,87.18208333,162.8870833,76.17833333,29.61041667,43,2025,October
"Bandipur GP, Doperia",North 24 Pgs.,10/23/2025,22.72072,88.41033,155.375,72.96875,135.89375,73.54041667,29.96208333,43,2025,October
"Bandipur GP, Doperia",North 24 Pgs.,10/24/2025,22.72072,88.41033,166.5833333,78.5725,146.0341667,74.5575,29.66666667,43,2025,October
"Bandipur GP, Doperia",North 24 Pgs.,10/25/2025,22.72072,88.41033,159.4583333,77.15208333,141.6075,75.7525,29.93916667,43,2025,October
"Bandipur GP, Doperia",North 24 Pgs.,10/26/2025,22.72072,88.41033,133.375,68.23416667,124.9729167,78.15625,29.96166667,43,2025,October
"Bandipur GP, Doperia",North 24 Pgs.,10/27/2025,22.72072,88.41033,137.8333333,70.015,126.9254167,76.25416667,30.50625,44,2025,October
"Bandipur GP, Doperia",North 24 Pgs.,10/28/2025,22.72072,88.41033,107.2916667,55.76083333,101.5558333,80.67666667,29.53375,44,2025,October
"Bandipur GP, Doperia",North 24 Pgs.,10/29/2025,22.72072,88.41033,62.5,34.1425,62.37541667,92.7625,26.94458333,44,2025,October
"Bandipur GP, Doperia",North 24 Pgs.,10/30/2025,22.72072,88.41033,59.20833333,31.98333333,59.95708333,87.885,28.40541667,44,2025,October
"Bandipur GP, Doperia",North 24 Pgs.,10/31/2025,22.72072,88.41033,67.70833333,36.44041667,67.69083333,83.49333333,29.3725,44,2025,October
"Bandipur GP, Doperia",North 24 Pgs.,11/1/2025,22.72072,88.41033,82.16666667,44.01916667,82.575,82.15291667,29.82916667,44,2025,November
"Bandipur GP, Doperia",North 24 Pgs.,11/2/2025,22.72072,88.41033,59.41666667,31.23708333,59.47791667,81.555,27.11916667,44,2025,November
"Bandipur GP, Doperia",North 24 Pgs.,11/3/2025,22.72072,88.41033,132,63.56291667,122.89,74.47625,27.32166667,45,2025,November
"Bandipur GP, Doperia",North 24 Pgs.,11/4/2025,22.72072,88.41033,264.25,109.9154167,200.7558333,78.13,26.63416667,45,2025,November
"Bandipur GP, Doperia",North 24 Pgs.,11/5/2025,22.72072,88.41033,261.375,109.8266667,183.6116667,74.58416667,27.24958333,45,2025,November
"Bandipur GP, Doperia",North 24 Pgs.,11/6/2025,22.72072,88.41033,239.5833333,104.4645833,145.3408333,77.68416667,27.87416667,45,2025,November
"Bandipur GP, Doperia",North 24 Pgs.,11/7/2025,22.72072,88.41033,208.625,92.60375,122.4579167,74.0775,28.14875,45,2025,November
"Bandipur GP, Doperia",North 24 Pgs.,11/8/2025,22.72072,88.41033,106.9166667,59.62333333,86.7675,59.97375,26.54583333,45,2025,November
"Bandipur GP, Doperia",North 24 Pgs.,11/9/2025,22.72072,88.41033,143.0416667,72.48875,109.2725,62.08083333,25.15208333,45,2025,November
"Bandipur GP, Doperia",North 24 Pgs.,11/10/2025,22.72072,88.41033,187.9166667,86.85125,127.7066667,69.55833333,24.85416667,46,2025,November
"Bandipur GP, Doperia",North 24 Pgs.,11/11/2025,22.72072,88.41033,179.625,84.05083333,129.51,67.22375,24.08375,46,2025,November
"Bandipur GP, Doperia",North 24 Pgs.,11/12/2025,22.72072,88.41033,224.7916667,98.945,148.0379167,69.56333333,23.27708333,46,2025,November
"Bandipur GP, Doperia",North 24 Pgs.,11/13/2025,22.72072,88.41033,219,96.04375,141.0120833,71.46916667,23.46583333,46,2025,November
"Bandipur GP, Doperia",North 24 Pgs.,11/14/2025,22.72072,88.41033,211.25,93.35375,140.69,72.44375,23.29666667,46,2025,November
"Bandipur GP, Doperia",North 24 Pgs.,11/15/2025,22.72072,88.41033,202.2083333,91.46208333,136.0408333,71.77708333,23.82916667,46,2025,November
"Bandipur GP, Doperia",North 24 Pgs.,11/16/2025,22.72072,88.41033,208.5,94.15333333,137.0533333,71.61666667,23.7425,46,2025,November
"Bandipur GP, Doperia",North 24 Pgs.,11/17/2025,22.72072,88.41033,198.7916667,89.69666667,130.41125,71.755,24.31875,47,2025,November
"Bandipur GP, Doperia",North 24 Pgs.,11/18/2025,22.72072,88.41033,163.875,77.07708333,114.3220833,70.56333333,24.82041667,47,2025,November
"Bandipur GP, Doperia",North 24 Pgs.,11/19/2025,22.72072,88.41033,142.25,69.61291667,105.45875,68.43125,25.2825,47,2025,November
"Bandipur GP, Doperia",North 24 Pgs.,11/20/2025,22.72072,88.41033,185.5416667,85.33458333,130.58375,69.10041667,25.22208333,47,2025,November
"Bandipur GP, Doperia",North 24 Pgs.,11/21/2025,22.72072,88.41033,213.7083333,94.5425,140.91625,71.63458333,24.59833333,47,2025,November
"Bandipur GP, Doperia",North 24 Pgs.,11/22/2025,22.72072,88.41033,259.5416667,109.92625,164.0945833,73.33875,24.00083333,47,2025,November
"Bandipur GP, Doperia",North 24 Pgs.,11/23/2025,22.72072,88.41033,240.7916667,103.6170833,147.0470833,74.10875,23.97125,47,2025,November
"Bandipur GP, Doperia",North 24 Pgs.,11/24/2025,22.72072,88.41033,238.5,103.1216667,148.5275,72.7975,23.2625,48,2025,November
"Bandipur GP, Doperia",North 24 Pgs.,11/25/2025,22.72072,88.41033,239.7916667,103.01125,155.1816667,69.50041667,22.56208333,48,2025,November
"Bandipur GP, Doperia",North 24 Pgs.,11/26/2025,22.72072,88.41033,203.75,91.09125,140.92375,66.33916667,22.34958333,48,2025,November
"Bandipur GP, Doperia",North 24 Pgs.,11/27/2025,22.72072,88.41033,166.25,78.02958333,118.0716667,72.44333333,22.89625,48,2025,November
"Bandipur GP, Doperia",North 24 Pgs.,11/28/2025,22.72072,88.41033,161.7083333,76.99958333,114.60125,72.3325,23.50875,48,2025,November
"Bandipur GP, Doperia",North 24 Pgs.,11/29/2025,22.72072,88.41033,176.125,82.14416667,122.9416667,73.69375,23.07916667,48,2025,November
"Bandipur GP, Doperia",North 24 Pgs.,11/30/2025,22.72072,88.41033,212.0416667,95.58333333,140.6466667,74.83875,23.0325,48,2025,November
"Bandipur GP, Doperia",North 24 Pgs.,12/1/2025,22.72072,88.41033,301,120.67,187.99,90.62,19.52,49,2025,December
Baranagar Municipality,North 24 Pgs.,9/8/2025,22.6460307,88.3714185,50.88888889,27.22111111,50.91777778,71.73888889,32.72777778,37,2025,September
Baranagar Municipality,North 24 Pgs.,9/9/2025,22.6460307,88.3714185,54.71428571,30.35714286,54.60714286,75.87142857,31.82857143,37,2025,September
Baranagar Municipality,North 24 Pgs.,9/10/2025,22.6460307,88.3714185,53.75,29.8065,53.701,72.0115,32.995,37,2025,September
Baranagar Municipality,North 24 Pgs.,9/11/2025,22.6460307,88.3714185,53.27272727,29.66909091,53.27318182,75.23909091,32.38954545,37,2025,September
Baranagar Municipality,North 24 Pgs.,9/12/2025,22.6460307,88.3714185,44.125,24.98125,44.02458333,76.93083333,31.62125,37,2025,September
Baranagar Municipality,North 24 Pgs.,9/13/2025,22.6460307,88.3714185,39.35714286,22.14428571,39.17071429,75.915,31.965,37,2025,September
Baranagar Municipality,North 24 Pgs.,9/16/2025,22.6460307,88.3714185,46.2,26.8275,46.2435,84.0135,29.399,38,2025,September
Baranagar Municipality,North 24 Pgs.,9/17/2025,22.6460307,88.3714185,49.625,28.86666667,49.69208333,80.63708333,30.49416667,38,2025,September
Baranagar Municipality,North 24 Pgs.,9/18/2025,22.6460307,88.3714185,51.16666667,29.12166667,51.30375,76.235,32.15916667,38,2025,September
Baranagar Municipality,North 24 Pgs.,9/19/2025,22.6460307,88.3714185,67.69565217,38.50826087,67.69956522,78.38217391,32.04217391,38,2025,September
Baranagar Municipality,North 24 Pgs.,9/20/2025,22.6460307,88.3714185,62.45454545,36.06454545,62.38363636,88.31545455,27.15727273,38,2025,September
Baranagar Municipality,North 24 Pgs.,9/21/2025,22.6460307,88.3714185,82.5,47.70125,82.48166667,79.04416667,31.19125,38,2025,September
Baranagar Municipality,North 24 Pgs.,9/22/2025,22.6460307,88.3714185,63.625,36.55541667,63.59291667,81.50958333,29.90583333,39,2025,September
Baranagar Municipality,North 24 Pgs.,9/23/2025,22.6460307,88.3714185,49.66666667,29.00791667,49.63333333,87.33791667,28.23583333,39,2025,September
Baranagar Municipality,North 24 Pgs.,9/24/2025,22.6460307,88.3714185,50.08333333,28.91791667,50.07416667,79.35291667,30.92333333,39,2025,September
Baranagar Municipality,North 24 Pgs.,9/25/2025,22.6460307,88.3714185,46.75,26.93958333,46.81916667,76.34083333,31.73083333,39,2025,September
Baranagar Municipality,North 24 Pgs.,9/26/2025,22.6460307,88.3714185,40.70833333,23.69375,40.7075,80.2,30.87375,39,2025,September
Baranagar Municipality,North 24 Pgs.,9/27/2025,22.6460307,88.3714185,37.41666667,21.84083333,37.47125,77.16833333,31.71583333,39,2025,September
Baranagar Municipality,North 24 Pgs.,9/28/2025,22.6460307,88.3714185,38.25,21.98208333,38.24916667,75.4875,32.12708333,39,2025,September
Baranagar Municipality,North 24 Pgs.,9/29/2025,22.6460307,88.3714185,47.66666667,27.35458333,47.6325,74.61958333,32.22291667,40,2025,September
Baranagar Municipality,North 24 Pgs.,9/30/2025,22.6460307,88.3714185,54.29166667,31.52333333,54.34458333,76.41541667,32.015,40,2025,September
Baranagar Municipality,North 24 Pgs.,10/1/2025,22.6460307,88.3714185,41.625,24.45,41.69083333,79.12416667,30.46916667,40,2025,October
Baranagar Municipality,North 24 Pgs.,10/2/2025,22.6460307,88.3714185,31.16666667,18.4775,31.06,86.29333333,28.7075,40,2025,October
Baranagar Municipality,North 24 Pgs.,10/3/2025,22.6460307,88.3714185,38.45833333,22.69166667,38.38875,87.13875,28.79291667,40,2025,October
Baranagar Municipality,North 24 Pgs.,10/4/2025,22.6460307,88.3714185,43.41666667,25.40166667,43.32458333,83.06416667,30.29666667,40,2025,October
Baranagar Municipality,North 24 Pgs.,10/5/2025,22.6460307,88.3714185,40.41666667,23.82333333,40.4575,84.18083333,28.80166667,40,2025,October
Baranagar Municipality,North 24 Pgs.,10/6/2025,22.6460307,88.3714185,71.25,41.205,71.24208333,83.02375,28.97375,41,2025,October
Baranagar Municipality,North 24 Pgs.,10/7/2025,22.6460307,88.3714185,65.16666667,37.97208333,65.18041667,79.24375,29.96041667,41,2025,October
Baranagar Municipality,North 24 Pgs.,10/8/2025,22.6460307,88.3714185,77.29166667,44.91708333,77.315,81.88541667,29.22875,41,2025,October
Baranagar Municipality,North 24 Pgs.,10/9/2025,22.6460307,88.3714185,79.66666667,46.12958333,79.72458333,77.86,29.955,41,2025,October
Baranagar Municipality,North 24 Pgs.,10/10/2025,22.6460307,88.3714185,72.04166667,41.895,72.08166667,81.51541667,29.01125,41,2025,October
Baranagar Municipality,North 24 Pgs.,10/11/2025,22.6460307,88.3714185,66.95833333,38.38583333,66.95583333,77.29333333,29.76875,41,2025,October
Baranagar Municipality,North 24 Pgs.,10/12/2025,22.6460307,88.3714185,70.13043478,39.86913043,70.13391304,73.97695652,30.28782609,41,2025,October
Baranagar Municipality,North 24 Pgs.,10/13/2025,22.6460307,88.3714185,78.375,44.32833333,78.39375,69.84,30.29458333,42,2025,October
Baranagar Municipality,North 24 Pgs.,10/14/2025,22.6460307,88.3714185,82.08333333,46.08333333,82.01666667,69.06166667,30.17458333,42,2025,October
Baranagar Municipality,North 24 Pgs.,10/15/2025,22.6460307,88.3714185,84.875,47.86083333,84.82375,66.73125,29.95166667,42,2025,October
Baranagar Municipality,North 24 Pgs.,10/16/2025,22.6460307,88.3714185,89.54166667,50.57458333,89.73,66.11291667,29.605,42,2025,October
Baranagar Municipality,North 24 Pgs.,10/17/2025,22.6460307,88.3714185,97.95833333,55.7175,98.6325,67.42125,30.32083333,42,2025,October
Baranagar Municipality,North 24 Pgs.,10/18/2025,22.6460307,88.3714185,93.70833333,53.61375,93.93708333,69.67958333,31.00083333,42,2025,October
Baranagar Municipality,North 24 Pgs.,10/19/2025,22.6460307,88.3714185,77.66666667,44.60619048,77.51428571,70.65666667,31.41809524,42,2025,October
Baranagar Municipality,North 24 Pgs.,10/20/2025,22.6460307,88.3714185,89.95833333,49.64708333,86.10375,72.45708333,31.34375,43,2025,October
Baranagar Municipality,North 24 Pgs.,10/21/2025,22.6460307,88.3714185,111.1666667,59.7675,104.2816667,68.09208333,31.29291667,43,2025,October
Baranagar Municipality,North 24 Pgs.,10/22/2025,22.6460307,88.3714185,103.7826087,58.69565217,102.9413043,68.33043478,30.94391304,43,2025,October
Baranagar Municipality,North 24 Pgs.,10/23/2025,22.6460307,88.3714185,91.33333333,50.57375,89.56416667,65.41416667,31.22708333,43,2025,October
Baranagar Municipality,North 24 Pgs.,10/24/2025,22.6460307,88.3714185,89.5,51.08375,89.25333333,65.595,31.22875,43,2025,October
Baranagar Municipality,North 24 Pgs.,10/25/2025,22.6460307,88.3714185,93.58333333,52.47958333,91.68791667,66.93166667,31.17166667,43,2025,October
Baranagar Municipality,North 24 Pgs.,10/26/2025,22.6460307,88.3714185,85.25,48.90125,84.66958333,72.8375,30.75833333,43,2025,October
Baranagar Municipality,North 24 Pgs.,10/27/2025,22.6460307,88.3714185,81.16666667,46.72833333,80.83333333,69.28,31.61541667,44,2025,October
Baranagar Municipality,North 24 Pgs.,10/28/2025,22.6460307,88.3714185,63.54166667,37.12208333,63.60791667,72.65666667,31.07541667,44,2025,October
Baranagar Municipality,North 24 Pgs.,10/29/2025,22.6460307,88.3714185,42.5,25.1025,42.49833333,84.69208333,28.03291667,44,2025,October
Baranagar Municipality,North 24 Pgs.,10/30/2025,22.6460307,88.3714185,40.95833333,24.21291667,40.99125,82.62625,28.8525,44,2025,October
Baranagar Municipality,North 24 Pgs.,10/31/2025,22.6460307,88.3714185,43.75,25.69958333,43.73541667,79.96916667,29.865,44,2025,October
Baranagar Municipality,North 24 Pgs.,11/1/2025,22.6460307,88.3714185,49.33333333,28.85666667,49.21533333,80.55066667,30.08866667,44,2025,November
Baranagar Municipality,North 24 Pgs.,11/2/2025,22.6460307,88.3714185,39.55555556,23.24666667,39.49111111,75.81333333,28.09888889,44,2025,November
Baranagar Municipality,North 24 Pgs.,11/3/2025,22.6460307,88.3714185,68.375,39.73083333,68.54041667,69.71791667,28.1375,45,2025,November
Baranagar Municipality,North 24 Pgs.,11/4/2025,22.6460307,88.3714185,105.6666667,61.70333333,106.41,76.11,25.28166667,45,2025,November
Baranagar Municipality,North 24 Pgs.,11/6/2025,22.6460307,88.3714185,112.6,60.732,113.128,70.887,29.507,45,2025,November
Baranagar Municipality,North 24 Pgs.,11/7/2025,22.6460307,88.3714185,121.375,65.255,117.60625,70.91875,28.42666667,45,2025,November
Baranagar Municipality,North 24 Pgs.,11/8/2025,22.6460307,88.3714185,83.72727273,45.89363636,83.78590909,57.19909091,27.26636364,45,2025,November
Baranagar Municipality,North 24 Pgs.,11/9/2025,22.6460307,88.3714185,89.36842105,48.58315789,90.09210526,58.03578947,26.12,45,2025,November
Baranagar Municipality,North 24 Pgs.,11/10/2025,22.6460307,88.3714185,109.5416667,61.09416667,110.7508333,62.93208333,25.77791667,46,2025,November
Baranagar Municipality,North 24 Pgs.,11/11/2025,22.6460307,88.3714185,118.7142857,64.13761905,117.4261905,58.16809524,25.57619048,46,2025,November
Baranagar Municipality,North 24 Pgs.,11/12/2025,22.6460307,88.3714185,142.173913,72.64391304,133.4621739,58.67043478,24.87130435,46,2025,November
Baranagar Municipality,North 24 Pgs.,11/13/2025,22.6460307,88.3714185,142.4347826,72.08565217,132.0091304,61.22565217,25.02391304,46,2025,November
Baranagar Municipality,North 24 Pgs.,11/14/2025,22.6460307,88.3714185,131.4782609,68.64086957,125.7821739,62.42,24.78913043,46,2025,November
Baranagar Municipality,North 24 Pgs.,11/15/2025,22.6460307,88.3714185,133.6875,70.12375,129.77,67.63625,23.58,46,2025,November
Baranagar Municipality,North 24 Pgs.,11/16/2025,22.6460307,88.3714185,121.7142857,65.20380952,117.4119048,62.00952381,25.3747619,46,2025,November
Baranagar Municipality,North 24 Pgs.,11/17/2025,22.6460307,88.3714185,112.6315789,60.33473684,109.3573684,62.73631579,25.98421053,47,2025,November
Baranagar Municipality,North 24 Pgs.,11/18/2025,22.6460307,88.3714185,101.2105263,54.05947368,99.71473684,60.86315789,26.69052632,47,2025,November
Baranagar Municipality,North 24 Pgs.,11/19/2025,22.6460307,88.3714185,113.25,57.88625,108.9295833,62.7575,26.24375,47,2025,November
Baranagar Municipality,North 24 Pgs.,11/20/2025,22.6460307,88.3714185,118.1304348,60.74826087,112.0621739,58.96347826,26.90869565,47,2025,November
Baranagar Municipality,North 24 Pgs.,11/21/2025,22.6460307,88.3714185,153.8333333,75.3725,136.8725,62.55375,26.16333333,47,2025,November
Baranagar Municipality,North 24 Pgs.,11/22/2025,22.6460307,88.3714185,179.75,84.09083333,151.65125,65.58166667,25.47333333,47,2025,November
Baranagar Municipality,North 24 Pgs.,11/23/2025,22.6460307,88.3714185,178.9583333,83.10958333,149.2804167,66.3075,25.43666667,47,2025,November
Baranagar Municipality,North 24 Pgs.,11/24/2025,22.6460307,88.3714185,156.2083333,77.43125,138.9325,62.9625,24.905,48,2025,November
Baranagar Municipality,North 24 Pgs.,11/25/2025,22.6460307,88.3714185,154.875,76.45583333,137.4479167,59.90083333,23.9525,48,2025,November
Baranagar Municipality,North 24 Pgs.,11/26/2025,22.6460307,88.3714185,133.375,69.83125,125.6475,57.54833333,23.73333333,48,2025,November
Baranagar Municipality,North 24 Pgs.,11/27/2025,22.6460307,88.3714185,116.2083333,61.03208333,109.7495833,64.67166667,24.19625,48,2025,November
Baranagar Municipality,North 24 Pgs.,11/28/2025,22.6460307,88.3714185,123.7916667,63.28083333,113.4208333,63.77875,24.80791667,48,2025,November
Baranagar Municipality,North 24 Pgs.,11/29/2025,22.6460307,88.3714185,115.3333333,61.29238095,110.2190476,62.59619048,25.03619048,48,2025,November
Baranagar Municipality,North 24 Pgs.,11/30/2025,22.6460307,88.3714185,128.75,67.61708333,120.9795833,65.23,24.81625,48,2025,November
Baranagar Municipality,North 24 Pgs.,12/1/2025,22.6460307,88.3714185,185,85.43,150.25,78.53,22.1,49,2025,December
Barasat 2 BDO Office,North 24 Pgs.,8/31/2025,22.666625,88.530707,49.05555556,28.09888889,49.115,81.71166667,30.24777778,35,2025,August
Barasat 2 BDO Office,North 24 Pgs.,9/1/2025,22.666625,88.530707,58.70833333,33.09125,58.58291667,77.1025,32.52541667,36,2025,September
Barasat 2 BDO Office,North 24 Pgs.,9/2/2025,22.666625,88.530707,33.19047619,19.53285714,33.02,85.09047619,28.61428571,36,2025,September
Barasat 2 BDO Office,North 24 Pgs.,9/3/2025,22.666625,88.530707,31.19047619,18.52857143,31.01809524,87.47380952,27.76857143,36,2025,September
Barasat 2 BDO Office,North 24 Pgs.,9/4/2025,22.666625,88.530707,38.04166667,22.32041667,38.08708333,83.10625,29.43791667,36,2025,September
Barasat 2 BDO Office,North 24 Pgs.,9/5/2025,22.666625,88.530707,49,28.41791667,49.115,78.93458333,30.75541667,36,2025,September
Barasat 2 BDO Office,North 24 Pgs.,9/6/2025,22.666625,88.530707,51.16666667,29.33,51.13625,75.59916667,31.86916667,36,2025,September
Barasat 2 BDO Office,North 24 Pgs.,9/7/2025,22.666625,88.530707,49.26666667,28.20866667,49.31266667,83.10466667,29.39933333,36,2025,September
Barasat 2 BDO Office,North 24 Pgs.,9/8/2025,22.666625,88.530707,48.5,27.57208333,48.4975,73.88416667,32.03416667,37,2025,September
Barasat 2 BDO Office,North 24 Pgs.,9/9/2025,22.666625,88.530707,51.375,29.30875,51.37833333,73.59625,32.20583333,37,2025,September
Barasat 2 BDO Office,North 24 Pgs.,9/10/2025,22.666625,88.530707,48.58333333,27.80208333,48.54791667,73.18708333,32.52833333,37,2025,September
Barasat 2 BDO Office,North 24 Pgs.,9/11/2025,22.666625,88.530707,47.08333333,27.1625,47.08458333,75.09958333,32.11625,37,2025,September
Barasat 2 BDO Office,North 24 Pgs.,9/12/2025,22.666625,88.530707,43.91666667,25.53125,43.91916667,77.50125,31.34458333,37,2025,September
Barasat 2 BDO Office,North 24 Pgs.,9/13/2025,22.666625,88.530707,39.08333333,22.76625,39.11291667,76.04291667,31.4425,37,2025,September
Barasat 2 BDO Office,North 24 Pgs.,9/14/2025,22.666625,88.530707,41.95833333,24.43208333,41.86416667,82.52208333,29.75833333,37,2025,September
Barasat 2 BDO Office,North 24 Pgs.,9/15/2025,22.666625,88.530707,40.04166667,23.5525,39.99666667,81.44166667,29.39583333,38,2025,September
Barasat 2 BDO Office,North 24 Pgs.,9/16/2025,22.666625,88.530707,42.54166667,25.07333333,42.51458333,84.03666667,28.64583333,38,2025,September
Barasat 2 BDO Office,North 24 Pgs.,9/17/2025,22.666625,88.530707,42.4375,25.009375,42.4975,80.8625,29.74125,38,2025,September
Barasat 2 BDO Office,North 24 Pgs.,9/19/2025,22.666625,88.530707,63.4,36.5405,63.341,76.2205,32.3295,38,2025,September
Barasat 2 BDO Office,North 24 Pgs.,9/20/2025,22.666625,88.530707,60.69565217,35.08173913,60.66826087,84.85043478,28.91173913,38,2025,September
Barasat 2 BDO Office,North 24 Pgs.,9/21/2025,22.666625,88.530707,75,43.48888889,75.01222222,80.87,29.96722222,38,2025,September
Barasat 2 BDO Office,North 24 Pgs.,9/22/2025,22.666625,88.530707,61.08333333,35.51458333,61.02541667,83.10625,29.06208333,39,2025,September
Barasat 2 BDO Office,North 24 Pgs.,9/23/2025,22.666625,88.530707,48.08333333,28.37916667,48.07458333,84.88291667,28.6175,39,2025,September
Barasat 2 BDO Office,North 24 Pgs.,9/24/2025,22.666625,88.530707,51.58333333,30.03333333,51.52041667,79.86041667,30.4,39,2025,September
Barasat 2 BDO Office,North 24 Pgs.,9/25/2025,22.666625,88.530707,46.375,26.945,46.32625,77.795,31.31333333,39,2025,September
Barasat 2 BDO Office,North 24 Pgs.,9/26/2025,22.666625,88.530707,40.625,23.88833333,40.57583333,82.14958333,29.91291667,39,2025,September
Barasat 2 BDO Office,North 24 Pgs.,9/27/2025,22.666625,88.530707,41.83333333,24.635,41.79708333,79.87541667,30.45625,39,2025,September
Barasat 2 BDO Office,North 24 Pgs.,9/28/2025,22.666625,88.530707,41.20833333,24.10583333,41.14875,77.8225,31.26,39,2025,September
Barasat 2 BDO Office,North 24 Pgs.,9/29/2025,22.666625,88.530707,47.86956522,27.74,47.91652174,76.52086957,31.84,40,2025,September
Barasat 2 BDO Office,North 24 Pgs.,9/30/2025,22.666625,88.530707,55.625,32.18083333,55.64166667,75.76,31.73041667,40,2025,September
Barasat 2 BDO Office,North 24 Pgs.,10/1/2025,22.666625,88.530707,45.33333333,26.535,45.28583333,79.50541667,29.83583333,40,2025,October
Barasat 2 BDO Office,North 24 Pgs.,10/2/2025,22.666625,88.530707,30.45833333,18.20166667,30.21541667,87.66541667,27.98083333,40,2025,October
Barasat 2 BDO Office,North 24 Pgs.,10/3/2025,22.666625,88.530707,38.29166667,22.64166667,38.23,87.6,28.30125,40,2025,October
Barasat 2 BDO Office,North 24 Pgs.,10/4/2025,22.666625,88.530707,42.125,24.745,42.0725,82.71875,29.61541667,40,2025,October
Barasat 2 BDO Office,North 24 Pgs.,10/5/2025,22.666625,88.530707,39.58333333,23.31041667,39.525,83.75083333,28.1225,40,2025,October
Barasat 2 BDO Office,North 24 Pgs.,10/6/2025,22.666625,88.530707,65.04166667,37.74833333,65.01791667,82.39291667,28.56708333,41,2025,October
Barasat 2 BDO Office,North 24 Pgs.,10/7/2025,22.666625,88.530707,61.875,35.99791667,61.84125,80.495,28.97833333,41,2025,October
Barasat 2 BDO Office,North 24 Pgs.,10/8/2025,22.666625,88.530707,65.70833333,38.21791667,65.70208333,81.39958333,28.92583333,41,2025,October
Barasat 2 BDO Office,North 24 Pgs.,10/9/2025,22.666625,88.530707,73.08333333,42.27833333,72.94666667,79.38583333,29.48,41,2025,October
Barasat 2 BDO Office,North 24 Pgs.,10/10/2025,22.666625,88.530707,77.4,44.6225,76.9395,80.533,29.304,41,2025,October
Barasat 2 BDO Office,North 24 Pgs.,10/11/2025,22.666625,88.530707,57.54166667,33.36875,57.55958333,79.72625,29.19458333,41,2025,October
Barasat 2 BDO Office,North 24 Pgs.,10/12/2025,22.666625,88.530707,65.95833333,37.86541667,65.99958333,75.88416667,29.89583333,41,2025,October
Barasat 2 BDO Office,North 24 Pgs.,10/13/2025,22.666625,88.530707,79.33333333,45.21083333,79.4775,74.09916667,29.62916667,42,2025,October
Barasat 2 BDO Office,North 24 Pgs.,10/14/2025,22.666625,88.530707,82.66666667,46.87583333,82.62708333,72.92375,29.50666667,42,2025,October
Barasat 2 BDO Office,North 24 Pgs.,10/15/2025,22.666625,88.530707,87.625,49.65666667,88.02166667,71.82583333,29.15708333,42,2025,October
Barasat 2 BDO Office,North 24 Pgs.,10/16/2025,22.666625,88.530707,93.79166667,53.1575,94.10375,72.56833333,28.73958333,42,2025,October
Barasat 2 BDO Office,North 24 Pgs.,10/17/2025,22.666625,88.530707,107.8333333,59.90875,105.3654167,73.41916667,29.31458333,42,2025,October
Barasat 2 BDO Office,North 24 Pgs.,10/18/2025,22.666625,88.530707,98.125,54.79375,95.91833333,74.64125,30.095,42,2025,October
Barasat 2 BDO Office,North 24 Pgs.,10/19/2025,22.666625,88.530707,77,43.82791667,76.52333333,75.40625,30.41416667,42,2025,October
Barasat 2 BDO Office,North 24 Pgs.,10/20/2025,22.666625,88.530707,84.58333333,48.02208333,83.52458333,74.96333333,30.59166667,43,2025,October
Barasat 2 BDO Office,North 24 Pgs.,10/21/2025,22.666625,88.530707,97.58333333,54.70583333,95.62041667,73.94125,30.21083333,43,2025,October
Barasat 2 BDO Office,North 24 Pgs.,10/22/2025,22.666625,88.530707,101.625,56.22375,98.405,73.24291667,29.91375,43,2025,October
Barasat 2 BDO Office,North 24 Pgs.,10/23/2025,22.666625,88.530707,94.91666667,51.75625,91.26125,71.36083333,30.23625,43,2025,October
Barasat 2 BDO Office,North 24 Pgs.,10/24/2025,22.666625,88.530707,104.4166667,56.61666667,99.87958333,73.47208333,29.91916667,43,2025,October
Barasat 2 BDO Office,North 24 Pgs.,10/25/2025,22.666625,88.530707,90.58333333,51.3625,90.1675,73.55833333,30.10541667,43,2025,October
Barasat 2 BDO Office,North 24 Pgs.,10/26/2025,22.666625,88.530707,84.28571429,47.58904762,83.37714286,76.91619048,29.66857143,43,2025,October
Barasat 2 BDO Office,North 24 Pgs.,10/27/2025,22.666625,88.530707,88.29166667,50.19291667,87.17875,74.54458333,30.46125,44,2025,October
Barasat 2 BDO Office,North 24 Pgs.,10/28/2025,22.666625,88.530707,66.625,38.82541667,66.92041667,79.96083333,29.1675,44,2025,October
Barasat 2 BDO Office,North 24 Pgs.,10/29/2025,22.666625,88.530707,43.375,25.45,43.35291667,89.02208333,26.675,44,2025,October
Barasat 2 BDO Office,North 24 Pgs.,10/30/2025,22.666625,88.530707,39.66666667,23.15,39.65333333,82.76416667,28.69791667,44,2025,October
Barasat 2 BDO Office,North 24 Pgs.,10/31/2025,22.666625,88.530707,44.75,26.12791667,44.78541667,77.50166667,29.88833333,44,2025,October
Barasat 2 BDO Office,North 24 Pgs.,11/1/2025,22.666625,88.530707,50.33333333,29.19833333,50.36458333,77.60583333,30.04791667,44,2025,November
Barasat 2 BDO Office,North 24 Pgs.,11/2/2025,22.666625,88.530707,44.75,25.71458333,44.75333333,76.73916667,27.81791667,44,2025,November
Barasat 2 BDO Office,North 24 Pgs.,11/3/2025,22.666625,88.530707,76.04347826,42.61608696,74.80521739,72.25695652,27.82782609,45,2025,November
Barasat 2 BDO Office,North 24 Pgs.,11/4/2025,22.666625,88.530707,153.6521739,76.1026087,132.9486957,75.85391304,26.84608696,45,2025,November
Barasat 2 BDO Office,North 24 Pgs.,11/5/2025,22.666625,88.530707,153.8333333,75.36375,133.35125,71.31083333,28.0425,45,2025,November
Barasat 2 BDO Office,North 24 Pgs.,11/6/2025,22.666625,88.530707,138.1904762,70.04047619,122.9771429,76.86047619,27.5847619,45,2025,November
Barasat 2 BDO Office,North 24 Pgs.,11/7/2025,22.666625,88.530707,124.75,66.25833333,116.13,72.56333333,28.74083333,45,2025,November
Barasat 2 BDO Office,North 24 Pgs.,11/8/2025,22.666625,88.530707,80,45.05083333,80.05333333,64.22,27.11333333,45,2025,November
Barasat 2 BDO Office,North 24 Pgs.,11/9/2025,22.666625,88.530707,74.25,42.2325,74.46958333,64.075,25.73375,45,2025,November
Barasat 2 BDO Office,North 24 Pgs.,11/10/2025,22.666625,88.530707,100.125,56.57,100.2845833,68.46458333,25.61791667,46,2025,November
Barasat 2 BDO Office,North 24 Pgs.,11/11/2025,22.666625,88.530707,100.5416667,55.75166667,98.81291667,66.50833333,24.84291667,46,2025,November
Barasat 2 BDO Office,North 24 Pgs.,11/12/2025,22.666625,88.530707,115.2916667,63.13625,111.2391667,67.86166667,23.75791667,46,2025,November
Barasat 2 BDO Office,North 24 Pgs.,11/13/2025,22.666625,88.530707,110.625,61.18416667,107.47125,69.01833333,23.975,46,2025,November
Barasat 2 BDO Office,North 24 Pgs.,11/14/2025,22.666625,88.530707,99.54166667,55.72541667,97.46833333,69.31333333,23.85958333,46,2025,November
Barasat 2 BDO Office,North 24 Pgs.,11/15/2025,22.666625,88.530707,90.76470588,52.42235294,91.02529412,79.26117647,21.10235294,46,2025,November
Barasat 2 BDO Office,North 24 Pgs.,11/16/2025,22.666625,88.530707,91.41666667,52.875,91.435,77.0125,21.72666667,46,2025,November
Barasat 2 BDO Office,North 24 Pgs.,11/17/2025,22.666625,88.530707,81.76470588,46.91470588,81.73941176,78.93058824,21.49117647,47,2025,November
Barasat 2 BDO Office,North 24 Pgs.,11/18/2025,22.666625,88.530707,68.16666667,38.97416667,68.16333333,70.05541667,24.88375,47,2025,November
Barasat 2 BDO Office,North 24 Pgs.,11/19/2025,22.666625,88.530707,61.04166667,34.84833333,61.00541667,68.0575,25.50583333,47,2025,November
Barasat 2 BDO Office,North 24 Pgs.,11/20/2025,22.666625,88.530707,63.54166667,36.57541667,63.57541667,67.79208333,25.58625,47,2025,November
Barasat 2 BDO Office,North 24 Pgs.,11/21/2025,22.666625,88.530707,66.83333333,38.42083333,66.75708333,69.66125,24.8625,47,2025,November
Barasat 2 BDO Office,North 24 Pgs.,11/22/2025,22.666625,88.530707,82,46.95708333,82.26916667,71.17333333,24.5325,47,2025,November
Barasat 2 BDO Office,North 24 Pgs.,11/23/2025,22.666625,88.530707,67.81818182,39.18,68.04272727,82.16545455,20.27272727,47,2025,November
Barasat 2 BDO Office,North 24 Pgs.,11/24/2025,22.666625,88.530707,48.25,27.93375,48.29,71.11125,21.9475,48,2025,November
Barasat 2 BDO Office,North 24 Pgs.,11/25/2025,22.666625,88.530707,44.45454545,25.89818182,44.39181818,78.47454545,18.93,48,2025,November
Barasat 2 BDO Office,North 24 Pgs.,11/26/2025,22.666625,88.530707,28.1875,16.956875,28.023125,61.490625,25.37375,48,2025,November
Barasat 2 BDO Office,North 24 Pgs.,11/27/2025,22.666625,88.530707,21.625,12.97375,20.95208333,69.7475,23.23416667,48,2025,November
Barasat 2 BDO Office,North 24 Pgs.,11/28/2025,22.666625,88.530707,20.20833333,12.11166667,19.45416667,68.81958333,23.79875,48,2025,November
Barasat 2 BDO Office,North 24 Pgs.,11/29/2025,22.666625,88.530707,18.77777778,11.21,18.10777778,85.50888889,17.86444444,48,2025,November
Barasat Goverment College,North 24 Pgs.,8/31/2025,22.7173468,88.4783074,41.875,23.69333333,41.77666667,79.58,30.46541667,35,2025,August
Barasat Goverment College,North 24 Pgs.,9/1/2025,22.7173468,88.4783074,54.04166667,29.89791667,54.16916667,78.74125,31.41875,36,2025,September
Barasat Goverment College,North 24 Pgs.,9/2/2025,22.7173468,88.4783074,34.9,19.511,34.702,83.2325,28.9455,36,2025,September
Barasat Goverment College,North 24 Pgs.,9/3/2025,22.7173468,88.4783074,33.18181818,19.015,32.96590909,84.15636364,28.58909091,36,2025,September
Barasat Goverment College,North 24 Pgs.,9/4/2025,22.7173468,88.4783074,33.7826087,19.89347826,33.56826087,82.96391304,29.35434783,36,2025,September
Barasat Goverment College,North 24 Pgs.,9/5/2025,22.7173468,88.4783074,42,24.68083333,42.01916667,79.32458333,30.51333333,36,2025,September
Barasat Goverment College,North 24 Pgs.,9/6/2025,22.7173468,88.4783074,44.91666667,26.24041667,44.93375,77.0525,31.29666667,36,2025,September
Barasat Goverment College,North 24 Pgs.,9/7/2025,22.7173468,88.4783074,42.58333333,24.90291667,42.45958333,76.2875,31.29541667,36,2025,September
Barasat Goverment College,North 24 Pgs.,9/8/2025,22.7173468,88.4783074,41.95833333,24.35,41.99208333,74.62916667,31.6225,37,2025,September
Barasat Goverment College,North 24 Pgs.,9/9/2025,22.7173468,88.4783074,44.125,25.465,44.01708333,74.83916667,31.53375,37,2025,September
Barasat Goverment College,North 24 Pgs.,9/10/2025,22.7173468,88.4783074,48.08333333,28.04125,48.11708333,74.56666667,31.82375,37,2025,September
Barasat Goverment College,North 24 Pgs.,9/11/2025,22.7173468,88.4783074,41.83333333,24.49083333,41.88,76.08833333,31.78625,37,2025,September
Barasat Goverment College,North 24 Pgs.,9/12/2025,22.7173468,88.4783074,37.875,22.395,37.83,77.40291667,31.26041667,37,2025,September
Barasat Goverment College,North 24 Pgs.,9/13/2025,22.7173468,88.4783074,35.04166667,20.83041667,34.82291667,76.59208333,31.09833333,37,2025,September
Barasat Goverment College,North 24 Pgs.,9/14/2025,22.7173468,88.4783074,36.05555556,21.59888889,35.79777778,82.99888889,29.635,37,2025,September
Barasat Goverment College,North 24 Pgs.,9/15/2025,22.7173468,88.4783074,36.41666667,21.75125,36.07208333,83.7725,29.01375,38,2025,September
Barasat Goverment College,North 24 Pgs.,9/16/2025,22.7173468,88.4783074,39.15,23.411,38.891,84.8015,28.561,38,2025,September
Barasat Goverment College,North 24 Pgs.,9/17/2025,22.7173468,88.4783074,39.83333333,23.89291667,39.71416667,81.89375,29.52958333,38,2025,September
Barasat Goverment College,North 24 Pgs.,9/18/2025,22.7173468,88.4783074,43.125,25.41541667,43.0425,78.565,30.82041667,38,2025,September
Barasat Goverment College,North 24 Pgs.,9/19/2025,22.7173468,88.4783074,56.41666667,33.025,56.53333333,79.03916667,31.06208333,38,2025,September
Barasat Goverment College,North 24 Pgs.,9/20/2025,22.7173468,88.4783074,59.83333333,35.03083333,59.8975,82.51166667,29.6875,38,2025,September
Barasat Goverment College,North 24 Pgs.,9/21/2025,22.7173468,88.4783074,77.25,45.11958333,77.32291667,80.35833333,30.30458333,38,2025,September
Barasat Goverment College,North 24 Pgs.,9/22/2025,22.7173468,88.4783074,54.75,32.05166667,54.62,81.7025,29.45833333,39,2025,September
Barasat Goverment College,North 24 Pgs.,9/23/2025,22.7173468,88.4783074,42.42105263,25.28263158,42.23157895,83.81736842,28.99368421,39,2025,September
Barasat Goverment College,North 24 Pgs.,9/24/2025,22.7173468,88.4783074,45.25,26.58666667,45.18791667,80.07583333,30.22333333,39,2025,September
Barasat Goverment College,North 24 Pgs.,9/25/2025,22.7173468,88.4783074,44.14285714,25.8847619,43.99761905,79.38238095,30.69714286,39,2025,September
Barasat Goverment College,North 24 Pgs.,9/26/2025,22.7173468,88.4783074,37.625,22.0025,37.60416667,81.68166667,30.11875,39,2025,September
Barasat Goverment College,North 24 Pgs.,9/27/2025,22.7173468,88.4783074,35.70833333,21.26958333,35.50833333,80.48458333,30.36041667,39,2025,September
Barasat Goverment College,North 24 Pgs.,9/28/2025,22.7173468,88.4783074,35.33333333,21.00833333,35.13916667,78.45166667,31.025,39,2025,September
Barasat Goverment College,North 24 Pgs.,9/29/2025,22.7173468,88.4783074,43.625,25.45208333,43.495,77.91958333,31.07666667,40,2025,September
Barasat Goverment College,North 24 Pgs.,9/30/2025,22.7173468,88.4783074,50,29.31708333,50.03875,77.70708333,31.23125,40,2025,September
Barasat Goverment College,North 24 Pgs.,10/1/2025,22.7173468,88.4783074,41.125,24.31208333,41.01791667,78.48791667,30.27333333,40,2025,October
Barasat Goverment College,North 24 Pgs.,10/2/2025,22.7173468,88.4783074,30.76190476,18.37238095,30.28,85.41,28.77904762,40,2025,October
Barasat Goverment College,North 24 Pgs.,10/3/2025,22.7173468,88.4783074,36,21.502,35.6735,86.881,28.677,40,2025,October
Barasat Goverment College,North 24 Pgs.,10/4/2025,22.7173468,88.4783074,37.47826087,22.38565217,36.91478261,83.53826087,29.65521739,40,2025,October
Barasat Goverment College,North 24 Pgs.,10/5/2025,22.7173468,88.4783074,37,21.97541667,36.71541667,84.175,28.3525,40,2025,October
Barasat Goverment College,North 24 Pgs.,10/6/2025,22.7173468,88.4783074,59.33333333,34.90208333,59.33916667,83.51875,28.34541667,41,2025,October
Barasat Goverment College,North 24 Pgs.,10/7/2025,22.7173468,88.4783074,60.5,35.53708333,60.49291667,81.00791667,28.82291667,41,2025,October
Barasat Goverment College,North 24 Pgs.,10/8/2025,22.7173468,88.4783074,64,37.55333333,63.93916667,82.61708333,28.68625,41,2025,October
Barasat Goverment College,North 24 Pgs.,10/9/2025,22.7173468,88.4783074,71.08333333,41.33916667,71.055,82.3525,28.72375,41,2025,October
Barasat Goverment College,North 24 Pgs.,10/10/2025,22.7173468,88.4783074,69.59090909,40.78272727,69.61454545,83.36590909,28.31909091,41,2025,October
Barasat Goverment College,North 24 Pgs.,10/11/2025,22.7173468,88.4783074,58.20833333,33.86541667,58.15625,80.73458333,28.61666667,41,2025,October
Barasat Goverment College,North 24 Pgs.,10/12/2025,22.7173468,88.4783074,58.54166667,33.98083333,58.46208333,77.46875,29.32083333,41,2025,October
Barasat Goverment College,North 24 Pgs.,10/13/2025,22.7173468,88.4783074,70.16666667,40.57,70.22833333,74.69583333,29.16833333,42,2025,October
Barasat Goverment College,North 24 Pgs.,10/14/2025,22.7173468,88.4783074,74.73913043,43.03565217,74.7326087,72.8573913,29.22304348,42,2025,October
Barasat Goverment College,North 24 Pgs.,10/15/2025,22.7173468,88.4783074,78.29166667,45.41375,78.37666667,71.32541667,28.90791667,42,2025,October
Barasat Goverment College,North 24 Pgs.,10/16/2025,22.7173468,88.4783074,81.625,47.41333333,81.84416667,71.31458333,28.53625,42,2025,October
Barasat Goverment College,North 24 Pgs.,10/17/2025,22.7173468,88.4783074,95.54166667,55.3425,95.44666667,73.16333333,29.10083333,42,2025,October
Barasat Goverment College,North 24 Pgs.,10/18/2025,22.7173468,88.4783074,93.625,53.46041667,91.76958333,74.11666667,29.86833333,42,2025,October
Barasat Goverment College,North 24 Pgs.,10/19/2025,22.7173468,88.4783074,80.08333333,46.78166667,80.05333333,74.74916667,30.39125,42,2025,October
Barasat Goverment College,North 24 Pgs.,10/20/2025,22.7173468,88.4783074,82.75,47.36416667,81.09291667,74.79708333,30.71041667,43,2025,October
Barasat Goverment College,North 24 Pgs.,10/21/2025,22.7173468,88.4783074,99.29166667,55.72166667,95.95791667,71.86708333,30.48125,43,2025,October
Barasat Goverment College,North 24 Pgs.,10/22/2025,22.7173468,88.4783074,106.4166667,59.00833333,102.2504167,71.87916667,30.09375,43,2025,October
Barasat Goverment College,North 24 Pgs.,10/23/2025,22.7173468,88.4783074,87.91666667,49.34875,85.0575,69.59041667,30.42375,43,2025,October
Barasat Goverment College,North 24 Pgs.,10/24/2025,22.7173468,88.4783074,88.58333333,51.27166667,87.77166667,70.16833333,30.22375,43,2025,October
Barasat Goverment College,North 24 Pgs.,10/25/2025,22.7173468,88.4783074,86.33333333,50.17708333,85.68833333,71.16208333,30.19375,43,2025,October
Barasat Goverment College,North 24 Pgs.,10/26/2025,22.7173468,88.4783074,78.25,45.78625,78.07875,74.08166667,30.25666667,43,2025,October
Barasat Goverment College,North 24 Pgs.,10/27/2025,22.7173468,88.4783074,85.70833333,49.76041667,84.59083333,72.71208333,30.85875,44,2025,October
Barasat Goverment College,North 24 Pgs.,10/28/2025,22.7173468,88.4783074,67.95833333,40.21541667,67.96041667,75.90875,29.99916667,44,2025,October
Barasat Goverment College,North 24 Pgs.,10/29/2025,22.7173468,88.4783074,43.47826087,26.0526087,43.47565217,84.57695652,27.69826087,44,2025,October
Barasat Goverment College,North 24 Pgs.,10/30/2025,22.7173468,88.4783074,38.625,23.07375,38.28666667,82.62916667,28.56,44,2025,October
Barasat Goverment College,North 24 Pgs.,10/31/2025,22.7173468,88.4783074,41.58333333,24.95291667,41.3325,78.92791667,29.71708333,44,2025,October
Barasat Goverment College,North 24 Pgs.,11/1/2025,22.7173468,88.4783074,57.58333333,33.70083333,57.0725,78.6875,29.77125,44,2025,November
Barasat Goverment College,North 24 Pgs.,11/2/2025,22.7173468,88.4783074,39.33333333,23.4925,39.35833333,76.91208333,27.58125,44,2025,November
Barasat Goverment College,North 24 Pgs.,11/3/2025,22.7173468,88.4783074,71.33333333,41.07166667,70.33166667,71.38458333,27.80875,45,2025,November
Barasat Goverment College,North 24 Pgs.,11/4/2025,22.7173468,88.4783074,154.8333333,76.48,131.54,74.29791667,27.18458333,45,2025,November
Barasat Goverment College,North 24 Pgs.,11/5/2025,22.7173468,88.4783074,146.0416667,73.41458333,126.1058333,71.89208333,27.68458333,45,2025,November
Barasat Goverment College,North 24 Pgs.,11/6/2025,22.7173468,88.4783074,127.5,66.49875,114.0291667,74.05958333,28.22,45,2025,November
Barasat Goverment College,North 24 Pgs.,11/7/2025,22.7173468,88.4783074,114.4166667,63.22583333,108.5479167,71.68208333,28.67708333,45,2025,November
Barasat Goverment College,North 24 Pgs.,11/8/2025,22.7173468,88.4783074,74.58333333,43.235,74.49583333,61.3575,27.33958333,45,2025,November
Barasat Goverment College,North 24 Pgs.,11/9/2025,22.7173468,88.4783074,74,42.97416667,74.00875,60.70083333,26.095,45,2025,November
Barasat Goverment College,North 24 Pgs.,11/10/2025,22.7173468,88.4783074,100.2916667,58.08666667,100.03875,64.95541667,26.1025,46,2025,November
Barasat Goverment College,North 24 Pgs.,11/11/2025,22.7173468,88.4783074,97.25,56.17291667,96.75958333,62.31208333,25.44833333,46,2025,November
Barasat Goverment College,North 24 Pgs.,11/12/2025,22.7173468,88.4783074,121.9166667,65.77625,113.2104167,62.13375,24.87666667,46,2025,November
Barasat Goverment College,North 24 Pgs.,11/13/2025,22.7173468,88.4783074,121.4583333,65.12583333,112.0733333,64.08958333,24.99875,46,2025,November
Barasat Goverment College,North 24 Pgs.,11/14/2025,22.7173468,88.4783074,112.0833333,61.375,105.83625,64.64125,24.9075,46,2025,November
Barasat Goverment College,North 24 Pgs.,11/15/2025,22.7173468,88.4783074,100.875,58.05125,99.83083333,65.86583333,25.16458333,46,2025,November
Barasat Goverment College,North 24 Pgs.,11/16/2025,22.7173468,88.4783074,102.9166667,59.06666667,101.3666667,65.50791667,25.14208333,46,2025,November
Barasat Goverment College,North 24 Pgs.,11/17/2025,22.7173468,88.4783074,101.1666667,56.7,97.3575,66.40166667,25.37625,47,2025,November
Barasat Goverment College,North 24 Pgs.,11/18/2025,22.7173468,88.4783074,81.91666667,48.03083333,82.295,65.95208333,25.66833333,47,2025,November
Barasat Goverment College,North 24 Pgs.,11/19/2025,22.7173468,88.4783074,67.125,39.16125,67.17666667,63.53166667,26.25125,47,2025,November
Barasat Goverment College,North 24 Pgs.,11/20/2025,22.7173468,88.4783074,85.125,49.0125,84.43291667,63.69916667,26.27875,47,2025,November
Barasat Goverment College,North 24 Pgs.,11/21/2025,22.7173468,88.4783074,107.25,59.36666667,102.3370833,65.64541667,25.76333333,47,2025,November
Barasat Goverment College,North 24 Pgs.,11/22/2025,22.7173468,88.4783074,138.2083333,71.00125,122.3133333,67.30958333,25.23458333,47,2025,November
Barasat Goverment College,North 24 Pgs.,11/23/2025,22.7173468,88.4783074,133.25,68.5025,117.61,68.0625,25.2575,47,2025,November
Barasat Goverment College,North 24 Pgs.,11/24/2025,22.7173468,88.4783074,112.4583333,63.34916667,108.9770833,63.84791667,24.615,48,2025,November
Barasat Goverment College,North 24 Pgs.,11/25/2025,22.7173468,88.4783074,126.125,67.18541667,116.12875,63.96333333,23.57625,48,2025,November
Barasat Goverment College,North 24 Pgs.,11/26/2025,22.7173468,88.4783074,112.0416667,62.985,108.7845833,62.38333333,23.4,48,2025,November
Barasat Goverment College,North 24 Pgs.,11/27/2025,22.7173468,88.4783074,94.16666667,53.51708333,92.04916667,66.1,24.15166667,48,2025,November
Barasat Goverment College,North 24 Pgs.,11/28/2025,22.7173468,88.4783074,95.54166667,54.03458333,93.47875,65.98375,24.79083333,48,2025,November
Barasat Goverment College,North 24 Pgs.,11/29/2025,22.7173468,88.4783074,105.9583333,58.3275,101.0241667,67.49166667,24.45458333,48,2025,November
Barasat Goverment College,North 24 Pgs.,11/30/2025,22.7173468,88.4783074,119.5416667,64.2575,111.3654167,67.66416667,24.34291667,48,2025,November
Barasat Goverment College,North 24 Pgs.,12/1/2025,22.7173468,88.4783074,156,76.78,132.44,76.64,22.44,49,2025,December
Barasat Municipality,North 24 Pgs.,8/31/2025,22.718245,88.488307,42.16666667,24.35458333,42.14833333,82.08125,31.0575,35,2025,August
Barasat Municipality,North 24 Pgs.,9/1/2025,22.718245,88.488307,49.17647059,28.11058824,49.16176471,80.94764706,32.05294118,36,2025,September
Barasat Municipality,North 24 Pgs.,9/5/2025,22.718245,88.488307,47.28571429,27.04285714,47.23428571,74.90928571,32.59785714,36,2025,September
Barasat Municipality,North 24 Pgs.,9/6/2025,22.718245,88.488307,48.73684211,28.14947368,48.77421053,79.40631579,31.84105263,36,2025,September
Barasat Municipality,North 24 Pgs.,9/7/2025,22.718245,88.488307,42.1,24.475,42.072,73.243,32.639,36,2025,September
Barasat Municipality,North 24 Pgs.,9/8/2025,22.718245,88.488307,43.85714286,25.23238095,43.84619048,78.21761905,31.43238095,37,2025,September
Barasat Municipality,North 24 Pgs.,9/9/2025,22.718245,88.488307,47.70833333,27.49166667,47.74708333,76.65875,31.90166667,37,2025,September
Barasat Municipality,North 24 Pgs.,9/10/2025,22.718245,88.488307,47.08695652,27.21869565,47.02608696,77.35869565,32.11608696,37,2025,September
Barasat Municipality,North 24 Pgs.,9/11/2025,22.718245,88.488307,43.875,25.63458333,43.8,77.84875,32.2925,37,2025,September
Barasat Municipality,North 24 Pgs.,9/12/2025,22.718245,88.488307,40.3,23.6735,40.217,81.5325,31.492,37,2025,September
Barasat Municipality,North 24 Pgs.,9/13/2025,22.718245,88.488307,35.8,21.25,35.739,87.806,29.608,37,2025,September
Barasat Municipality,North 24 Pgs.,9/14/2025,22.718245,88.488307,40.71428571,24.15357143,40.69642857,90.22071429,29.16,37,2025,September
Barasat Municipality,North 24 Pgs.,9/15/2025,22.718245,88.488307,38.20833333,22.74416667,38.2925,89.89625,28.8375,38,2025,September
Barasat Municipality,North 24 Pgs.,9/16/2025,22.718245,88.488307,41.52173913,24.5826087,41.43086957,92.23695652,28.19521739,38,2025,September
Barasat Municipality,North 24 Pgs.,9/17/2025,22.718245,88.488307,42.75,25.26333333,42.71333333,87.21958333,29.53083333,38,2025,September
Barasat Municipality,North 24 Pgs.,9/18/2025,22.718245,88.488307,46.20833333,27.08041667,46.175,81.60875,31.25625,38,2025,September
Barasat Municipality,North 24 Pgs.,9/19/2025,22.718245,88.488307,59.66666667,34.86125,59.76791667,82.0475,31.44541667,38,2025,September
Barasat Municipality,North 24 Pgs.,9/20/2025,22.718245,88.488307,62.41666667,36.3575,62.36125,87.5625,29.66708333,38,2025,September
Barasat Municipality,North 24 Pgs.,9/21/2025,22.718245,88.488307,77.35294118,44.93352941,77.18411765,82.39,30.90882353,38,2025,September
Barasat Municipality,North 24 Pgs.,9/23/2025,22.718245,88.488307,48.875,28.68375,48.7525,90.7225,28.97125,39,2025,September
Barasat Municipality,North 24 Pgs.,9/24/2025,22.718245,88.488307,48.08333333,28.23541667,48.12458333,83.01291667,30.62791667,39,2025,September
Barasat Municipality,North 24 Pgs.,9/25/2025,22.718245,88.488307,46,27.00208333,45.93791667,82.75541667,30.9925,39,2025,September
Barasat Municipality,North 24 Pgs.,9/26/2025,22.718245,88.488307,40.16666667,23.64458333,40.19083333,85.45916667,30.35541667,39,2025,September
Barasat Municipality,North 24 Pgs.,9/27/2025,22.718245,88.488307,38.8,22.809,38.7245,87.245,29.73,39,2025,September
Barasat Municipality,North 24 Pgs.,9/28/2025,22.718245,88.488307,37.88235294,22.26764706,37.79705882,80.97058824,31.48,39,2025,September
Barasat Municipality,North 24 Pgs.,9/29/2025,22.718245,88.488307,51.76923077,30.23692308,51.82230769,71.59230769,33.64153846,40,2025,September
Barasat Municipality,North 24 Pgs.,9/30/2025,22.718245,88.488307,54.40909091,31.77772727,54.385,80.06636364,31.55818182,40,2025,September
Barasat Municipality,North 24 Pgs.,10/1/2025,22.718245,88.488307,43.54166667,25.62958333,43.49208333,81.74625,30.42083333,40,2025,October
Barasat Municipality,North 24 Pgs.,10/2/2025,22.718245,88.488307,31.20833333,18.63125,31.10541667,92.06333333,28.43083333,40,2025,October
Barasat Municipality,North 24 Pgs.,10/3/2025,22.718245,88.488307,36.91666667,21.96708333,36.92041667,94.075,28.27583333,40,2025,October
Barasat Municipality,North 24 Pgs.,10/4/2025,22.718245,88.488307,40.54166667,24.06833333,40.57708333,89.39333333,29.52458333,40,2025,October
Barasat Municipality,North 24 Pgs.,10/5/2025,22.718245,88.488307,38.54166667,22.87166667,38.57541667,89.60791667,28.26375,40,2025,October
Barasat Municipality,North 24 Pgs.,10/6/2025,22.718245,88.488307,62.17391304,36.31217391,62.22347826,88.36,28.4273913,41,2025,October
Barasat Municipality,North 24 Pgs.,10/7/2025,22.718245,88.488307,63.70833333,37.19375,63.60833333,83.95333333,29.35583333,41,2025,October
Barasat Municipality,North 24 Pgs.,10/8/2025,22.718245,88.488307,72.45833333,41.55125,71.22625,85.89791667,29.07083333,41,2025,October
Barasat Municipality,North 24 Pgs.,10/9/2025,22.718245,88.488307,73.20833333,42.60583333,73.23541667,84.19583333,29.36125,41,2025,October
Barasat Municipality,North 24 Pgs.,10/10/2025,22.718245,88.488307,72.79166667,42.4225,72.76541667,87.56083333,28.6325,41,2025,October
Barasat Municipality,North 24 Pgs.,10/11/2025,22.718245,88.488307,61.125,35.16458333,61.1625,82.43333333,29.41291667,41,2025,October
Barasat Municipality,North 24 Pgs.,10/12/2025,22.718245,88.488307,64.875,36.9275,64.87291667,78.1975,30.12583333,41,2025,October
Barasat Municipality,North 24 Pgs.,10/13/2025,22.718245,88.488307,76.41666667,43.01458333,76.34541667,75.2075,29.81708333,42,2025,October
Barasat Municipality,North 24 Pgs.,10/14/2025,22.718245,88.488307,86.33333333,47.94416667,84.98458333,74.56791667,29.49208333,42,2025,October
Barasat Municipality,North 24 Pgs.,10/15/2025,22.718245,88.488307,87.54166667,49.24833333,87.03375,72.01791667,29.32083333,42,2025,October
Barasat Municipality,North 24 Pgs.,10/16/2025,22.718245,88.488307,87.34782609,49.25565217,87.39826087,70.55086957,29.03391304,42,2025,October
Barasat Municipality,North 24 Pgs.,10/17/2025,22.718245,88.488307,98.33333333,56.05208333,98.63583333,72.05291667,29.97208333,42,2025,October
Barasat Municipality,North 24 Pgs.,10/18/2025,22.718245,88.488307,89.79166667,51.66166667,90.03166667,73.76083333,30.63625,42,2025,October
Barasat Municipality,North 24 Pgs.,10/19/2025,22.718245,88.488307,80.41666667,46.3925,80.56333333,74.39833333,31.09041667,42,2025,October
Barasat Municipality,North 24 Pgs.,10/20/2025,22.718245,88.488307,82.25,46.73458333,80.905,75.25083333,31.27625,43,2025,October
Barasat Municipality,North 24 Pgs.,10/21/2025,22.718245,88.488307,96.91666667,54.66833333,95.41333333,72.81916667,30.88166667,43,2025,October
Barasat Municipality,North 24 Pgs.,10/22/2025,22.718245,88.488307,97.79166667,55.70875,97.52333333,71.57958333,30.68541667,43,2025,October
Barasat Municipality,North 24 Pgs.,10/23/2025,22.718245,88.488307,103.125,56.46416667,98.56791667,68.36833333,31.11291667,43,2025,October
Barasat Municipality,North 24 Pgs.,10/24/2025,22.718245,88.488307,87.79166667,50.17958333,87.18041667,69.19041667,30.84166667,43,2025,October
Barasat Municipality,North 24 Pgs.,10/25/2025,22.718245,88.488307,89.92307692,52.11769231,90.25692308,74.03,29.83769231,43,2025,October
Barasat Municipality,North 24 Pgs.,10/27/2025,22.718245,88.488307,94.28571429,53.50285714,95.05,73.00571429,30.91714286,44,2025,October
Barasat Municipality,North 24 Pgs.,10/28/2025,22.718245,88.488307,71.83333333,41.38041667,72.0725,78.40791667,30.01375,44,2025,October
Barasat Municipality,North 24 Pgs.,10/29/2025,22.718245,88.488307,47.83333333,27.43625,47.78583333,91.13083333,27.31333333,44,2025,October
Barasat Municipality,North 24 Pgs.,10/30/2025,22.718245,88.488307,41.875,24.34541667,41.92291667,87.47958333,28.45166667,44,2025,October
Barasat Municipality,North 24 Pgs.,10/31/2025,22.718245,88.488307,47.61538462,27.78307692,47.61923077,88.64307692,28.75769231,44,2025,October
Barasat Municipality,North 24 Pgs.,11/3/2025,22.718245,88.488307,95.125,52.804375,94.65375,68.42,28.73,45,2025,November
Barasat Municipality,North 24 Pgs.,11/4/2025,22.718245,88.488307,167.2916667,80.155,141.9841667,77.02,27.22125,45,2025,November
Barasat Municipality,North 24 Pgs.,11/5/2025,22.718245,88.488307,160.826087,78.0026087,137.9121739,73.38478261,27.72086957,45,2025,November
Barasat Municipality,North 24 Pgs.,11/6/2025,22.718245,88.488307,153.9285714,76.13928571,134.2542857,75.95357143,27.68785714,45,2025,November
Barasat Municipality,North 24 Pgs.,11/8/2025,22.718245,88.488307,81.2,44.44066667,81.24,56.15,28.33066667,45,2025,November
Barasat Municipality,North 24 Pgs.,11/9/2025,22.718245,88.488307,80.625,44.69375,80.60458333,59.75666667,25.985,45,2025,November
Barasat Municipality,North 24 Pgs.,11/10/2025,22.718245,88.488307,107.2272727,59.82590909,108.2445455,66.51090909,25.58181818,46,2025,November
Barasat Municipality,North 24 Pgs.,11/11/2025,22.718245,88.488307,98.79166667,54.65208333,100.51625,62.62916667,24.98625,46,2025,November
Barasat Municipality,North 24 Pgs.,11/12/2025,22.718245,88.488307,114.125,63.08208333,114.8558333,62.445,24.47458333,46,2025,November
Barasat Municipality,North 24 Pgs.,11/13/2025,22.718245,88.488307,115.9583333,63.17125,113.9445833,65.22708333,24.58416667,46,2025,November
Barasat Municipality,North 24 Pgs.,11/14/2025,22.718245,88.488307,107.3333333,59.16625,106.1691667,66.045,24.52166667,46,2025,November
Barasat Municipality,North 24 Pgs.,11/15/2025,22.718245,88.488307,100.3333333,56.80666667,102.00125,67.4675,24.74333333,46,2025,November
Barasat Municipality,North 24 Pgs.,11/16/2025,22.718245,88.488307,105.125,59.04541667,105.2029167,67.18,24.73333333,46,2025,November
Barasat Municipality,North 24 Pgs.,11/17/2025,22.718245,88.488307,99.25,55.36875,98.70125,67.98583333,25.03958333,47,2025,November
Barasat Municipality,North 24 Pgs.,11/18/2025,22.718245,88.488307,84.83333333,47.76916667,85.89125,67.5225,25.37666667,47,2025,November
Barasat Municipality,North 24 Pgs.,11/19/2025,22.718245,88.488307,73.16666667,41.13458333,73.78333333,63.75708333,26.03958333,47,2025,November
Barasat Municipality,North 24 Pgs.,11/20/2025,22.718245,88.488307,91.5,50.3275,91.39125,64.03791667,26.06958333,47,2025,November
Barasat Municipality,North 24 Pgs.,11/21/2025,22.718245,88.488307,108.2083333,59.1625,106.70625,65.48958333,25.69791667,47,2025,November
Barasat Municipality,North 24 Pgs.,11/22/2025,22.718245,88.488307,143.7916667,72.85291667,130.2404167,67.86083333,25.26833333,47,2025,November
Barasat Municipality,North 24 Pgs.,11/23/2025,22.718245,88.488307,139.5833333,70.87708333,126.0154167,69.12375,25.24875,47,2025,November
Barasat Municipality,North 24 Pgs.,11/24/2025,22.718245,88.488307,119.625,65.78625,116.67125,65.4725,24.29791667,48,2025,November
Barasat Municipality,North 24 Pgs.,11/25/2025,22.718245,88.488307,132.0833333,69.21958333,123.4016667,64.06458333,23.46375,48,2025,November
Barasat Municipality,North 24 Pgs.,11/26/2025,22.718245,88.488307,120,65.4525,117.2308333,61.96083333,23.24583333,48,2025,November
Barasat Municipality,North 24 Pgs.,11/27/2025,22.718245,88.488307,99.45833333,55.49083333,98.96875,66.95416667,24.15458333,48,2025,November
Barasat Municipality,North 24 Pgs.,11/28/2025,22.718245,88.488307,93.66666667,52.8675,94.64958333,66.19666667,24.97708333,48,2025,November
Barasat Municipality,North 24 Pgs.,11/29/2025,22.718245,88.488307,108.25,59.165,106.5945833,67.38666667,24.81666667,48,2025,November
Barasat Municipality,North 24 Pgs.,11/30/2025,22.718245,88.488307,118.5833333,64.00541667,113.8429167,66.96875,24.7125,48,2025,November
Barasat Municipality,North 24 Pgs.,12/1/2025,22.718245,88.488307,129,68.68,124.54,74.2,22.77,49,2025,December
Barrackpore WBPCB Office,North 24 Pgs.,8/31/2025,22.859509,88.42931,37,21.375,37.085,81.96666667,31.51583333,35,2025,August
Barrackpore WBPCB Office,North 24 Pgs.,9/1/2025,22.859509,88.42931,43.33333333,24.88541667,43.33791667,81.05458333,32.67791667,36,2025,September
Barrackpore WBPCB Office,North 24 Pgs.,9/2/2025,22.859509,88.42931,31.36363636,18.37545455,31.29181818,91.45681818,28.45590909,36,2025,September
Barrackpore WBPCB Office,North 24 Pgs.,9/3/2025,22.859509,88.42931,28.875,17.11041667,28.85875,91.1425,28.31416667,36,2025,September
Barrackpore WBPCB Office,North 24 Pgs.,9/4/2025,22.859509,88.42931,33.45833333,19.60708333,33.56208333,86.46041667,29.94458333,36,2025,September
Barrackpore WBPCB Office,North 24 Pgs.,9/5/2025,22.859509,88.42931,45.375,25.90791667,45.35291667,83.12875,31.00208333,36,2025,September
Barrackpore WBPCB Office,North 24 Pgs.,9/6/2025,22.859509,88.42931,48.79166667,27.41833333,48.64666667,79.45166667,32.04666667,36,2025,September
Barrackpore WBPCB Office,North 24 Pgs.,9/7/2025,22.859509,88.42931,48.75,27.55166667,48.70375,80.95208333,31.585,36,2025,September
Barrackpore WBPCB Office,North 24 Pgs.,9/8/2025,22.859509,88.42931,44.79166667,25.14166667,44.70458333,78.31083333,32.10625,37,2025,September
Barrackpore WBPCB Office,North 24 Pgs.,9/9/2025,22.859509,88.42931,51.20833333,28.70416667,51.15125,76.81583333,32.46291667,37,2025,September
Barrackpore WBPCB Office,North 24 Pgs.,9/10/2025,22.859509,88.42931,52.375,29.40625,52.35375,77.07333333,32.61333333,37,2025,September
Barrackpore WBPCB Office,North 24 Pgs.,9/11/2025,22.859509,88.42931,51.29166667,28.80166667,51.33625,79.25041667,32.32291667,37,2025,September
Barrackpore WBPCB Office,North 24 Pgs.,9/12/2025,22.859509,88.42931,44.83333333,25.18,44.80666667,87.56291667,30.39291667,37,2025,September
Barrackpore WBPCB Office,North 24 Pgs.,9/13/2025,22.859509,88.42931,42.79166667,23.88916667,42.78291667,81.58125,31.39291667,37,2025,September
Barrackpore WBPCB Office,North 24 Pgs.,9/14/2025,22.859509,88.42931,46.28571429,26.07619048,46.17,88.69571429,29.65714286,37,2025,September
Barrackpore WBPCB Office,North 24 Pgs.,9/15/2025,22.859509,88.42931,41.17647059,23.67176471,41.03529412,93.05588235,28.53764706,38,2025,September
Barrackpore WBPCB Office,North 24 Pgs.,9/16/2025,22.859509,88.42931,45.21052632,26.22210526,45.21315789,92.64052632,28.70157895,38,2025,September
Barrackpore WBPCB Office,North 24 Pgs.,9/17/2025,22.859509,88.42931,45,25.98227273,44.995,87.86954545,29.59454545,38,2025,September
Barrackpore WBPCB Office,North 24 Pgs.,9/18/2025,22.859509,88.42931,48.5,27.76958333,48.5275,81.14,31.92208333,38,2025,September
Barrackpore WBPCB Office,North 24 Pgs.,9/19/2025,22.859509,88.42931,61.61904762,35.18571429,61.66571429,90.54333333,30.10380952,38,2025,September
Barrackpore WBPCB Office,North 24 Pgs.,9/20/2025,22.859509,88.42931,70.76190476,40.4452381,70.62095238,90.76333333,29.74333333,38,2025,September
Barrackpore WBPCB Office,North 24 Pgs.,9/21/2025,22.859509,88.42931,77,44.12458333,77.10916667,84.41166667,31.06166667,38,2025,September
Barrackpore WBPCB Office,North 24 Pgs.,9/22/2025,22.859509,88.42931,54.95833333,31.62291667,54.87458333,89.255,29.34416667,39,2025,September
Barrackpore WBPCB Office,North 24 Pgs.,9/23/2025,22.859509,88.42931,43.375,25.134375,43.3825,90.4175,29.25375,39,2025,September
Barrackpore WBPCB Office,North 24 Pgs.,9/24/2025,22.859509,88.42931,48.625,27.79458333,48.56875,83.6075,30.78666667,39,2025,September
Barrackpore WBPCB Office,North 24 Pgs.,9/25/2025,22.859509,88.42931,46.69565217,26.68826087,46.53913043,83.09434783,31.55043478,39,2025,September
Barrackpore WBPCB Office,North 24 Pgs.,9/26/2025,22.859509,88.42931,38.42857143,22.15857143,38.46333333,84.79238095,30.88714286,39,2025,September
Barrackpore WBPCB Office,North 24 Pgs.,9/27/2025,22.859509,88.42931,39.875,22.60208333,39.88416667,82.515,31.15041667,39,2025,September
Barrackpore WBPCB Office,North 24 Pgs.,9/28/2025,22.859509,88.42931,41.70833333,23.4825,41.79333333,81.28583333,31.5175,39,2025,September
Barrackpore WBPCB Office,North 24 Pgs.,9/29/2025,22.859509,88.42931,52.75,29.66125,52.69375,80.16041667,32.31166667,40,2025,September
Barrackpore WBPCB Office,North 24 Pgs.,9/30/2025,22.859509,88.42931,56.79166667,33.06833333,56.74083333,80.61875,32.15875,40,2025,September
Barrackpore WBPCB Office,North 24 Pgs.,10/1/2025,22.859509,88.42931,52.92307692,31.52076923,52.84846154,80.45923077,31.63461538,40,2025,October
Barrackpore WBPCB Office,North 24 Pgs.,10/2/2025,22.859509,88.42931,31.57142857,18.87571429,31.12714286,92.03,28.80857143,40,2025,October
Barrackpore WBPCB Office,North 24 Pgs.,10/3/2025,22.859509,88.42931,38.7,22.474,38.385,95.884,28.075,40,2025,October
Barrackpore WBPCB Office,North 24 Pgs.,10/4/2025,22.859509,88.42931,44.3,26.1795,44.0005,88.1585,29.9725,40,2025,October
Barrackpore WBPCB Office,North 24 Pgs.,10/5/2025,22.859509,88.42931,44.61538462,26.06846154,44.23846154,88.84615385,28.90692308,40,2025,October
Barrackpore WBPCB Office,North 24 Pgs.,10/6/2025,22.859509,88.42931,51,29.7125,51.02166667,86.41,29.7575,41,2025,October
Barrackpore WBPCB Office,North 24 Pgs.,10/7/2025,22.859509,88.42931,56.04166667,32.72791667,56.10625,86.29,29.34958333,41,2025,October
Barrackpore WBPCB Office,North 24 Pgs.,10/8/2025,22.859509,88.42931,53.625,31.32041667,53.65166667,88.44291667,28.82458333,41,2025,October
Barrackpore WBPCB Office,North 24 Pgs.,10/9/2025,22.859509,88.42931,62.33333333,36.21458333,62.315,84.63625,29.81666667,41,2025,October
Barrackpore WBPCB Office,North 24 Pgs.,10/10/2025,22.859509,88.42931,55.52173913,32.37304348,55.45347826,88.36043478,28.55913043,41,2025,October
Barrackpore WBPCB Office,North 24 Pgs.,10/11/2025,22.859509,88.42931,52.52380952,30.15238095,52.48142857,80.59857143,30.05333333,41,2025,October
Barrackpore WBPCB Office,North 24 Pgs.,10/12/2025,22.859509,88.42931,56.95833333,32.6625,57.05458333,78.67833333,30.20541667,41,2025,October
Barrackpore WBPCB Office,North 24 Pgs.,10/13/2025,22.859509,88.42931,58.95833333,33.5825,58.87166667,75.97208333,29.80583333,42,2025,October
Barrackpore WBPCB Office,North 24 Pgs.,10/14/2025,22.859509,88.42931,62.375,35.79375,62.50041667,75.26083333,29.65166667,42,2025,October
Barrackpore WBPCB Office,North 24 Pgs.,10/15/2025,22.859509,88.42931,66.95833333,38.4875,66.93958333,72.645,29.43125,42,2025,October
Barrackpore WBPCB Office,North 24 Pgs.,10/16/2025,22.859509,88.42931,69.70833333,39.77375,69.63291667,71.70708333,29.42291667,42,2025,October
Barrackpore WBPCB Office,North 24 Pgs.,10/17/2025,22.859509,88.42931,77.91666667,44.53583333,77.91833333,74.5525,29.8275,42,2025,October
Barrackpore WBPCB Office,North 24 Pgs.,10/18/2025,22.859509,88.42931,73.79166667,42.44125,73.86416667,75.43166667,30.58916667,42,2025,October
Barrackpore WBPCB Office,North 24 Pgs.,10/19/2025,22.859509,88.42931,69.66666667,40.13083333,69.65041667,77.02416667,31.24416667,42,2025,October
Barrackpore WBPCB Office,North 24 Pgs.,10/20/2025,22.859509,88.42931,69.41666667,40.01666667,69.37916667,77.03625,31.25,43,2025,October
Barrackpore WBPCB Office,North 24 Pgs.,10/21/2025,22.859509,88.42931,79.29166667,45.4925,79.30666667,73.5275,31.03291667,43,2025,October
Barrackpore WBPCB Office,North 24 Pgs.,10/22/2025,22.859509,88.42931,85.875,49.02375,86.14125,73.04333333,31.03791667,43,2025,October
Barrackpore WBPCB Office,North 24 Pgs.,10/23/2025,22.859509,88.42931,74.08333333,41.90375,74.24916667,71.23375,31.12041667,43,2025,October
Barrackpore WBPCB Office,North 24 Pgs.,10/24/2025,22.859509,88.42931,77.41666667,43.93666667,77.75333333,71.12125,30.91958333,43,2025,October
Barrackpore WBPCB Office,North 24 Pgs.,10/25/2025,22.859509,88.42931,77.25,44.205,77.32208333,73.20208333,30.97958333,43,2025,October
Barrackpore WBPCB Office,North 24 Pgs.,10/26/2025,22.859509,88.42931,69.95833333,40.19625,70.02375,76.40208333,30.8375,43,2025,October
Barrackpore WBPCB Office,North 24 Pgs.,10/27/2025,22.859509,88.42931,72.875,42.17125,72.90666667,75.4975,31.22666667,44,2025,October
Barrackpore WBPCB Office,North 24 Pgs.,10/28/2025,22.859509,88.42931,58.375,33.89333333,58.42583333,77.27875,30.56833333,44,2025,October
Barrackpore WBPCB Office,North 24 Pgs.,10/29/2025,22.859509,88.42931,36.91304348,21.59434783,36.88347826,92.15130435,27.27826087,44,2025,October
Barrackpore WBPCB Office,North 24 Pgs.,10/30/2025,22.859509,88.42931,32.91304348,19.46130435,32.90826087,89.24913043,28.24217391,44,2025,October
Barrackpore WBPCB Office,North 24 Pgs.,10/31/2025,22.859509,88.42931,39.75,23.2575,39.65458333,84.08625,29.5825,44,2025,October
Barrackpore WBPCB Office,North 24 Pgs.,11/1/2025,22.859509,88.42931,43.75,25.69625,43.845,83.80291667,29.78708333,44,2025,November
Barrackpore WBPCB Office,North 24 Pgs.,11/2/2025,22.859509,88.42931,41,24.08,41.09708333,82.29416667,27.31625,44,2025,November
Barrackpore WBPCB Office,North 24 Pgs.,11/3/2025,22.859509,88.42931,59.54166667,34.50166667,59.53791667,75.82291667,27.7,45,2025,November
Barrackpore WBPCB Office,North 24 Pgs.,11/4/2025,22.859509,88.42931,103.9166667,59.51458333,103.2608333,79.095,27.01,45,2025,November
Barrackpore WBPCB Office,North 24 Pgs.,11/5/2025,22.859509,88.42931,104.625,59.44666667,103.48125,75.16541667,27.68916667,45,2025,November
Barrackpore WBPCB Office,North 24 Pgs.,11/6/2025,22.859509,88.42931,94.83333333,54.75125,95.2125,76.98958333,28.41541667,45,2025,November
Barrackpore WBPCB Office,North 24 Pgs.,11/7/2025,22.859509,88.42931,89.5,51.47583333,89.37541667,74.27,28.65958333,45,2025,November
Barrackpore WBPCB Office,North 24 Pgs.,11/8/2025,22.859509,88.42931,58.91666667,33.61708333,58.87416667,61.64083333,27.07333333,45,2025,November
Barrackpore WBPCB Office,North 24 Pgs.,11/9/2025,22.859509,88.42931,65.58333333,37.36375,65.79458333,63.15833333,25.76625,45,2025,November
Barrackpore WBPCB Office,North 24 Pgs.,11/10/2025,22.859509,88.42931,87.75,49.35458333,86.275,67.94041667,25.80666667,46,2025,November
Barrackpore WBPCB Office,North 24 Pgs.,11/11/2025,22.859509,88.42931,85.29166667,48.27791667,84.6875,66.11291667,25.15875,46,2025,November
Barrackpore WBPCB Office,North 24 Pgs.,11/12/2025,22.859509,88.42931,97,55.43583333,97.72541667,67.62833333,24.28458333,46,2025,November
Barrackpore WBPCB Office,North 24 Pgs.,11/13/2025,22.859509,88.42931,97.5,54.77291667,96.39791667,68.78416667,24.51458333,46,2025,November
Barrackpore WBPCB Office,North 24 Pgs.,11/14/2025,22.859509,88.42931,88.20833333,50.35291667,88.55458333,69.28083333,24.62541667,46,2025,November
Barrackpore WBPCB Office,North 24 Pgs.,11/15/2025,22.859509,88.42931,85.54166667,48.99208333,86.045,69.17875,24.98291667,46,2025,November
Barrackpore WBPCB Office,North 24 Pgs.,11/16/2025,22.859509,88.42931,88.08333333,50.55375,88.65291667,69.08958333,24.965,46,2025,November
Barrackpore WBPCB Office,North 24 Pgs.,11/17/2025,22.859509,88.42931,81.75,46.62875,81.84,68.66958333,25.38583333,47,2025,November
Barrackpore WBPCB Office,North 24 Pgs.,11/18/2025,22.859509,88.42931,71.75,40.53708333,71.75875,69.0825,25.6625,47,2025,November
Barrackpore WBPCB Office,North 24 Pgs.,11/19/2025,22.859509,88.42931,64.16666667,36.47916667,64.33666667,66.62625,26.015,47,2025,November
Barrackpore WBPCB Office,North 24 Pgs.,11/20/2025,22.859509,88.42931,77.25,43.82791667,77.59333333,67.92583333,25.99791667,47,2025,November
Barrackpore WBPCB Office,North 24 Pgs.,11/21/2025,22.859509,88.42931,92.625,51.95916667,91.61208333,69.995,25.445,47,2025,November
Barrackpore WBPCB Office,North 24 Pgs.,11/22/2025,22.859509,88.42931,100.1666667,56.50833333,99.85291667,71.86125,24.90833333,47,2025,November
Barrackpore WBPCB Office,North 24 Pgs.,11/23/2025,22.859509,88.42931,102.25,57.35791667,101.1991667,71.12958333,25.03041667,47,2025,November
Barrackpore WBPCB Office,North 24 Pgs.,11/24/2025,22.859509,88.42931,101.1666667,57.18916667,101.1516667,69.33458333,24.1275,48,2025,November
Barrackpore WBPCB Office,North 24 Pgs.,11/25/2025,22.859509,88.42931,102.6666667,57.89166667,102.4754167,67.69541667,23.30791667,48,2025,November
Barrackpore WBPCB Office,North 24 Pgs.,11/26/2025,22.859509,88.42931,91.5,51.92208333,92.07833333,63.98833333,23.22583333,48,2025,November
Barrackpore WBPCB Office,North 24 Pgs.,11/27/2025,22.859509,88.42931,86.75,48.51791667,86.49833333,70.41916667,23.8825,48,2025,November
Barrackpore WBPCB Office,North 24 Pgs.,11/28/2025,22.859509,88.42931,80.5,45.255,80.67583333,70.47666667,24.47416667,48,2025,November
Barrackpore WBPCB Office,North 24 Pgs.,11/29/2025,22.859509,88.42931,83.75,47.09708333,83.97458333,71.36,24.3,48,2025,November
Barrackpore WBPCB Office,North 24 Pgs.,11/30/2025,22.859509,88.42931,92.45833333,52.43333333,93.27291667,71.43833333,24.18375,48,2025,November
Barrackpore WBPCB Office,North 24 Pgs.,12/1/2025,22.859509,88.42931,106,60.12,109.16,84.49,20.78,49,2025,December
Basirhat College,North 24 Pgs.,8/31/2025,22.670504,88.847969,36.31818182,20.72636364,36.28727273,80.42727273,31.19545455,35,2025,August
Basirhat College,North 24 Pgs.,9/1/2025,22.670504,88.847969,45.33333333,25.58583333,45.28625,79.575,32.49458333,36,2025,September
Basirhat College,North 24 Pgs.,9/2/2025,22.670504,88.847969,35.20833333,18.08083333,35.17916667,90.45458333,28.07125,36,2025,September
Basirhat College,North 24 Pgs.,9/3/2025,22.670504,88.847969,29.16666667,17.1175,29.14666667,90.6275,28.05916667,36,2025,September
Basirhat College,North 24 Pgs.,9/4/2025,22.670504,88.847969,32.04166667,18.84291667,32.03958333,88.65416667,29.12458333,36,2025,September
Basirhat College,North 24 Pgs.,9/5/2025,22.670504,88.847969,41.95833333,23.74833333,42.01541667,84.90375,30.62833333,36,2025,September
Basirhat College,North 24 Pgs.,9/6/2025,22.670504,88.847969,44.43478261,24.65869565,44.34695652,78.63304348,31.83478261,36,2025,September
Basirhat College,North 24 Pgs.,9/7/2025,22.670504,88.847969,41.125,23.11791667,41.04791667,77.37458333,32.11,36,2025,September
Basirhat College,North 24 Pgs.,9/8/2025,22.670504,88.847969,39.66666667,22.16875,39.70625,74.23916667,32.66166667,37,2025,September
Basirhat College,North 24 Pgs.,9/9/2025,22.670504,88.847969,41.08333333,23.17875,41.10708333,73.70875,32.84916667,37,2025,September
Basirhat College,North 24 Pgs.,9/10/2025,22.670504,88.847969,40.875,23.21083333,40.87583333,73.83,32.96375,37,2025,September
Basirhat College,North 24 Pgs.,9/11/2025,22.670504,88.847969,38.17391304,22.15913043,38.15608696,79.34869565,31.94478261,37,2025,September
Basirhat College,North 24 Pgs.,9/12/2025,22.670504,88.847969,35.16666667,20.57666667,35.1875,80.16083333,31.47833333,37,2025,September
Basirhat College,North 24 Pgs.,9/13/2025,22.670504,88.847969,34.25,19.96583333,34.1875,79.07375,31.76291667,37,2025,September
Basirhat College,North 24 Pgs.,9/14/2025,22.670504,88.847969,32.75,19.27041667,32.7325,83.27166667,30.59333333,37,2025,September
Basirhat College,North 24 Pgs.,9/15/2025,22.670504,88.847969,34.14285714,20.02666667,34.04809524,86.34190476,29.74,38,2025,September
Basirhat College,North 24 Pgs.,9/16/2025,22.670504,88.847969,35.125,20.49083333,35.13791667,83.94375,29.8925,38,2025,September
Basirhat College,North 24 Pgs.,9/17/2025,22.670504,88.847969,37.45833333,21.81541667,37.48375,83.23833333,30.73541667,38,2025,September
Basirhat College,North 24 Pgs.,9/18/2025,22.670504,88.847969,44.29166667,25.29791667,44.2925,77.62291667,32.26833333,38,2025,September
Basirhat College,North 24 Pgs.,9/19/2025,22.670504,88.847969,50.17391304,28.92956522,50.19652174,77.44565217,32.75782609,38,2025,September
Basirhat College,North 24 Pgs.,9/20/2025,22.670504,88.847969,56.33333333,32.76083333,56.345,87.99875,29.94708333,38,2025,September
Basirhat College,North 24 Pgs.,9/21/2025,22.670504,88.847969,67.20833333,38.9775,67.18,81.6025,31.22208333,38,2025,September
Basirhat College,North 24 Pgs.,9/22/2025,22.670504,88.847969,50.45833333,29.59541667,50.56708333,87.49166667,29.31958333,39,2025,September
Basirhat College,North 24 Pgs.,9/23/2025,22.670504,88.847969,38.625,22.70041667,38.67833333,87.455,29.1225,39,2025,September
Basirhat College,North 24 Pgs.,9/24/2025,22.670504,88.847969,40.45833333,23.68708333,40.50291667,81.48125,30.87625,39,2025,September
Basirhat College,North 24 Pgs.,9/25/2025,22.670504,88.847969,42.26315789,24.62947368,42.29052632,79.13157895,31.91210526,39,2025,September
Basirhat College,North 24 Pgs.,9/26/2025,22.670504,88.847969,33.60869565,19.79565217,33.64652174,81.77782609,30.8826087,39,2025,September
Basirhat College,North 24 Pgs.,9/27/2025,22.670504,88.847969,36.34782609,21.07826087,36.3073913,81.61130435,30.90608696,39,2025,September
Basirhat College,North 24 Pgs.,9/28/2025,22.670504,88.847969,37.08695652,21.30565217,37.08826087,78.55391304,31.78782609,39,2025,September
Basirhat College,North 24 Pgs.,9/29/2025,22.670504,88.847969,39.125,22.59625,39.07916667,76.71166667,32.56958333,40,2025,September
Basirhat College,North 24 Pgs.,9/30/2025,22.670504,88.847969,46.29166667,26.92125,46.38958333,76.51291667,32.36958333,40,2025,September
Basirhat College,North 24 Pgs.,10/1/2025,22.670504,88.847969,38.125,22.30916667,37.9975,86.34125,29.71625,40,2025,October
Basirhat College,North 24 Pgs.,10/2/2025,22.670504,88.847969,30.79166667,18.07541667,30.72625,91.01083333,28.17375,40,2025,October
Basirhat College,North 24 Pgs.,10/3/2025,22.670504,88.847969,36.95833333,21.34333333,36.95083333,90.71666667,28.51166667,40,2025,October
Basirhat College,North 24 Pgs.,10/4/2025,22.670504,88.847969,38.95833333,22.405,38.96208333,85.43833333,29.89875,40,2025,October
Basirhat College,North 24 Pgs.,10/5/2025,22.670504,88.847969,35.83333333,20.89416667,35.78458333,84.65708333,29.60375,40,2025,October
Basirhat College,North 24 Pgs.,10/6/2025,22.670504,88.847969,48.91666667,28.60666667,48.9375,86.21166667,29.1675,41,2025,October
Basirhat College,North 24 Pgs.,10/7/2025,22.670504,88.847969,54.68181818,31.91045455,54.72318182,84.76136364,29.20227273,41,2025,October
Basirhat College,North 24 Pgs.,10/8/2025,22.670504,88.847969,57.08333333,33.10791667,57.03,87.06833333,29.10208333,41,2025,October
Basirhat College,North 24 Pgs.,10/9/2025,22.670504,88.847969,65.625,37.90833333,65.69708333,82.72208333,29.94416667,41,2025,October
Basirhat College,North 24 Pgs.,10/10/2025,22.670504,88.847969,60.45833333,35.0325,60.495,86.10125,28.72125,41,2025,October
Basirhat College,North 24 Pgs.,10/11/2025,22.670504,88.847969,46.95833333,27.40291667,46.92916667,85.91,28.64583333,41,2025,October
Basirhat College,North 24 Pgs.,10/12/2025,22.670504,88.847969,54.58333333,30.45333333,54.5625,79.03666667,29.83833333,41,2025,October
Basirhat College,North 24 Pgs.,10/13/2025,22.670504,88.847969,67.04166667,37.46625,67.10916667,75.19666667,29.51958333,42,2025,October
Basirhat College,North 24 Pgs.,10/14/2025,22.670504,88.847969,72.95833333,40.85,73.02958333,74.4675,29.25208333,42,2025,October
Basirhat College,North 24 Pgs.,10/15/2025,22.670504,88.847969,77.41666667,43.61333333,77.33916667,74.64166667,28.99833333,42,2025,October
Basirhat College,North 24 Pgs.,10/16/2025,22.670504,88.847969,82.70833333,46.54958333,82.69083333,74.5275,28.84416667,42,2025,October
Basirhat College,North 24 Pgs.,10/17/2025,22.670504,88.847969,87.16666667,49.1275,87.53041667,75.1,29.59125,42,2025,October
Basirhat College,North 24 Pgs.,10/18/2025,22.670504,88.847969,77.83333333,44.59583333,77.925,77.39375,30.05875,42,2025,October
Basirhat College,North 24 Pgs.,10/19/2025,22.670504,88.847969,64.83333333,37.59416667,65.0675,77.9575,30.36625,42,2025,October
Basirhat College,North 24 Pgs.,10/20/2025,22.670504,88.847969,76.25,43.22833333,75.15291667,78.02041667,30.435,43,2025,October
Basirhat College,North 24 Pgs.,10/21/2025,22.670504,88.847969,74.66666667,43.08916667,74.78666667,76.70958333,30.21875,43,2025,October
Basirhat College,North 24 Pgs.,10/22/2025,22.670504,88.847969,75.79166667,43.495,75.93833333,76.39583333,29.94416667,43,2025,October
Basirhat College,North 24 Pgs.,10/23/2025,22.670504,88.847969,74.83333333,43.01166667,75.19083333,73.7,30.08916667,43,2025,October
Basirhat College,North 24 Pgs.,10/24/2025,22.670504,88.847969,73.83333333,42.3075,73.88666667,73.67458333,30.18166667,43,2025,October
Basirhat College,North 24 Pgs.,10/25/2025,22.670504,88.847969,74.79166667,43.03083333,74.8875,75.11041667,30.25708333,43,2025,October
Basirhat College,North 24 Pgs.,10/26/2025,22.670504,88.847969,65.70833333,37.65541667,65.71916667,77.77083333,30.14791667,43,2025,October
Basirhat College,North 24 Pgs.,10/27/2025,22.670504,88.847969,83.29166667,48.02041667,83.48791667,77.54208333,30.71416667,44,2025,October
Basirhat College,North 24 Pgs.,10/28/2025,22.670504,88.847969,65.66666667,38.13416667,65.95666667,82.01666667,29.87166667,44,2025,October
Basirhat College,North 24 Pgs.,10/29/2025,22.670504,88.847969,39.72727273,23.13090909,39.70090909,91.36227273,27.66545455,44,2025,October
Basirhat College,North 24 Pgs.,10/30/2025,22.670504,88.847969,34.83333333,20.31875,34.74666667,85.05,29.09833333,44,2025,October
Basirhat College,North 24 Pgs.,10/31/2025,22.670504,88.847969,39.16666667,22.75416667,39.27333333,84.22958333,29.71833333,44,2025,October
Basirhat College,North 24 Pgs.,11/1/2025,22.670504,88.847969,49.79166667,28.7475,49.77291667,83.2475,30.20208333,44,2025,November
Basirhat College,North 24 Pgs.,11/2/2025,22.670504,88.847969,43.20833333,25.24,43.22625,81.71,27.69708333,44,2025,November
Basirhat College,North 24 Pgs.,11/3/2025,22.670504,88.847969,70.79166667,40.565,71.14541667,77.39708333,27.2125,45,2025,November
Basirhat College,North 24 Pgs.,11/4/2025,22.670504,88.847969,137.0416667,70.99791667,125.4991667,80.96875,26.64,45,2025,November
Basirhat College,North 24 Pgs.,11/5/2025,22.670504,88.847969,138.7083333,70.5475,124.31375,76.09875,27.52041667,45,2025,November
Basirhat College,North 24 Pgs.,11/6/2025,22.670504,88.847969,133.125,67.92375,120.0491667,78.30166667,28.04166667,45,2025,November
Basirhat College,North 24 Pgs.,11/7/2025,22.670504,88.847969,103.1666667,57.35708333,100.685,77.09375,28.23875,45,2025,November
Basirhat College,North 24 Pgs.,11/8/2025,22.670504,88.847969,75.33333333,42.2025,75.39125,65.46708333,26.41791667,45,2025,November
Basirhat College,North 24 Pgs.,11/9/2025,22.670504,88.847969,91.875,46.3925,85.72,68.24125,24.23625,45,2025,November
Basirhat College,North 24 Pgs.,11/10/2025,22.670504,88.847969,99.25,56.12875,100.74,64.5,27.36,46,2025,November
Basirhat College,North 24 Pgs.,11/11/2025,22.670504,88.847969,93.625,51.07125,93.54625,70.29375,23.7225,46,2025,November
Basirhat College,North 24 Pgs.,11/12/2025,22.670504,88.847969,109.6923077,60.85923077,109.2192308,66.38307692,24.27461538,46,2025,November
Basirhat College,North 24 Pgs.,11/13/2025,22.670504,88.847969,106.8333333,59.53041667,106.0183333,70.61875,23.55166667,46,2025,November
Basirhat College,North 24 Pgs.,11/14/2025,22.670504,88.847969,94.375,53.48958333,95.30958333,70.84458333,23.57875,46,2025,November
Basirhat College,North 24 Pgs.,11/15/2025,22.670504,88.847969,92.45833333,52.52208333,92.93625,73.79791667,23.87,46,2025,November
Basirhat College,North 24 Pgs.,11/16/2025,22.670504,88.847969,92.83333333,52.57958333,93.04666667,72.73791667,23.775,46,2025,November
Basirhat College,North 24 Pgs.,11/17/2025,22.670504,88.847969,81.5,45.97409091,81.73954545,73.43045455,24.08454545,47,2025,November
Basirhat College,North 24 Pgs.,11/18/2025,22.670504,88.847969,70.29166667,39.10791667,70.26166667,73.54791667,24.10208333,47,2025,November
Basirhat College,North 24 Pgs.,11/19/2025,22.670504,88.847969,62.16666667,34.86166667,62.17666667,71.52666667,24.705,47,2025,November
Basirhat College,North 24 Pgs.,11/20/2025,22.670504,88.847969,72.83333333,40.38666667,73.13875,71.695,24.9175,47,2025,November
Basirhat College,North 24 Pgs.,11/21/2025,22.670504,88.847969,84.25,47.57041667,84.6725,72.2425,24.39458333,47,2025,November
Basirhat College,North 24 Pgs.,11/22/2025,22.670504,88.847969,111.7391304,60.66478261,107.9378261,74.71782609,24.04565217,47,2025,November
Basirhat College,North 24 Pgs.,11/23/2025,22.670504,88.847969,106.45,59.269,105.3745,77.671,23.192,47,2025,November
Basirhat College,North 24 Pgs.,11/24/2025,22.670504,88.847969,107.875,60.5775,107.3533333,71.03041667,23.13666667,48,2025,November
Basirhat College,North 24 Pgs.,11/25/2025,22.670504,88.847969,122.5,65.33916667,116.2841667,70.18291667,22.27375,48,2025,November
Basirhat College,North 24 Pgs.,11/26/2025,22.670504,88.847969,120.375,64.11916667,114.4604167,70.90625,22.05375,48,2025,November
Basirhat College,North 24 Pgs.,11/27/2025,22.670504,88.847969,82.70833333,46.45833333,83.24833333,73.0275,22.64458333,48,2025,November
Basirhat College,North 24 Pgs.,11/28/2025,22.670504,88.847969,75.5,41.65916667,75.54416667,73.39583333,23.12291667,48,2025,November
Basirhat College,North 24 Pgs.,11/29/2025,22.670504,88.847969,85.41666667,48.00708333,85.31833333,74.96666667,23.10083333,48,2025,November
Basirhat College,North 24 Pgs.,11/30/2025,22.670504,88.847969,98.125,55.08708333,98.00125,75.04625,22.96416667,48,2025,November
Basirhat College,North 24 Pgs.,12/1/2025,22.670504,88.847969,105,59.28,107.81,88.08,20.87,49,2025,December
Bhairab Ganguly College,North 24 Pgs.,8/31/2025,22.6596117,88.3803253,39.91666667,23.95458333,37.5975,76.57333333,32.22583333,35,2025,August
Bhairab Ganguly College,North 24 Pgs.,9/1/2025,22.6596117,88.3803253,57.20833333,34.41291667,51.09625,75.59375,33.23583333,36,2025,September
Bhairab Ganguly College,North 24 Pgs.,9/2/2025,22.6596117,88.3803253,33.47826087,20.02608696,31.6973913,85.15826087,29.76391304,36,2025,September
Bhairab Ganguly College,North 24 Pgs.,9/3/2025,22.6596117,88.3803253,30.95833333,18.61125,29.82208333,86.595,29.01333333,36,2025,September
Bhairab Ganguly College,North 24 Pgs.,9/4/2025,22.6596117,88.3803253,34.875,20.95125,32.89291667,82.36791667,30.52416667,36,2025,September
Bhairab Ganguly College,North 24 Pgs.,9/5/2025,22.6596117,88.3803253,46,27.558,41.6045,80.782,30.9885,36,2025,September
Bhairab Ganguly College,North 24 Pgs.,9/6/2025,22.6596117,88.3803253,50.04166667,29.96833333,45.49708333,73.62083333,33.12458333,36,2025,September
Bhairab Ganguly College,North 24 Pgs.,9/7/2025,22.6596117,88.3803253,47.91666667,28.7025,43.60458333,75.53541667,32.3925,36,2025,September
Bhairab Ganguly College,North 24 Pgs.,9/8/2025,22.6596117,88.3803253,46.54166667,27.93291667,43.40375,71.62291667,32.99791667,37,2025,September
Bhairab Ganguly College,North 24 Pgs.,9/9/2025,22.6596117,88.3803253,49.66666667,29.80625,45.84375,72.97958333,32.83958333,37,2025,September
Bhairab Ganguly College,North 24 Pgs.,9/10/2025,22.6596117,88.3803253,48.875,29.30291667,45.06291667,71.91958333,33.25333333,37,2025,September
Bhairab Ganguly College,North 24 Pgs.,9/11/2025,22.6596117,88.3803253,48.58333333,29.16625,44.22333333,74.0825,32.95625,37,2025,September
Bhairab Ganguly College,North 24 Pgs.,9/12/2025,22.6596117,88.3803253,41.41666667,24.84375,38.42666667,75.6075,32.2725,37,2025,September
Bhairab Ganguly College,North 24 Pgs.,9/13/2025,22.6596117,88.3803253,38.83333333,23.20666667,36.67416667,73.65208333,32.50333333,37,2025,September
Bhairab Ganguly College,North 24 Pgs.,9/14/2025,22.6596117,88.3803253,38.86956522,23.29478261,35.52652174,83.86652174,30.15043478,37,2025,September
Bhairab Ganguly College,North 24 Pgs.,9/15/2025,22.6596117,88.3803253,43.04166667,25.82791667,38.30916667,85.34208333,29.62666667,38,2025,September
Bhairab Ganguly College,North 24 Pgs.,9/16/2025,22.6596117,88.3803253,44.5,26.73666667,39.53583333,84.98583333,29.90958333,38,2025,September
Bhairab Ganguly College,North 24 Pgs.,9/17/2025,22.6596117,88.3803253,47.33333333,28.42791667,41.63375,80.28208333,30.96708333,38,2025,September
Bhairab Ganguly College,North 24 Pgs.,9/18/2025,22.6596117,88.3803253,47.66666667,28.59833333,42.59375,74.655,32.68708333,38,2025,September
Bhairab Ganguly College,North 24 Pgs.,9/19/2025,22.6596117,88.3803253,67.45833333,40.37125,56.95166667,77.65583333,32.56416667,38,2025,September
Bhairab Ganguly College,North 24 Pgs.,9/20/2025,22.6596117,88.3803253,72.30434783,43.39913043,59.96695652,84.71565217,30.91347826,38,2025,September
Bhairab Ganguly College,North 24 Pgs.,9/21/2025,22.6596117,88.3803253,88.625,53.05041667,70.14916667,78.4825,31.93916667,38,2025,September
Bhairab Ganguly College,North 24 Pgs.,9/22/2025,22.6596117,88.3803253,66.04166667,39.61666667,54.95125,82.57666667,30.23291667,39,2025,September
Bhairab Ganguly College,North 24 Pgs.,9/23/2025,22.6596117,88.3803253,52.66666667,31.56333333,44.6575,87.29458333,29.56666667,39,2025,September
Bhairab Ganguly College,North 24 Pgs.,9/24/2025,22.6596117,88.3803253,52.70833333,31.61625,45.495,78.25541667,31.73083333,39,2025,September
Bhairab Ganguly College,North 24 Pgs.,9/25/2025,22.6596117,88.3803253,50.33333333,30.22458333,44.29833333,76.62291667,32.5625,39,2025,September
Bhairab Ganguly College,North 24 Pgs.,9/26/2025,22.6596117,88.3803253,41.25,24.73,37.27208333,80.17333333,31.47833333,39,2025,September
Bhairab Ganguly College,North 24 Pgs.,9/27/2025,22.6596117,88.3803253,37.16666667,22.31541667,34.67708333,77.37958333,32.11791667,39,2025,September
Bhairab Ganguly College,North 24 Pgs.,9/28/2025,22.6596117,88.3803253,36.79166667,22.09166667,34.71666667,74.55833333,32.6175,39,2025,September
Bhairab Ganguly College,North 24 Pgs.,9/29/2025,22.6596117,88.3803253,44.91666667,26.91208333,40.96958333,73.98916667,32.78041667,40,2025,September
Bhairab Ganguly College,North 24 Pgs.,9/30/2025,22.6596117,88.3803253,50.95833333,30.53208333,44.46375,77.78416667,32.1625,40,2025,September
Bhairab Ganguly College,North 24 Pgs.,10/1/2025,22.6596117,88.3803253,40.20833333,24.13708333,36.3175,79.49125,31.00166667,40,2025,October
Bhairab Ganguly College,North 24 Pgs.,10/2/2025,22.6596117,88.3803253,31.375,18.81125,29.67416667,88.05,28.91458333,40,2025,October
Bhairab Ganguly College,North 24 Pgs.,10/3/2025,22.6596117,88.3803253,38.70833333,23.24208333,35.35375,88.79916667,29.085,40,2025,October
Bhairab Ganguly College,North 24 Pgs.,10/4/2025,22.6596117,88.3803253,41.95833333,25.1175,37.86583333,83.39708333,30.635,40,2025,October
Bhairab Ganguly College,North 24 Pgs.,10/5/2025,22.6596117,88.3803253,39.33333333,23.59458333,35.65541667,84.92125,29.08833333,40,2025,October
Bhairab Ganguly College,North 24 Pgs.,10/6/2025,22.6596117,88.3803253,72.33333333,42.67458333,59.23416667,84.71916667,29.87583333,41,2025,October
Bhairab Ganguly College,North 24 Pgs.,10/7/2025,22.6596117,88.3803253,66.08333333,39.62,54.52208333,79.76791667,30.65958333,41,2025,October
Bhairab Ganguly College,North 24 Pgs.,10/8/2025,22.6596117,88.3803253,79.66666667,47.26875,63.34916667,82.89416667,29.57708333,41,2025,October
Bhairab Ganguly College,North 24 Pgs.,10/9/2025,22.6596117,88.3803253,82.91666667,49.50333333,66.43416667,78.89833333,30.69458333,41,2025,October
Bhairab Ganguly College,North 24 Pgs.,10/10/2025,22.6596117,88.3803253,75.625,45.34,60.92916667,82.605,29.37625,41,2025,October
Bhairab Ganguly College,North 24 Pgs.,10/11/2025,22.6596117,88.3803253,64.08333333,38.42583333,54.77083333,77.18875,30.28166667,41,2025,October
Bhairab Ganguly College,North 24 Pgs.,10/12/2025,22.6596117,88.3803253,67.83333333,40.67458333,58.38666667,73.42708333,31.41041667,41,2025,October
Bhairab Ganguly College,North 24 Pgs.,10/13/2025,22.6596117,88.3803253,76.41666667,45.80958333,64.19,69.62166667,31.16583333,42,2025,October
Bhairab Ganguly College,North 24 Pgs.,10/14/2025,22.6596117,88.3803253,79.29166667,47.535,65.98666667,67.8975,30.72625,42,2025,October
Bhairab Ganguly College,North 24 Pgs.,10/15/2025,22.6596117,88.3803253,83.66666667,50.1425,68.32291667,65.30875,30.50625,42,2025,October
Bhairab Ganguly College,North 24 Pgs.,10/16/2025,22.6596117,88.3803253,96.79166667,55.63,75.65416667,65.08875,30.21375,42,2025,October
Bhairab Ganguly College,North 24 Pgs.,10/17/2025,22.6596117,88.3803253,118.375,64.5,85.81333333,67.10708333,30.77083333,42,2025,October
Bhairab Ganguly College,North 24 Pgs.,10/18/2025,22.6596117,88.3803253,104.7083333,59.20666667,78.79916667,69.41375,31.21458333,42,2025,October
Bhairab Ganguly College,North 24 Pgs.,10/19/2025,22.6596117,88.3803253,82.33333333,48.45375,65.88958333,70.88583333,31.86291667,42,2025,October
Bhairab Ganguly College,North 24 Pgs.,10/20/2025,22.6596117,88.3803253,102.9583333,55.54791667,73.74083333,72.57291667,32.12416667,43,2025,October
Bhairab Ganguly College,North 24 Pgs.,10/21/2025,22.6596117,88.3803253,135.875,68.89625,89.49,67.89458333,31.97375,43,2025,October
Bhairab Ganguly College,North 24 Pgs.,10/22/2025,22.6596117,88.3803253,127.4166667,67.10458333,88.35958333,67.77458333,31.2725,43,2025,October
Bhairab Ganguly College,North 24 Pgs.,10/23/2025,22.6596117,88.3803253,97.16666667,53.41291667,71.40833333,64.73083333,31.60333333,43,2025,October
Bhairab Ganguly College,North 24 Pgs.,10/24/2025,22.6596117,88.3803253,97.75,56.04083333,74.6525,65.07916667,31.43,43,2025,October
Bhairab Ganguly College,North 24 Pgs.,10/25/2025,22.6596117,88.3803253,112.5416667,60.18291667,80.69958333,67.53791667,31.67041667,43,2025,October
Bhairab Ganguly College,North 24 Pgs.,10/26/2025,22.6596117,88.3803253,112.875,60.54083333,80.52041667,73.25208333,30.96,43,2025,October
Bhairab Ganguly College,North 24 Pgs.,10/27/2025,22.6596117,88.3803253,101.125,55.94208333,74.93916667,69.98541667,31.82833333,44,2025,October
Bhairab Ganguly College,North 24 Pgs.,10/28/2025,22.6596117,88.3803253,78.375,43.86,60.07208333,74.48083333,31.10875,44,2025,October
Bhairab Ganguly College,North 24 Pgs.,10/29/2025,22.6596117,88.3803253,45.375,27.25,40.19583333,87.33458333,27.96,44,2025,October
Bhairab Ganguly College,North 24 Pgs.,10/30/2025,22.6596117,88.3803253,42.625,25.605,38.22125,84.06958333,29.03,44,2025,October
Bhairab Ganguly College,North 24 Pgs.,10/31/2025,22.6596117,88.3803253,45.95833333,27.50083333,40.64458333,79.02916667,30.4325,44,2025,October
Bhairab Ganguly College,North 24 Pgs.,11/1/2025,22.6596117,88.3803253,53.58333333,32.19791667,46.13416667,79.57166667,30.42791667,44,2025,November
Bhairab Ganguly College,North 24 Pgs.,11/2/2025,22.6596117,88.3803253,41.04166667,24.52958333,36.57375,77.90375,27.89458333,44,2025,November
Bhairab Ganguly College,North 24 Pgs.,11/3/2025,22.6596117,88.3803253,90.41666667,50.05541667,67.5275,69.26875,28.56833333,45,2025,November
Bhairab Ganguly College,North 24 Pgs.,11/4/2025,22.6596117,88.3803253,243.7083333,103.1366667,129.8025,72.10208333,27.85,45,2025,November
Bhairab Ganguly College,North 24 Pgs.,11/5/2025,22.6596117,88.3803253,239.875,102.2504167,129.2845833,70.755,28.24041667,45,2025,November
Bhairab Ganguly College,North 24 Pgs.,11/6/2025,22.6596117,88.3803253,188.7916667,86.82583333,112.00125,72.93083333,28.79,45,2025,November
Bhairab Ganguly College,North 24 Pgs.,11/7/2025,22.6596117,88.3803253,172.8333333,81.85375,105.1791667,68.27,29.49041667,45,2025,November
Bhairab Ganguly College,North 24 Pgs.,11/8/2025,22.6596117,88.3803253,80.29166667,47.875,65.55625,54.81583333,28.11583333,45,2025,November
Bhairab Ganguly College,North 24 Pgs.,11/9/2025,22.6596117,88.3803253,92.04166667,53.80208333,73.105,55.71291667,26.75791667,45,2025,November
Bhairab Ganguly College,North 24 Pgs.,11/10/2025,22.6596117,88.3803253,145.0416667,73.49,95.58083333,61.05875,26.71458333,46,2025,November
Bhairab Ganguly College,North 24 Pgs.,11/11/2025,22.6596117,88.3803253,160.4583333,78.14125,101.5308333,57.52541667,26.10916667,46,2025,November
Bhairab Ganguly College,North 24 Pgs.,11/12/2025,22.6596117,88.3803253,209.7083333,92.885,118.7125,58.15375,25.44916667,46,2025,November
Bhairab Ganguly College,North 24 Pgs.,11/13/2025,22.6596117,88.3803253,202.25,90.68583333,116.2254167,60.00041667,25.625,46,2025,November
Bhairab Ganguly College,North 24 Pgs.,11/14/2025,22.6596117,88.3803253,186.25,85.70416667,110.7595833,62.215,25.40791667,46,2025,November
Bhairab Ganguly College,North 24 Pgs.,11/15/2025,22.6596117,88.3803253,141.375,72.35166667,93.10583333,61.14125,25.76208333,46,2025,November
Bhairab Ganguly College,North 24 Pgs.,11/16/2025,22.6596117,88.3803253,153.875,75.64958333,98.05083333,62.30125,25.59708333,46,2025,November
Bhairab Ganguly College,North 24 Pgs.,11/17/2025,22.6596117,88.3803253,142.875,70.86,93.15791667,62.89041667,26.05291667,47,2025,November
Bhairab Ganguly College,North 24 Pgs.,11/18/2025,22.6596117,88.3803253,128.2916667,64.73916667,87.71875,64.04083333,26.37791667,47,2025,November
Bhairab Ganguly College,North 24 Pgs.,11/19/2025,22.6596117,88.3803253,117.0833333,60.36291667,84.23916667,62.09,26.90916667,47,2025,November
Bhairab Ganguly College,North 24 Pgs.,11/20/2025,22.6596117,88.3803253,150.9583333,73.84916667,98.68125,60.36375,26.90333333,47,2025,November
Bhairab Ganguly College,North 24 Pgs.,11/21/2025,22.6596117,88.3803253,191.3333333,88.5825,115.1879167,61.87416667,26.49708333,47,2025,November
Bhairab Ganguly College,North 24 Pgs.,11/22/2025,22.6596117,88.3803253,241.5,103.9704167,133.92125,65.08916667,25.85416667,47,2025,November
Bhairab Ganguly College,North 24 Pgs.,11/23/2025,22.6596117,88.3803253,240.4166667,109.5991667,140.0533333,66.52791667,25.85625,47,2025,November
Bhairab Ganguly College,North 24 Pgs.,11/24/2025,22.6596117,88.3803253,217.8333333,95.50458333,120.9325,62.50333333,25.195,48,2025,November
Bhairab Ganguly College,North 24 Pgs.,11/25/2025,22.6596117,88.3803253,228.5833333,99.26708333,125.7233333,58.69583333,24.34125,48,2025,November
Bhairab Ganguly College,North 24 Pgs.,11/26/2025,22.6596117,88.3803253,185.0833333,85.52416667,109.7779167,55.2525,24.17125,48,2025,November
Bhairab Ganguly College,North 24 Pgs.,11/27/2025,22.6596117,88.3803253,155.1666667,73.65875,96.51291667,62.6325,24.88208333,48,2025,November
Bhairab Ganguly College,North 24 Pgs.,11/28/2025,22.6596117,88.3803253,190.25,88.21916667,117.32625,64.28583333,25.43541667,48,2025,November
Bhairab Ganguly College,North 24 Pgs.,11/29/2025,22.6596117,88.3803253,189.9166667,86.02208333,113.7320833,64.47625,25.33041667,48,2025,November
Bhairab Ganguly College,North 24 Pgs.,11/30/2025,22.6596117,88.3803253,195.6666667,89.61375,116.7775,65.28625,24.87041667,48,2025,November
Bhairab Ganguly College,North 24 Pgs.,12/1/2025,22.6596117,88.3803253,311,134.66,172.89,79.68,22.52,49,2025,December
Bhangar II BDO,North 24 Pgs.,8/31/2025,22.518792,88.609185,39.85,22.945,39.8355,74.4485,30.7845,35,2025,August
Bhangar II BDO,North 24 Pgs.,9/1/2025,22.518792,88.609185,54.79166667,31.13125,54.72208333,73.82583333,31.98,36,2025,September
Bhangar II BDO,North 24 Pgs.,9/2/2025,22.518792,88.609185,30.25,17.83958333,30.23041667,80.46041667,28.41833333,36,2025,September
Bhangar II BDO,North 24 Pgs.,9/3/2025,22.518792,88.609185,30.29166667,17.68041667,30.3825,82.61666667,27.92708333,36,2025,September
Bhangar II BDO,North 24 Pgs.,9/4/2025,22.518792,88.609185,35.875,20.96583333,35.9225,78.73125,29.2425,36,2025,September
Bhangar II BDO,North 24 Pgs.,9/5/2025,22.518792,88.609185,48.16666667,27.02916667,48.17458333,75.69625,30.28625,36,2025,September
Bhangar II BDO,North 24 Pgs.,9/6/2025,22.518792,88.609185,56,30.52166667,55.88625,72.63875,31.32041667,36,2025,September
Bhangar II BDO,North 24 Pgs.,9/7/2025,22.518792,88.609185,55,30.51875,54.99083333,72.27875,31.43291667,36,2025,September
Bhangar II BDO,North 24 Pgs.,9/8/2025,22.518792,88.609185,51.79166667,28.64875,51.84916667,69.91625,31.96458333,37,2025,September
Bhangar II BDO,North 24 Pgs.,9/9/2025,22.518792,88.609185,65.125,35.61541667,63.69708333,70.72916667,31.69458333,37,2025,September
Bhangar II BDO,North 24 Pgs.,9/10/2025,22.518792,88.609185,55.625,31.36416667,55.67541667,70.24791667,32.10458333,37,2025,September
Bhangar II BDO,North 24 Pgs.,9/11/2025,22.518792,88.609185,54.29166667,30.0675,52.20791667,71.30041667,31.65416667,37,2025,September
Bhangar II BDO,North 24 Pgs.,9/12/2025,22.518792,88.609185,42.20833333,24.68,42.13833333,74.38416667,30.7725,37,2025,September
Bhangar II BDO,North 24 Pgs.,9/13/2025,22.518792,88.609185,37.54166667,22.04041667,37.66666667,73.39833333,30.71916667,37,2025,September
Bhangar II BDO,North 24 Pgs.,9/14/2025,22.518792,88.609185,38.875,22.89916667,38.93333333,78.06,29.51208333,37,2025,September
Bhangar II BDO,North 24 Pgs.,9/15/2025,22.518792,88.609185,42.58333333,25.07875,42.58625,79.31958333,28.81916667,38,2025,September
Bhangar II BDO,North 24 Pgs.,9/16/2025,22.518792,88.609185,44.20833333,25.90083333,44.24416667,77.65708333,29.08416667,38,2025,September
Bhangar II BDO,North 24 Pgs.,9/17/2025,22.518792,88.609185,49.70833333,28.72583333,49.675,77.70625,29.53041667,38,2025,September
Bhangar II BDO,North 24 Pgs.,9/18/2025,22.518792,88.609185,55.33333333,31.51958333,55.25875,73.0125,31.31875,38,2025,September
Bhangar II BDO,North 24 Pgs.,9/19/2025,22.518792,88.609185,72.95833333,41.96083333,72.91416667,74.08416667,31.65708333,38,2025,September
Bhangar II BDO,North 24 Pgs.,9/20/2025,22.518792,88.609185,80.5,46.32458333,79.84125,81.53916667,29.185,38,2025,September
Bhangar II BDO,North 24 Pgs.,9/21/2025,22.518792,88.609185,97.04166667,55.0075,94.99,74.685,30.77291667,38,2025,September
Bhangar II BDO,North 24 Pgs.,9/22/2025,22.518792,88.609185,78.41666667,44.4425,76.52708333,80.05833333,28.95416667,39,2025,September
Bhangar II BDO,North 24 Pgs.,9/23/2025,22.518792,88.609185,56.79166667,33.17833333,56.79166667,80.34208333,28.59458333,39,2025,September
Bhangar II BDO,North 24 Pgs.,9/24/2025,22.518792,88.609185,62,36.14818182,61.85545455,83.65727273,28.29818182,39,2025,September
Bhangar II BDO,North 24 Pgs.,9/25/2025,22.518792,88.609185,32.33333333,19.10333333,32.31,87.27666667,26.73,39,2025,September
Bhangar II BDO,North 24 Pgs.,9/26/2025,22.518792,88.609185,39.79166667,23.37333333,39.67458333,76.20541667,30.36291667,39,2025,September
Bhangar II BDO,North 24 Pgs.,9/27/2025,22.518792,88.609185,44.83333333,25.19041667,44.79041667,73.53666667,30.855,39,2025,September
Bhangar II BDO,North 24 Pgs.,9/28/2025,22.518792,88.609185,43.95833333,24.62458333,43.92041667,71.51458333,31.5275,39,2025,September
Bhangar II BDO,North 24 Pgs.,9/29/2025,22.518792,88.609185,54,30.1225,53.97125,71.28125,32.06875,40,2025,September
Bhangar II BDO,North 24 Pgs.,9/30/2025,22.518792,88.609185,63.25,35.76541667,63.19583333,72.27416667,31.73541667,40,2025,September
Bhangar II BDO,North 24 Pgs.,10/1/2025,22.518792,88.609185,48.66666667,28.26541667,48.69,76.02791667,29.80333333,40,2025,October
Bhangar II BDO,North 24 Pgs.,10/2/2025,22.518792,88.609185,34.16666667,19.61625,34.19875,83.6,28.06333333,40,2025,October
Bhangar II BDO,North 24 Pgs.,10/3/2025,22.518792,88.609185,50.33333333,27.64541667,50.32666667,82.62541667,28.65083333,40,2025,October
Bhangar II BDO,North 24 Pgs.,10/4/2025,22.518792,88.609185,54.41666667,30.14416667,54.54,76.50375,30.19458333,40,2025,October
Bhangar II BDO,North 24 Pgs.,10/5/2025,22.518792,88.609185,54.45833333,31.28166667,54.49166667,82.70458333,27.775,40,2025,October
Bhangar II BDO,North 24 Pgs.,10/6/2025,22.518792,88.609185,77.33333333,44.34,77.01,81.11666667,28.15375,41,2025,October
Bhangar II BDO,North 24 Pgs.,10/7/2025,22.518792,88.609185,87.79166667,49.745,86.065,78.15291667,28.50666667,41,2025,October
Bhangar II BDO,North 24 Pgs.,10/8/2025,22.518792,88.609185,164.4166667,83.54416667,146.0404167,78.425,28.83416667,41,2025,October
Bhangar II BDO,North 24 Pgs.,10/9/2025,22.518792,88.609185,99.58333333,56.49041667,98.36708333,76.81541667,29.51916667,41,2025,October
Bhangar II BDO,North 24 Pgs.,10/10/2025,22.518792,88.609185,111.125,59.24166667,103.0266667,79.72291667,28.77958333,41,2025,October
Bhangar II BDO,North 24 Pgs.,10/11/2025,22.518792,88.609185,70.625,40.59875,70.72041667,76.35875,29.525,41,2025,October
Bhangar II BDO,North 24 Pgs.,10/12/2025,22.518792,88.609185,88.16666667,48.79625,88.58083333,74.23166667,30.16125,41,2025,October
Bhangar II BDO,North 24 Pgs.,10/13/2025,22.518792,88.609185,110.6666667,59.73833333,108.2204167,71.54208333,29.90583333,42,2025,October
Bhangar II BDO,North 24 Pgs.,10/14/2025,22.518792,88.609185,117.9166667,63.02791667,114.0020833,69.55833333,29.70875,42,2025,October
Bhangar II BDO,North 24 Pgs.,10/15/2025,22.518792,88.609185,131.125,67.98416667,122.21,68.81416667,29.34416667,42,2025,October
Bhangar II BDO,North 24 Pgs.,10/16/2025,22.518792,88.609185,151.5416667,75.11791667,135.31875,69.57916667,29.25083333,42,2025,October
Bhangar II BDO,North 24 Pgs.,10/17/2025,22.518792,88.609185,172.5,81.59041667,146.4495833,70.1325,29.63,42,2025,October
Bhangar II BDO,North 24 Pgs.,10/18/2025,22.518792,88.609185,137.9166667,68.88583333,122.4616667,69.66375,30.57791667,42,2025,October
Bhangar II BDO,North 24 Pgs.,10/19/2025,22.518792,88.609185,96.125,53.45958333,94.64583333,69.33708333,30.90708333,42,2025,October
Bhangar II BDO,North 24 Pgs.,10/20/2025,22.518792,88.609185,138.1666667,68.33041667,120.47125,69.81,31.18125,43,2025,October
Bhangar II BDO,North 24 Pgs.,10/21/2025,22.518792,88.609185,147.75,71.54041667,126.0966667,68.48791667,31.03333333,43,2025,October
Bhangar II BDO,North 24 Pgs.,10/22/2025,22.518792,88.609185,147.9583333,72.4875,128.37875,67.55041667,30.67541667,43,2025,October
Bhangar II BDO,North 24 Pgs.,10/23/2025,22.518792,88.609185,146.9166667,69.45625,123.3370833,65.83083333,31.06583333,43,2025,October
Bhangar II BDO,North 24 Pgs.,10/24/2025,22.518792,88.609185,125.75,64.71958333,114.55375,67.59125,30.74291667,43,2025,October
Bhangar II BDO,North 24 Pgs.,10/25/2025,22.518792,88.609185,119.75,62.41458333,109.9141667,69.25833333,30.70125,43,2025,October
Bhangar II BDO,North 24 Pgs.,10/26/2025,22.518792,88.609185,100.875,55.63875,97.90458333,68.90875,31.06916667,43,2025,October
Bhangar II BDO,North 24 Pgs.,10/27/2025,22.518792,88.609185,131.0416667,67.45541667,118.39,68.19083333,31.51458333,44,2025,October
Bhangar II BDO,North 24 Pgs.,10/28/2025,22.518792,88.609185,97.58333333,49.15125,84.85125,74.7775,30.05708333,44,2025,October
Bhangar II BDO,North 24 Pgs.,10/29/2025,22.518792,88.609185,48.375,28.38625,48.37541667,86.19708333,27.19833333,44,2025,October
Bhangar II BDO,North 24 Pgs.,10/30/2025,22.518792,88.609185,47.66666667,27.77041667,47.63083333,77.60666667,29.43333333,44,2025,October
Bhangar II BDO,North 24 Pgs.,10/31/2025,22.518792,88.609185,51.20833333,29.36,51.17125,74.03541667,30.17791667,44,2025,October
Bhangar II BDO,North 24 Pgs.,11/1/2025,22.518792,88.609185,70.29166667,40.05166667,70.33125,74.14166667,30.27041667,44,2025,November
Bhangar II BDO,North 24 Pgs.,11/2/2025,22.518792,88.609185,53.14285714,30.58857143,52.97428571,72.78071429,28.87785714,44,2025,November
Bhangar II BDO,North 24 Pgs.,11/4/2025,22.518792,88.609185,299.7777778,133.7344444,241.2955556,77.35555556,26.40777778,45,2025,November
Bhangar II BDO,North 24 Pgs.,11/5/2025,22.518792,88.609185,268.5416667,123.3420833,202.1458333,70.595,27.55791667,45,2025,November
Bhangar II BDO,North 24 Pgs.,11/6/2025,22.518792,88.609185,245.25,108.2320833,143.7083333,74.10916667,27.75958333,45,2025,November
Bhangar II BDO,North 24 Pgs.,11/7/2025,22.518792,88.609185,300.3333333,122.4866667,154.3966667,86.56333333,24.82,45,2025,November
Bhangar II BDO,North 24 Pgs.,11/8/2025,22.518792,88.609185,43.8,26.047,38.925,62.908,30.377,45,2025,November
Bhangar II BDO,North 24 Pgs.,11/9/2025,22.518792,88.609185,39.29166667,23.25583333,37.11791667,60.28291667,26.13708333,45,2025,November
Bhangar II BDO,North 24 Pgs.,11/10/2025,22.518792,88.609185,52.25,30.64708333,48.32875,66.37125,25.88875,46,2025,November
Bhangar II BDO,North 24 Pgs.,11/11/2025,22.518792,88.609185,50.33333333,29.81166667,44.22875,63.66875,25.28125,46,2025,November
Bhangar II BDO,North 24 Pgs.,11/12/2025,22.518792,88.609185,57.375,34.41875,45.87916667,64.18875,24.62541667,46,2025,November
Bhangar II BDO,North 24 Pgs.,11/13/2025,22.518792,88.609185,57.20833333,34.26,46.96958333,64.7225,24.82083333,46,2025,November
Bhangar II BDO,North 24 Pgs.,11/14/2025,22.518792,88.609185,53.875,32.10083333,45.98,64.705,24.76,46,2025,November
Bhangar II BDO,North 24 Pgs.,11/15/2025,22.518792,88.609185,52.45833333,31.21458333,44.4525,65.4975,25.17375,46,2025,November
Bhangar II BDO,North 24 Pgs.,11/16/2025,22.518792,88.609185,51.41666667,30.66583333,44.24708333,64.47,25.20791667,46,2025,November
Bhangar II BDO,North 24 Pgs.,11/17/2025,22.518792,88.609185,47.875,28.26875,42.55875,63.96541667,25.89,47,2025,November
Bhangar II BDO,North 24 Pgs.,11/18/2025,22.518792,88.609185,41.33333333,24.72958333,36.53166667,62.42375,26.34791667,47,2025,November
Bhangar II BDO,North 24 Pgs.,11/19/2025,22.518792,88.609185,37.33333333,22.37666667,33.29291667,61.8175,27.06083333,47,2025,November
Bhangar II BDO,North 24 Pgs.,11/20/2025,22.518792,88.609185,43.125,25.54083333,41.75208333,62.25083333,27.09083333,47,2025,November
Bhangar II BDO,North 24 Pgs.,11/21/2025,22.518792,88.609185,50.16666667,29.28666667,48.5375,63.60166667,26.44083333,47,2025,November
Bhangar II BDO,North 24 Pgs.,11/22/2025,22.518792,88.609185,59.95833333,35.57625,48.20333333,65.22166667,25.835,47,2025,November
Bhangar II BDO,North 24 Pgs.,11/23/2025,22.518792,88.609185,57.54166667,33.89958333,48.72958333,64.69,25.80666667,47,2025,November
Bhangar II BDO,North 24 Pgs.,11/24/2025,22.518792,88.609185,54.45833333,32.67333333,45.46041667,62.82625,25.37708333,48,2025,November
Bhangar II BDO,North 24 Pgs.,11/25/2025,22.518792,88.609185,55.29166667,33.09458333,47.59125,61.68791667,24.17291667,48,2025,November
Bhangar II BDO,North 24 Pgs.,11/26/2025,22.518792,88.609185,53.375,32.03666667,46.15708333,61.17375,23.94333333,48,2025,November
Bhangar II BDO,North 24 Pgs.,11/27/2025,22.518792,88.609185,45.41666667,26.92291667,39.88791667,60.835,25.38666667,48,2025,November
Bhangar II BDO,North 24 Pgs.,11/28/2025,22.518792,88.609185,45.4375,27.080625,42.16875,65.91875,23.581875,48,2025,November
Bhangar II BDO,North 24 Pgs.,11/29/2025,22.518792,88.609185,49.83333333,29.50083333,44.385,61.28541667,25.58291667,48,2025,November
Bhangar II BDO,North 24 Pgs.,11/30/2025,22.518792,88.609185,57.45833333,34.45208333,46.33833333,63.48375,25.11708333,48,2025,November
Bhangar II BDO,North 24 Pgs.,12/1/2025,22.518792,88.609185,69,41.3,51.86,73.67,21.23,49,2025,December
Bhatpara Municipality,North 24 Pgs.,8/31/2025,22.8480738,88.386008,25.70833333,15.37291667,24.65166667,77.46625,31.96708333,35,2025,August
Bhatpara Municipality,North 24 Pgs.,9/1/2025,22.8480738,88.386008,26.08333333,15.61625,25.05708333,78.96583333,32.52791667,36,2025,September
Bhatpara Municipality,North 24 Pgs.,9/2/2025,22.8480738,88.386008,24.54166667,14.8175,23.75333333,86.76541667,28.97958333,36,2025,September
Bhatpara Municipality,North 24 Pgs.,9/3/2025,22.8480738,88.386008,24.45833333,14.72416667,23.60583333,87.38541667,28.645,36,2025,September
Bhatpara Municipality,North 24 Pgs.,9/4/2025,22.8480738,88.386008,25.16666667,15.07666667,24.13416667,82.19,30.61791667,36,2025,September
Bhatpara Municipality,North 24 Pgs.,9/5/2025,22.8480738,88.386008,25.68421053,15.31789474,24.49263158,77.34526316,31.98052632,36,2025,September
Bhatpara Municipality,North 24 Pgs.,9/6/2025,22.8480738,88.386008,26.15384615,15.74769231,25.16846154,64.32153846,34.99230769,36,2025,September
Bhatpara Municipality,North 24 Pgs.,9/7/2025,22.8480738,88.386008,25.625,15.32583333,24.51416667,74.465,32.42541667,36,2025,September
Bhatpara Municipality,North 24 Pgs.,9/8/2025,22.8480738,88.386008,25.625,15.33125,24.4925,72.69208333,32.74208333,37,2025,September
Bhatpara Municipality,North 24 Pgs.,9/9/2025,22.8480738,88.386008,25.75,15.40583333,24.66416667,73.96291667,32.57458333,37,2025,September
Bhatpara Municipality,North 24 Pgs.,9/10/2025,22.8480738,88.386008,25.625,15.4175,24.62916667,74.37875,32.69291667,37,2025,September
Bhatpara Municipality,North 24 Pgs.,9/11/2025,22.8480738,88.386008,25.7,15.508,24.761,74.5115,33.0105,37,2025,September
Bhatpara Municipality,North 24 Pgs.,9/12/2025,22.8480738,88.386008,25.27272727,15.15363636,24.25363636,84.19636364,30.52636364,37,2025,September
Bhatpara Municipality,North 24 Pgs.,9/13/2025,22.8480738,88.386008,37.83333333,21.26666667,37.22166667,79.71666667,31.41958333,37,2025,September
Bhatpara Municipality,North 24 Pgs.,9/14/2025,22.8480738,88.386008,51.16666667,28.24166667,51.1375,87.75625,29.09208333,37,2025,September
Bhatpara Municipality,North 24 Pgs.,9/15/2025,22.8480738,88.386008,52.625,29.67416667,52.55958333,90.0325,28.29791667,38,2025,September
Bhatpara Municipality,North 24 Pgs.,9/16/2025,22.8480738,88.386008,55.45833333,31.40458333,55.51791667,88.64625,28.50541667,38,2025,September
Bhatpara Municipality,North 24 Pgs.,9/17/2025,22.8480738,88.386008,63.125,34.93,63.04208333,86.72833333,29.35333333,38,2025,September
Bhatpara Municipality,North 24 Pgs.,9/18/2025,22.8480738,88.386008,64.36363636,35.29,64.24272727,77.41,32.20636364,38,2025,September
Bhatpara Municipality,North 24 Pgs.,9/19/2025,22.8480738,88.386008,81.95833333,44.95583333,82.05666667,86.50125,30.17,38,2025,September
Bhatpara Municipality,North 24 Pgs.,9/20/2025,22.8480738,88.386008,95.54166667,53.54583333,96.67416667,88.07666667,29.34791667,38,2025,September
Bhatpara Municipality,North 24 Pgs.,9/21/2025,22.8480738,88.386008,103.2083333,56.78625,101.8516667,81.96375,30.98083333,38,2025,September
Bhatpara Municipality,North 24 Pgs.,9/22/2025,22.8480738,88.386008,72.875,40.75416667,72.90875,85.78416667,29.49083333,39,2025,September
Bhatpara Municipality,North 24 Pgs.,9/23/2025,22.8480738,88.386008,54.29166667,30.82166667,54.27708333,87.28583333,28.92875,39,2025,September
Bhatpara Municipality,North 24 Pgs.,9/24/2025,22.8480738,88.386008,59.25,33.04,59.28958333,80.025,31.09458333,39,2025,September
Bhatpara Municipality,North 24 Pgs.,9/25/2025,22.8480738,88.386008,60.16666667,33.2625,60.12541667,81.81625,30.90875,39,2025,September
Bhatpara Municipality,North 24 Pgs.,9/26/2025,22.8480738,88.386008,46.5,26.24416667,46.48083333,81.80083333,30.94125,39,2025,September
Bhatpara Municipality,North 24 Pgs.,9/27/2025,22.8480738,88.386008,48.79166667,26.975,48.62041667,79.13208333,31.62708333,39,2025,September
Bhatpara Municipality,North 24 Pgs.,9/28/2025,22.8480738,88.386008,55.41666667,30.34541667,55.56916667,78.02208333,31.82208333,39,2025,September
Bhatpara Municipality,North 24 Pgs.,9/29/2025,22.8480738,88.386008,66.95833333,37.19916667,67.07291667,78.48916667,31.85041667,40,2025,September
Bhatpara Municipality,North 24 Pgs.,9/30/2025,22.8480738,88.386008,66.20833333,37.44916667,66.0825,78.92833333,31.89458333,40,2025,September
Bhatpara Municipality,North 24 Pgs.,10/1/2025,22.8480738,88.386008,55.54166667,30.72041667,55.61125,79.99375,30.47958333,40,2025,October
Bhatpara Municipality,North 24 Pgs.,10/2/2025,22.8480738,88.386008,36.875,21.32875,36.85458333,90.2275,28.04208333,40,2025,October
Bhatpara Municipality,North 24 Pgs.,10/3/2025,22.8480738,88.386008,48.16666667,27.67041667,48.12541667,92.14583333,27.77708333,40,2025,October
Bhatpara Municipality,North 24 Pgs.,10/4/2025,22.8480738,88.386008,53.125,29.83833333,53.10375,86.18916667,29.85833333,40,2025,October
Bhatpara Municipality,North 24 Pgs.,10/5/2025,22.8480738,88.386008,52.16666667,29.53541667,52.19666667,87.37208333,28.41125,40,2025,October
Bhatpara Municipality,North 24 Pgs.,10/6/2025,22.8480738,88.386008,74.95833333,41.41291667,75.04916667,86.7175,28.41791667,41,2025,October
Bhatpara Municipality,North 24 Pgs.,10/7/2025,22.8480738,88.386008,80.875,45.69833333,80.92375,81.73791667,29.81208333,41,2025,October
Bhatpara Municipality,North 24 Pgs.,10/8/2025,22.8480738,88.386008,86.91666667,48.35208333,86.27416667,85.80708333,28.67458333,41,2025,October
Bhatpara Municipality,North 24 Pgs.,10/9/2025,22.8480738,88.386008,98.5,55.71,99.54166667,81.90583333,29.72583333,41,2025,October
Bhatpara Municipality,North 24 Pgs.,10/10/2025,22.8480738,88.386008,83.625,47.505,83.93208333,85.40333333,28.52416667,41,2025,October
Bhatpara Municipality,North 24 Pgs.,10/11/2025,22.8480738,88.386008,78.45833333,42.60666667,78.36791667,78.66375,29.79458333,41,2025,October
Bhatpara Municipality,North 24 Pgs.,10/12/2025,22.8480738,88.386008,98.66666667,52.74708333,98.1075,76.78958333,30.11083333,41,2025,October
Bhatpara Municipality,North 24 Pgs.,10/13/2025,22.8480738,88.386008,93.66666667,50.61791667,93.97375,73.23,30.0775,42,2025,October
Bhatpara Municipality,North 24 Pgs.,10/14/2025,22.8480738,88.386008,101.625,55.40916667,102.5516667,73.12166667,30.0025,42,2025,October
Bhatpara Municipality,North 24 Pgs.,10/15/2025,22.8480738,88.386008,101.3333333,56.33833333,103.15875,70.65458333,29.675,42,2025,October
Bhatpara Municipality,North 24 Pgs.,10/16/2025,22.8480738,88.386008,118.5833333,62.05375,113.42,69.63791667,29.405,42,2025,October
Bhatpara Municipality,North 24 Pgs.,10/17/2025,22.8480738,88.386008,136.0833333,70.65,127.78,71.98541667,29.96625,42,2025,October
Bhatpara Municipality,North 24 Pgs.,10/18/2025,22.8480738,88.386008,124.2083333,66.09125,119.42875,73.36708333,30.71125,42,2025,October
Bhatpara Municipality,North 24 Pgs.,10/19/2025,22.8480738,88.386008,149.7916667,72.12458333,130.9825,73.87916667,31.46041667,42,2025,October
Bhatpara Municipality,North 24 Pgs.,10/20/2025,22.8480738,88.386008,120.4166667,62.85041667,111.6508333,74.02916667,31.46375,43,2025,October
Bhatpara Municipality,North 24 Pgs.,10/21/2025,22.8480738,88.386008,135.4166667,69.34916667,124.9895833,71.40875,31.00708333,43,2025,October
Bhatpara Municipality,North 24 Pgs.,10/22/2025,22.8480738,88.386008,141,72.27958333,130.1570833,72.78208333,30.62333333,43,2025,October
Bhatpara Municipality,North 24 Pgs.,10/23/2025,22.8480738,88.386008,112.125,59.31166667,106.5366667,69.90375,30.75125,43,2025,October
Bhatpara Municipality,North 24 Pgs.,10/24/2025,22.8480738,88.386008,110.875,60.43125,108.5304167,68.65625,30.79291667,43,2025,October
Bhatpara Municipality,North 24 Pgs.,10/25/2025,22.8480738,88.386008,142.5833333,71.72708333,130.5295833,70.63666667,30.96291667,43,2025,October
Bhatpara Municipality,North 24 Pgs.,10/26/2025,22.8480738,88.386008,132.375,67.71541667,122.6675,72.97333333,31.24583333,43,2025,October
Bhatpara Municipality,North 24 Pgs.,10/27/2025,22.8480738,88.386008,126.625,66.31291667,120.3729167,71.30708333,31.605,44,2025,October
Bhatpara Municipality,North 24 Pgs.,10/28/2025,22.8480738,88.386008,95.08333333,50.72541667,90.71791667,73.28208333,31.13208333,44,2025,October
Bhatpara Municipality,North 24 Pgs.,10/29/2025,22.8480738,88.386008,53.625,29.92,53.59416667,87.41041667,27.59166667,44,2025,October
Bhatpara Municipality,North 24 Pgs.,10/30/2025,22.8480738,88.386008,46.70833333,26.36083333,46.71708333,83.34375,28.8675,44,2025,October
Bhatpara Municipality,North 24 Pgs.,10/31/2025,22.8480738,88.386008,61.16666667,33.90833333,61.18416667,79.43666667,30.09958333,44,2025,October
Bhatpara Municipality,North 24 Pgs.,11/1/2025,22.8480738,88.386008,61.8,34.774,61.719,82.768,29.302,44,2025,November
Bhatpara Municipality,North 24 Pgs.,11/2/2025,22.8480738,88.386008,46.16666667,26.53291667,46.04333333,80.24875,27.41291667,44,2025,November
Bhatpara Municipality,North 24 Pgs.,11/3/2025,22.8480738,88.386008,99.91666667,52.70333333,94.37708333,73.67166667,27.96541667,45,2025,November
Bhatpara Municipality,North 24 Pgs.,11/4/2025,22.8480738,88.386008,216.625,95.00416667,168.79625,77.105,27.15833333,45,2025,November
Bhatpara Municipality,North 24 Pgs.,11/5/2025,22.8480738,88.386008,215.9583333,94.88416667,169.2166667,72.61916667,27.895,45,2025,November
Bhatpara Municipality,North 24 Pgs.,11/6/2025,22.8480738,88.386008,192.5833333,88.02958333,156.7145833,72.57375,29.04875,45,2025,November
Bhatpara Municipality,North 24 Pgs.,11/7/2025,22.8480738,88.386008,162.375,78.67083333,139.5404167,71.46875,29.07958333,45,2025,November
Bhatpara Municipality,North 24 Pgs.,11/8/2025,22.8480738,88.386008,88.625,49.27958333,89.06708333,59.9275,27.59166667,45,2025,November
Bhatpara Municipality,North 24 Pgs.,11/9/2025,22.8480738,88.386008,102.7916667,54.48291667,98.95541667,60.65083333,26.13416667,45,2025,November
Bhatpara Municipality,North 24 Pgs.,11/10/2025,22.8480738,88.386008,132.0833333,69.27541667,124.0070833,64.91583333,26.11958333,46,2025,November
Bhatpara Municipality,North 24 Pgs.,11/11/2025,22.8480738,88.386008,140.6666667,71.39833333,127.2329167,63.18916667,25.3275,46,2025,November
Bhatpara Municipality,North 24 Pgs.,11/12/2025,22.8480738,88.386008,176.2083333,82.84875,146.76625,64.03041667,24.66125,46,2025,November
Bhatpara Municipality,North 24 Pgs.,11/13/2025,22.8480738,88.386008,176.7916667,82.45041667,144.8654167,65.76875,24.8075,46,2025,November
Bhatpara Municipality,North 24 Pgs.,11/14/2025,22.8480738,88.386008,172.2083333,81.07208333,145.3770833,66.89166667,24.82041667,46,2025,November
Bhatpara Municipality,North 24 Pgs.,11/15/2025,22.8480738,88.386008,158.3333333,77.29541667,138.4025,66.8025,25.21875,46,2025,November
Bhatpara Municipality,North 24 Pgs.,11/16/2025,22.8480738,88.386008,175.8333333,82.685,148.1891667,68.13125,24.935,46,2025,November
Bhatpara Municipality,North 24 Pgs.,11/17/2025,22.8480738,88.386008,148.2083333,72.20083333,129.5033333,66.60541667,25.77791667,47,2025,November
Bhatpara Municipality,North 24 Pgs.,11/18/2025,22.8480738,88.386008,148.1875,70.07875,128,64.65625,26.7475,47,2025,November
Bhatpara Municipality,North 24 Pgs.,11/19/2025,22.8480738,88.386008,132.9166667,63.99666667,116.5358333,65.52833333,26.49416667,47,2025,November
Bhatpara Municipality,North 24 Pgs.,11/20/2025,22.8480738,88.386008,139.4583333,69.03166667,125.0725,64.95958333,26.11333333,47,2025,November
Bhatpara Municipality,North 24 Pgs.,11/21/2025,22.8480738,88.386008,139.0952381,70.81,127.522381,65.54857143,25.98809524,47,2025,November
Bhatpara Municipality,North 24 Pgs.,11/22/2025,22.8480738,88.386008,176.9166667,82.71583333,149.8791667,61.385,27.87416667,47,2025,November
Bhatpara Municipality,North 24 Pgs.,11/23/2025,22.8480738,88.386008,208.875,93.96125,167.82875,69.54625,25.18375,47,2025,November
Bhatpara Municipality,North 24 Pgs.,11/24/2025,22.8480738,88.386008,186.2916667,85.88458333,153.0758333,68.00541667,24.46458333,48,2025,November
Bhatpara Municipality,North 24 Pgs.,11/25/2025,22.8480738,88.386008,194.5833333,88.52125,158.9841667,64.375,23.53791667,48,2025,November
Bhatpara Municipality,North 24 Pgs.,11/26/2025,22.8480738,88.386008,157.5416667,76.67416667,138.2370833,61.78333333,23.41958333,48,2025,November
Bhatpara Municipality,North 24 Pgs.,11/27/2025,22.8480738,88.386008,153.8333333,73.47041667,132.2054167,68.92958333,24.31625,48,2025,November
Bhatpara Municipality,North 24 Pgs.,11/28/2025,22.8480738,88.386008,149.125,71.56,128.67125,68.5775,25.01041667,48,2025,November
Bhatpara Municipality,North 24 Pgs.,11/29/2025,22.8480738,88.386008,140.6666667,70.24708333,127.1241667,69.44,24.33375,48,2025,November
Bhatpara Municipality,North 24 Pgs.,11/30/2025,22.8480738,88.386008,163.5833333,80.02458333,144.5666667,69.60375,24.22541667,48,2025,November
Bhatpara Municipality,North 24 Pgs.,12/1/2025,22.8480738,88.386008,311,134.43,243.89,85.14,21.03,49,2025,December
Bilkanda G.P. (Chandpur),North 24 Pgs.,8/31/2025,22.6870617,88.4258383,56.5,30.0025,56.45041667,60.89833333,35.25208333,35,2025,August
Bilkanda G.P. (Chandpur),North 24 Pgs.,9/1/2025,22.6870617,88.4258383,73.83333333,39.33125,74.40458333,60.86541667,35.84041667,36,2025,September
Bilkanda G.P. (Chandpur),North 24 Pgs.,9/2/2025,22.6870617,88.4258383,37.5,20.7825,37.60416667,68.61708333,33.16208333,36,2025,September
Bilkanda G.P. (Chandpur),North 24 Pgs.,9/3/2025,22.6870617,88.4258383,38.625,21.5525,38.71875,69.42625,32.79333333,36,2025,September
Bilkanda G.P. (Chandpur),North 24 Pgs.,9/4/2025,22.6870617,88.4258383,42.125,23.27541667,42.19958333,66.79208333,33.91083333,36,2025,September
Bilkanda G.P. (Chandpur),North 24 Pgs.,9/5/2025,22.6870617,88.4258383,58.33333333,30.6975,58.34166667,62.57333333,34.90625,36,2025,September
Bilkanda G.P. (Chandpur),North 24 Pgs.,9/6/2025,22.6870617,88.4258383,71.04166667,36.59333333,70.8925,59.47041667,35.51833333,36,2025,September
Bilkanda G.P. (Chandpur),North 24 Pgs.,9/7/2025,22.6870617,88.4258383,67.375,34.52208333,67.30583333,59.33041667,35.39583333,36,2025,September
Bilkanda G.P. (Chandpur),North 24 Pgs.,9/8/2025,22.6870617,88.4258383,72.625,37.8525,73.03166667,57.06208333,35.88375,37,2025,September
Bilkanda G.P. (Chandpur),North 24 Pgs.,9/9/2025,22.6870617,88.4258383,72.375,37.40333333,72.28708333,57.88166667,35.75083333,37,2025,September
Bilkanda G.P. (Chandpur),North 24 Pgs.,9/10/2025,22.6870617,88.4258383,65.20833333,33.93875,65.18541667,56.55791667,36.29666667,37,2025,September
Bilkanda G.P. (Chandpur),North 24 Pgs.,9/11/2025,22.6870617,88.4258383,60.08333333,32.04708333,60.11375,59.65375,35.87333333,37,2025,September
Bilkanda G.P. (Chandpur),North 24 Pgs.,9/12/2025,22.6870617,88.4258383,50.66666667,27.34625,50.53458333,59.67833333,35.79125,37,2025,September
Bilkanda G.P. (Chandpur),North 24 Pgs.,9/13/2025,22.6870617,88.4258383,49.25,26.425,49.3,58.30958333,35.70958333,37,2025,September
Bilkanda G.P. (Chandpur),North 24 Pgs.,9/14/2025,22.6870617,88.4258383,55.45833333,30.42208333,55.38291667,69.02708333,33.47791667,37,2025,September
Bilkanda G.P. (Chandpur),North 24 Pgs.,9/15/2025,22.6870617,88.4258383,48.54166667,26.88791667,48.55291667,68.785,33.47041667,38,2025,September
Bilkanda G.P. (Chandpur),North 24 Pgs.,9/16/2025,22.6870617,88.4258383,55.66666667,30.91166667,55.69083333,69.47041667,33.13041667,38,2025,September
Bilkanda G.P. (Chandpur),North 24 Pgs.,9/17/2025,22.6870617,88.4258383,58.5,31.905,58.51583333,64.41166667,34.35708333,38,2025,September
Bilkanda G.P. (Chandpur),North 24 Pgs.,9/18/2025,22.6870617,88.4258383,64.75,34.94666667,64.87666667,59.525,35.81125,38,2025,September
Bilkanda G.P. (Chandpur),North 24 Pgs.,9/19/2025,22.6870617,88.4258383,81.13043478,44.23869565,81.62652174,63.41347826,35.31130435,38,2025,September
Bilkanda G.P. (Chandpur),North 24 Pgs.,9/20/2025,22.6870617,88.4258383,84.125,45.83833333,84.22458333,68.41125,33.655,38,2025,September
Bilkanda G.P. (Chandpur),North 24 Pgs.,9/21/2025,22.6870617,88.4258383,103.4166667,57.32916667,103.9779167,63.3225,34.84958333,38,2025,September
Bilkanda G.P. (Chandpur),North 24 Pgs.,9/22/2025,22.6870617,88.4258383,75.20833333,41.45958333,75.36333333,65.51083333,34.03875,39,2025,September
Bilkanda G.P. (Chandpur),North 24 Pgs.,9/23/2025,22.6870617,88.4258383,71.08333333,38.45916667,68.64333333,70.07041667,32.89541667,39,2025,September
Bilkanda G.P. (Chandpur),North 24 Pgs.,9/24/2025,22.6870617,88.4258383,62.29166667,34.33916667,62.37083333,63.46041667,34.70583333,39,2025,September
Bilkanda G.P. (Chandpur),North 24 Pgs.,9/25/2025,22.6870617,88.4258383,60.91666667,33.37166667,60.87375,62.42791667,34.92166667,39,2025,September
Bilkanda G.P. (Chandpur),North 24 Pgs.,9/26/2025,22.6870617,88.4258383,48.5,26.92375,48.65791667,64.85541667,34.52625,39,2025,September
Bilkanda G.P. (Chandpur),North 24 Pgs.,9/27/2025,22.6870617,88.4258383,51.875,28.60833333,51.975,62.58,35.13333333,39,2025,September
Bilkanda G.P. (Chandpur),North 24 Pgs.,9/28/2025,22.6870617,88.4258383,58,31.6275,58.01958333,59.29458333,35.66125,39,2025,September
Bilkanda G.P. (Chandpur),North 24 Pgs.,9/29/2025,22.6870617,88.4258383,70.75,37.86,70.31875,58.34708333,35.88625,40,2025,September
Bilkanda G.P. (Chandpur),North 24 Pgs.,9/30/2025,22.6870617,88.4258383,72.83333333,40.10541667,73.18291667,60.68708333,35.62916667,40,2025,September
Bilkanda G.P. (Chandpur),North 24 Pgs.,10/1/2025,22.6870617,88.4258383,52.875,29.29708333,52.83708333,62.355,34.54041667,40,2025,October
Bilkanda G.P. (Chandpur),North 24 Pgs.,10/2/2025,22.6870617,88.4258383,36.58333333,20.46916667,36.485,69.48416667,33.17625,40,2025,October
Bilkanda G.P. (Chandpur),North 24 Pgs.,10/3/2025,22.6870617,88.4258383,51.54166667,28.43916667,51.58416667,71.14208333,32.98,40,2025,October
Bilkanda G.P. (Chandpur),North 24 Pgs.,10/4/2025,22.6870617,88.4258383,54.58333333,29.56583333,54.56666667,66.60958333,34.25958333,40,2025,October
Bilkanda G.P. (Chandpur),North 24 Pgs.,10/5/2025,22.6870617,88.4258383,53.04166667,29.17333333,53.00916667,67.20125,33.23041667,40,2025,October
Bilkanda G.P. (Chandpur),North 24 Pgs.,10/6/2025,22.6870617,88.4258383,98.375,50.90375,92.8925,66.8175,33.10375,41,2025,October
Bilkanda G.P. (Chandpur),North 24 Pgs.,10/7/2025,22.6870617,88.4258383,95.45833333,52.535,95.34833333,64.42541667,33.49541667,41,2025,October
Bilkanda G.P. (Chandpur),North 24 Pgs.,10/8/2025,22.6870617,88.4258383,97.25,52.68,95.61416667,66.46916667,33.20208333,41,2025,October
Bilkanda G.P. (Chandpur),North 24 Pgs.,10/9/2025,22.6870617,88.4258383,99.5,54.95666667,100.2858333,66.46875,33.12833333,41,2025,October
Bilkanda G.P. (Chandpur),North 24 Pgs.,10/10/2025,22.6870617,88.4258383,94.83333333,53.09458333,96.5125,68.04,32.6275,41,2025,October
Bilkanda G.P. (Chandpur),North 24 Pgs.,10/11/2025,22.6870617,88.4258383,86.375,46.43833333,87.61916667,63.10416667,33.50458333,41,2025,October
Bilkanda G.P. (Chandpur),North 24 Pgs.,10/12/2025,22.6870617,88.4258383,98.5,51.94291667,99.38041667,59.76125,33.89708333,41,2025,October
Bilkanda G.P. (Chandpur),North 24 Pgs.,10/13/2025,22.6870617,88.4258383,102.6666667,55.27625,105.02375,57.27041667,33.53375,42,2025,October
Bilkanda G.P. (Chandpur),North 24 Pgs.,10/14/2025,22.6870617,88.4258383,106.9583333,58.395,110.6158333,55.65166667,33.40958333,42,2025,October
Bilkanda G.P. (Chandpur),North 24 Pgs.,10/15/2025,22.6870617,88.4258383,113.0833333,60.97375,114.72,53.44083333,33.16125,42,2025,October
Bilkanda G.P. (Chandpur),North 24 Pgs.,10/16/2025,22.6870617,88.4258383,132.5416667,67.54916667,128.2845833,53.3425,32.90458333,42,2025,October
Bilkanda G.P. (Chandpur),North 24 Pgs.,10/17/2025,22.6870617,88.4258383,153.3333333,75.84791667,142.3425,55.06,33.47625,42,2025,October
Bilkanda G.P. (Chandpur),North 24 Pgs.,10/18/2025,22.6870617,88.4258383,136.1666667,69.24583333,128.6941667,55.72541667,34.27291667,42,2025,October
Bilkanda G.P. (Chandpur),North 24 Pgs.,10/19/2025,22.6870617,88.4258383,116.625,61.27291667,114.29375,57.29791667,34.60625,42,2025,October
Bilkanda G.P. (Chandpur),North 24 Pgs.,10/20/2025,22.6870617,88.4258383,97.16666667,53.40222222,98.30555556,57.14833333,34.61833333,43,2025,October
Bilkanda G.P. (Chandpur),North 24 Pgs.,10/25/2025,22.6870617,88.4258383,108,58.258,108.348,49.935,35.272,43,2025,October
Bilkanda G.P. (Chandpur),North 24 Pgs.,10/26/2025,22.6870617,88.4258383,136.0416667,69.48375,128.37875,57.91833333,34.245,43,2025,October
Bilkanda G.P. (Chandpur),North 24 Pgs.,10/27/2025,22.6870617,88.4258383,129.0833333,66.08625,121.4433333,55.87166667,34.78666667,44,2025,October
Bilkanda G.P. (Chandpur),North 24 Pgs.,10/28/2025,22.6870617,88.4258383,93.625,49.66458333,90.24458333,58.98916667,34.265,44,2025,October
Bilkanda G.P. (Chandpur),North 24 Pgs.,10/29/2025,22.6870617,88.4258383,59.33333333,32.70791667,59.34666667,69.13125,31.96708333,44,2025,October
Bilkanda G.P. (Chandpur),North 24 Pgs.,10/30/2025,22.6870617,88.4258383,56.41666667,31.28083333,56.47541667,66.895,32.97541667,44,2025,October
Bilkanda G.P. (Chandpur),North 24 Pgs.,10/31/2025,22.6870617,88.4258383,61.83333333,33.97583333,61.88916667,63.04166667,33.89,44,2025,October
Bilkanda G.P. (Chandpur),North 24 Pgs.,11/1/2025,22.6870617,88.4258383,70.08333333,38.4275,70.01458333,60.82875,34.745,44,2025,November
Bilkanda G.P. (Chandpur),North 24 Pgs.,11/2/2025,22.6870617,88.4258383,54.375,29.65666667,54.33666667,60.38666667,31.91916667,44,2025,November
Bilkanda G.P. (Chandpur),North 24 Pgs.,11/3/2025,22.6870617,88.4258383,123.0833333,60.24166667,113.0254167,55.16041667,31.89791667,45,2025,November
Bilkanda G.P. (Chandpur),North 24 Pgs.,11/4/2025,22.6870617,88.4258383,253.7083333,106.75,195.7275,60.93041667,30.24083333,45,2025,November
Bilkanda G.P. (Chandpur),North 24 Pgs.,11/5/2025,22.6870617,88.4258383,251,106.3283333,178.6975,58.31208333,30.69916667,45,2025,November
Bilkanda G.P. (Chandpur),North 24 Pgs.,11/6/2025,22.6870617,88.4258383,210.125,92.97,121.8675,60.96541667,31.29,45,2025,November
Bilkanda G.P. (Chandpur),North 24 Pgs.,11/7/2025,22.6870617,88.4258383,186.2083333,85.835,113.635,58.1075,31.71833333,45,2025,November
Bilkanda G.P. (Chandpur),North 24 Pgs.,11/8/2025,22.6870617,88.4258383,93.79166667,54.1025,77.24041667,46.9625,29.83625,45,2025,November
Bilkanda G.P. (Chandpur),North 24 Pgs.,11/9/2025,22.6870617,88.4258383,113.375,61.51416667,86.65625,47.54916667,28.47208333,45,2025,November
Bilkanda G.P. (Chandpur),North 24 Pgs.,11/10/2025,22.6870617,88.4258383,169.25,80.79208333,108.9316667,53.12208333,28.4475,46,2025,November
Bilkanda G.P. (Chandpur),North 24 Pgs.,11/11/2025,22.6870617,88.4258383,154.7916667,76.19833333,104.2783333,50.63291667,27.81625,46,2025,November
Bilkanda G.P. (Chandpur),North 24 Pgs.,11/12/2025,22.6870617,88.4258383,201.4583333,90.45541667,125.0466667,52.64083333,26.94875,46,2025,November
Bilkanda G.P. (Chandpur),North 24 Pgs.,11/13/2025,22.6870617,88.4258383,197.9583333,89.39708333,123.7575,53.45458333,27.15916667,46,2025,November
Bilkanda G.P. (Chandpur),North 24 Pgs.,11/14/2025,22.6870617,88.4258383,213.0416667,94.48625,129.4716667,53.69541667,27.15333333,46,2025,November
Bilkanda G.P. (Chandpur),North 24 Pgs.,11/15/2025,22.6870617,88.4258383,178.4583333,83.46041667,113.665,53.84958333,27.58416667,46,2025,November
Bilkanda G.P. (Chandpur),North 24 Pgs.,11/16/2025,22.6870617,88.4258383,175.6666667,82.63083333,111.9766667,53.72375,27.52791667,46,2025,November
Bilkanda G.P. (Chandpur),North 24 Pgs.,11/17/2025,22.6870617,88.4258383,166.9166667,78.97583333,105.9516667,54.59916667,27.82833333,47,2025,November
Bilkanda G.P. (Chandpur),North 24 Pgs.,11/18/2025,22.6870617,88.4258383,148.9411765,71.60941176,98.94941176,52.42588235,28.77235294,47,2025,November
Bilkanda G.P. (Chandpur),North 24 Pgs.,11/19/2025,22.6870617,88.4258383,107.1111111,56.67611111,80.68888889,48.66944444,29.9,47,2025,November
Bilkanda G.P. (Chandpur),North 24 Pgs.,11/20/2025,22.6870617,88.4258383,153.8695652,73.65217391,100.5530435,51.21173913,28.97,47,2025,November
Bilkanda G.P. (Chandpur),North 24 Pgs.,11/21/2025,22.6870617,88.4258383,192.5,87.54045455,117.1104545,52.97727273,28.55818182,47,2025,November
Bilkanda G.P. (Chandpur),North 24 Pgs.,11/22/2025,22.6870617,88.4258383,264.3,110.875,151.458,59.968,26.7955,47,2025,November
Bilkanda G.P. (Chandpur),North 24 Pgs.,11/23/2025,22.6870617,88.4258383,294.3636364,120.7809091,174.1963636,69.85272727,24.34090909,47,2025,November
Bilkanda G.P. (Chandpur),North 24 Pgs.,11/24/2025,22.6870617,88.4258383,249.2142857,105.9835714,152.6207143,64.32,24.32285714,48,2025,November
Bilkanda G.P. (Chandpur),North 24 Pgs.,11/25/2025,22.6870617,88.4258383,241.0434783,103.706087,148.9756522,52.86347826,25.93565217,48,2025,November
Bilkanda G.P. (Chandpur),North 24 Pgs.,11/26/2025,22.6870617,88.4258383,206.2666667,91.878,141.2706667,54.07866667,23.356,48,2025,November
Bilkanda G.P. (Chandpur),North 24 Pgs.,11/27/2025,22.6870617,88.4258383,201.2307692,90.37846154,133.0169231,63.63461538,23.24461538,48,2025,November
Bilkanda G.P. (Chandpur),North 24 Pgs.,11/28/2025,22.6870617,88.4258383,178.9545455,83.49045455,120.9213636,54.32090909,27.41681818,48,2025,November
Bilkanda G.P. (Chandpur),North 24 Pgs.,11/29/2025,22.6870617,88.4258383,198.5263158,90.34789474,128.4321053,53.57210526,27.72105263,48,2025,November
Bilkanda G.P. (Chandpur),North 24 Pgs.,11/30/2025,22.6870617,88.4258383,228.3333333,102.325,145.08625,56.72291667,26.82041667,48,2025,November
Bilkanda G.P. (Chandpur),North 24 Pgs.,12/1/2025,22.6870617,88.4258383,302,123.15,195.58,67.37,24.08,49,2025,December
Bilkanda G.P.( Mahispota),North 24 Pgs.,8/31/2025,22.7080083,88.4162083,53.5,28.71583333,53.44958333,74.72958333,32.38833333,35,2025,August
Bilkanda G.P.( Mahispota),North 24 Pgs.,9/1/2025,22.7080083,88.4162083,72.08333333,38.07708333,72.65583333,73.11416667,33.405,36,2025,September
Bilkanda G.P.( Mahispota),North 24 Pgs.,9/2/2025,22.7080083,88.4162083,39.41666667,22.22791667,39.38375,84.32458333,29.76416667,36,2025,September
Bilkanda G.P.( Mahispota),North 24 Pgs.,9/3/2025,22.7080083,88.4162083,34.95833333,19.80541667,34.92083333,85.30208333,29.4075,36,2025,September
Bilkanda G.P.( Mahispota),North 24 Pgs.,9/4/2025,22.7080083,88.4162083,40.91666667,22.59875,40.93958333,82.13791667,30.59125,36,2025,September
Bilkanda G.P.( Mahispota),North 24 Pgs.,9/5/2025,22.7080083,88.4162083,54.20833333,29.36375,54.26958333,76.22875,31.99625,36,2025,September
Bilkanda G.P.( Mahispota),North 24 Pgs.,9/6/2025,22.7080083,88.4162083,63.79166667,33.47375,63.74375,72.32916667,32.7475,36,2025,September
Bilkanda G.P.( Mahispota),North 24 Pgs.,9/7/2025,22.7080083,88.4162083,59.04166667,31.68833333,59.12333333,71.97291667,32.58291667,36,2025,September
Bilkanda G.P.( Mahispota),North 24 Pgs.,9/8/2025,22.7080083,88.4162083,60.625,31.89041667,60.54625,69.71916667,32.9725,37,2025,September
Bilkanda G.P.( Mahispota),North 24 Pgs.,9/9/2025,22.7080083,88.4162083,68.54166667,36.29,68.60125,71.04458333,32.89875,37,2025,September
Bilkanda G.P.( Mahispota),North 24 Pgs.,9/10/2025,22.7080083,88.4162083,61.33333333,33.01583333,61.38333333,69.48125,33.20083333,37,2025,September
Bilkanda G.P.( Mahispota),North 24 Pgs.,9/11/2025,22.7080083,88.4162083,58.75,32.06333333,58.74208333,73.82791667,32.72458333,37,2025,September
Bilkanda G.P.( Mahispota),North 24 Pgs.,9/12/2025,22.7080083,88.4162083,52.91666667,28.95708333,52.87916667,73.99958333,32.54125,37,2025,September
Bilkanda G.P.( Mahispota),North 24 Pgs.,9/13/2025,22.7080083,88.4162083,49.58333333,27.12458333,49.67,73.21,32.40333333,37,2025,September
Bilkanda G.P.( Mahispota),North 24 Pgs.,9/14/2025,22.7080083,88.4162083,50.20833333,27.95208333,50.2275,84.31416667,30.04458333,37,2025,September
Bilkanda G.P.( Mahispota),North 24 Pgs.,9/15/2025,22.7080083,88.4162083,47.625,26.57708333,47.70208333,85.69833333,29.58625,38,2025,September
Bilkanda G.P.( Mahispota),North 24 Pgs.,9/16/2025,22.7080083,88.4162083,54,30.29,53.94541667,86.84458333,29.28333333,38,2025,September
Bilkanda G.P.( Mahispota),North 24 Pgs.,9/17/2025,22.7080083,88.4162083,56.91666667,31.44625,56.93375,80.38125,30.75458333,38,2025,September
Bilkanda G.P.( Mahispota),North 24 Pgs.,9/18/2025,22.7080083,88.4162083,59.54166667,31.97708333,59.51833333,73.53416667,32.75625,38,2025,September
Bilkanda G.P.( Mahispota),North 24 Pgs.,9/19/2025,22.7080083,88.4162083,80.16666667,43.7975,80.45583333,76.69208333,32.46208333,38,2025,September
Bilkanda G.P.( Mahispota),North 24 Pgs.,9/20/2025,22.7080083,88.4162083,80.375,44.48625,80.53958333,83.61416667,30.45625,38,2025,September
Bilkanda G.P.( Mahispota),North 24 Pgs.,9/21/2025,22.7080083,88.4162083,102.625,56.83791667,102.4954167,77.2875,32.07541667,38,2025,September
Bilkanda G.P.( Mahispota),North 24 Pgs.,9/22/2025,22.7080083,88.4162083,71.91666667,39.95208333,72.00583333,80.32166667,30.6375,39,2025,September
Bilkanda G.P.( Mahispota),North 24 Pgs.,9/23/2025,22.7080083,88.4162083,55.20833333,31.39916667,55.18416667,86.79041667,29.15375,39,2025,September
Bilkanda G.P.( Mahispota),North 24 Pgs.,9/24/2025,22.7080083,88.4162083,64.25,35.905,64.25041667,78.45833333,31.60916667,39,2025,September
Bilkanda G.P.( Mahispota),North 24 Pgs.,9/25/2025,22.7080083,88.4162083,60.125,33.02333333,60.05916667,78.04875,31.76666667,39,2025,September
Bilkanda G.P.( Mahispota),North 24 Pgs.,9/26/2025,22.7080083,88.4162083,48.75,27.12541667,48.72916667,80.815,31.40041667,39,2025,September
Bilkanda G.P.( Mahispota),North 24 Pgs.,9/27/2025,22.7080083,88.4162083,45.83333333,25.58541667,45.78666667,77.57125,31.95,39,2025,September
Bilkanda G.P.( Mahispota),North 24 Pgs.,9/28/2025,22.7080083,88.4162083,47,25.70833333,46.89958333,73.44375,32.54583333,39,2025,September
Bilkanda G.P.( Mahispota),North 24 Pgs.,9/29/2025,22.7080083,88.4162083,62.125,33.92875,62.29125,72.13416667,33.07833333,40,2025,September
Bilkanda G.P.( Mahispota),North 24 Pgs.,9/30/2025,22.7080083,88.4162083,69.91666667,38.78708333,69.88833333,72.73,33,40,2025,September
Bilkanda G.P.( Mahispota),North 24 Pgs.,10/1/2025,22.7080083,88.4162083,51.625,28.76125,51.68541667,75.45458333,31.60541667,40,2025,October
Bilkanda G.P.( Mahispota),North 24 Pgs.,10/2/2025,22.7080083,88.4162083,35.95833333,20.68333333,36.02375,87.24875,29.36125,40,2025,October
Bilkanda G.P.( Mahispota),North 24 Pgs.,10/3/2025,22.7080083,88.4162083,43.45833333,24.71583333,43.51625,89.30333333,29.1025,40,2025,October
Bilkanda G.P.( Mahispota),North 24 Pgs.,10/4/2025,22.7080083,88.4162083,47.91666667,26.93791667,47.88833333,83.41083333,30.52291667,40,2025,October
Bilkanda G.P.( Mahispota),North 24 Pgs.,10/5/2025,22.7080083,88.4162083,47.5,26.63458333,47.46,83.625,29.42958333,40,2025,October
Bilkanda G.P.( Mahispota),North 24 Pgs.,10/6/2025,22.7080083,88.4162083,84.125,45.99916667,83.38083333,82.53083333,29.66708333,41,2025,October
Bilkanda G.P.( Mahispota),North 24 Pgs.,10/7/2025,22.7080083,88.4162083,83.16666667,46.04833333,83.19958333,79.53541667,30.37541667,41,2025,October
Bilkanda G.P.( Mahispota),North 24 Pgs.,10/8/2025,22.7080083,88.4162083,87.79166667,48.84291667,87.63583333,82.13083333,29.81541667,41,2025,October
Bilkanda G.P.( Mahispota),North 24 Pgs.,10/9/2025,22.7080083,88.4162083,94.75,52.67041667,95.79791667,80.4725,30.18458333,41,2025,October
Bilkanda G.P.( Mahispota),North 24 Pgs.,10/10/2025,22.7080083,88.4162083,96.27777778,54.60777778,98.01666667,82.55333333,29.63555556,41,2025,October
Bilkanda G.P.( Mahispota),North 24 Pgs.,10/11/2025,22.7080083,88.4162083,82.33333333,45.0675,82.89666667,76.77666667,30.4375,41,2025,October
Bilkanda G.P.( Mahispota),North 24 Pgs.,10/12/2025,22.7080083,88.4162083,92.75,50.5375,94.12458333,72.51291667,31.07666667,41,2025,October
Bilkanda G.P.( Mahispota),North 24 Pgs.,10/13/2025,22.7080083,88.4162083,102.6666667,55.5225,103.25875,70.01416667,30.69875,42,2025,October
Bilkanda G.P.( Mahispota),North 24 Pgs.,10/14/2025,22.7080083,88.4162083,106.9166667,58.76875,109.00375,68.69041667,30.53375,42,2025,October
Bilkanda G.P.( Mahispota),North 24 Pgs.,10/15/2025,22.7080083,88.4162083,108,59.56375,109.2475,65.78625,30.3475,42,2025,October
Bilkanda G.P.( Mahispota),North 24 Pgs.,10/16/2025,22.7080083,88.4162083,122.5,65.13291667,120.64125,65.45875,30.24125,42,2025,October
Bilkanda G.P.( Mahispota),North 24 Pgs.,10/17/2025,22.7080083,88.4162083,158.2083333,77.47625,141.6658333,68.34625,30.56708333,42,2025,October
Bilkanda G.P.( Mahispota),North 24 Pgs.,10/18/2025,22.7080083,88.4162083,132.7916667,68.75666667,124.7595833,69.60333333,31.42083333,42,2025,October
Bilkanda G.P.( Mahispota),North 24 Pgs.,10/19/2025,22.7080083,88.4162083,118.4583333,62.64541667,115.0225,69.77833333,31.94625,42,2025,October
Bilkanda G.P.( Mahispota),North 24 Pgs.,10/20/2025,22.7080083,88.4162083,121.3333333,62.64291667,111.4304167,70.49708333,31.99083333,43,2025,October
Bilkanda G.P.( Mahispota),North 24 Pgs.,10/21/2025,22.7080083,88.4162083,164.5833333,78.07833333,140.9520833,68.56375,31.40166667,43,2025,October
Bilkanda G.P.( Mahispota),North 24 Pgs.,10/22/2025,22.7080083,88.4162083,164.2083333,79.02833333,142.3695833,68.8875,31.12875,43,2025,October
Bilkanda G.P.( Mahispota),North 24 Pgs.,10/23/2025,22.7080083,88.4162083,139.625,67.92625,122.5316667,66.18666667,31.44208333,43,2025,October
Bilkanda G.P.( Mahispota),North 24 Pgs.,10/24/2025,22.7080083,88.4162083,142.9166667,71.115,129.7025,66.77333333,31.26166667,43,2025,October
Bilkanda G.P.( Mahispota),North 24 Pgs.,10/25/2025,22.7080083,88.4162083,143.125,71.15666667,130.8445833,67.72541667,31.41083333,43,2025,October
Bilkanda G.P.( Mahispota),North 24 Pgs.,10/26/2025,22.7080083,88.4162083,129.0833333,66.33833333,119.9725,71.12958333,31.31791667,43,2025,October
Bilkanda G.P.( Mahispota),North 24 Pgs.,10/27/2025,22.7080083,88.4162083,124.625,65.59375,117.9591667,70.25875,31.6475,44,2025,October
Bilkanda G.P.( Mahispota),North 24 Pgs.,10/28/2025,22.7080083,88.4162083,94.125,50.44125,90.93208333,73.9425,30.93041667,44,2025,October
Bilkanda G.P.( Mahispota),North 24 Pgs.,10/29/2025,22.7080083,88.4162083,55.29166667,30.80125,55.25625,87.27833333,27.94208333,44,2025,October
Bilkanda G.P.( Mahispota),North 24 Pgs.,10/30/2025,22.7080083,88.4162083,56.08333333,31.16458333,55.67958333,82.92916667,29.35125,44,2025,October
Bilkanda G.P.( Mahispota),North 24 Pgs.,10/31/2025,22.7080083,88.4162083,59.29166667,32.78291667,59.2575,78.49125,30.33,44,2025,October
Bilkanda G.P.( Mahispota),North 24 Pgs.,11/1/2025,22.7080083,88.4162083,69.33333333,38.04583333,69.21625,77.21291667,30.79666667,44,2025,November
Bilkanda G.P.( Mahispota),North 24 Pgs.,11/2/2025,22.7080083,88.4162083,54,29.335,54.00375,75.345,28.47,44,2025,November
Bilkanda G.P.( Mahispota),North 24 Pgs.,11/3/2025,22.7080083,88.4162083,107.0833333,55.26666667,102.205,68.17458333,28.66333333,45,2025,November
Bilkanda G.P.( Mahispota),North 24 Pgs.,11/4/2025,22.7080083,88.4162083,234.9583333,100.4775,181.8358333,71.11125,28.15458333,45,2025,November
Bilkanda G.P.( Mahispota),North 24 Pgs.,11/5/2025,22.7080083,88.4162083,221.2083333,96.32833333,173.6220833,67.30916667,28.85625,45,2025,November
Bilkanda G.P.( Mahispota),North 24 Pgs.,11/6/2025,22.7080083,88.4162083,191.3333333,87.37833333,158.43875,70.92083333,29.23333333,45,2025,November
Bilkanda G.P.( Mahispota),North 24 Pgs.,11/7/2025,22.7080083,88.4162083,176.25,82.85041667,150.1870833,68.47125,29.3575,45,2025,November
Bilkanda G.P.( Mahispota),North 24 Pgs.,11/8/2025,22.7080083,88.4162083,95.83333333,51.84875,96.755,55.15833333,27.85375,45,2025,November
Bilkanda G.P.( Mahispota),North 24 Pgs.,11/9/2025,22.7080083,88.4162083,107.4583333,57.13916667,107.0204167,55.63875,26.70208333,45,2025,November
Bilkanda G.P.( Mahispota),North 24 Pgs.,11/10/2025,22.7080083,88.4162083,148.0416667,74.22791667,136.3229167,60.99416667,26.74,46,2025,November
Bilkanda G.P.( Mahispota),North 24 Pgs.,11/11/2025,22.7080083,88.4162083,147.0416667,73.45625,134.9454167,59.15416667,25.92208333,46,2025,November
Bilkanda G.P.( Mahispota),North 24 Pgs.,11/12/2025,22.7080083,88.4162083,182.7916667,84.85041667,153.8666667,61.31416667,24.95875,46,2025,November
Bilkanda G.P.( Mahispota),North 24 Pgs.,11/13/2025,22.7080083,88.4162083,176.5416667,82.95,148.66625,62.98041667,25.05666667,46,2025,November
Bilkanda G.P.( Mahispota),North 24 Pgs.,11/14/2025,22.7080083,88.4162083,158.2916667,77.13208333,137.8841667,63.2675,25.01708333,46,2025,November
Bilkanda G.P.( Mahispota),North 24 Pgs.,11/15/2025,22.7080083,88.4162083,164.5416667,78.64625,140.4779167,63.98458333,25.3175,46,2025,November
Bilkanda G.P.( Mahispota),North 24 Pgs.,11/16/2025,22.7080083,88.4162083,163.875,79.17875,140.705,63.60166667,25.27125,46,2025,November
Bilkanda G.P.( Mahispota),North 24 Pgs.,11/17/2025,22.7080083,88.4162083,137.625,69.20916667,122.75875,64.64625,25.5425,47,2025,November
Bilkanda G.P.( Mahispota),North 24 Pgs.,11/18/2025,22.7080083,88.4162083,128.375,65.12375,116.3658333,63.79208333,25.96958333,47,2025,November
Bilkanda G.P.( Mahispota),North 24 Pgs.,11/19/2025,22.7080083,88.4162083,98.16666667,52.79291667,94.89041667,61.02458333,26.6025,47,2025,November
Bilkanda G.P.( Mahispota),North 24 Pgs.,11/20/2025,22.7080083,88.4162083,134.7916667,66.88416667,120.3375,61.66916667,26.65916667,47,2025,November
Bilkanda G.P.( Mahispota),North 24 Pgs.,11/21/2025,22.7080083,88.4162083,161.8333333,77.63541667,138.7808333,63.59625,26.06958333,47,2025,November
Bilkanda G.P.( Mahispota),North 24 Pgs.,11/22/2025,22.7080083,88.4162083,201.0416667,90.31166667,161.1266667,65.055,25.75416667,47,2025,November
Bilkanda G.P.( Mahispota),North 24 Pgs.,11/23/2025,22.7080083,88.4162083,186.3333333,85.90041667,152.3441667,66.14958333,25.53416667,47,2025,November
Bilkanda G.P.( Mahispota),North 24 Pgs.,11/24/2025,22.7080083,88.4162083,181.9166667,84.57541667,149.98,64.315,24.6,48,2025,November
Bilkanda G.P.( Mahispota),North 24 Pgs.,11/25/2025,22.7080083,88.4162083,199.375,89.80958333,161.4095833,62.56708333,23.69958333,48,2025,November
Bilkanda G.P.( Mahispota),North 24 Pgs.,11/26/2025,22.7080083,88.4162083,165.7916667,79.71416667,142.1329167,58.47375,23.56458333,48,2025,November
Bilkanda G.P.( Mahispota),North 24 Pgs.,11/27/2025,22.7080083,88.4162083,139.875,69.78833333,123.9179167,63.10875,24.89958333,48,2025,November
Bilkanda G.P.( Mahispota),North 24 Pgs.,11/28/2025,22.7080083,88.4162083,130.1666667,66.07208333,117.9854167,63.98875,25.01041667,48,2025,November
Bilkanda G.P.( Mahispota),North 24 Pgs.,11/29/2025,22.7080083,88.4162083,154,75.17083333,135.85375,65.20208333,24.93791667,48,2025,November
Bilkanda G.P.( Mahispota),North 24 Pgs.,11/30/2025,22.7080083,88.4162083,171.8333333,81.5425,147.0879167,65.595,24.75,48,2025,November
Bilkanda G.P.( Mahispota),North 24 Pgs.,12/1/2025,22.7080083,88.4162083,193,87.83,156.63,75.45,21.99,49,2025,December
Bilkanda G.P.(Muragachha),North 24 Pgs.,8/31/2025,22.696295,88.4226517,48.33333333,26.28666667,48.29041667,78.32541667,31.84416667,35,2025,August
Bilkanda G.P.(Muragachha),North 24 Pgs.,9/1/2025,22.696295,88.4226517,64.625,35.26958333,64.45333333,77.53375,32.73541667,36,2025,September
Bilkanda G.P.(Muragachha),North 24 Pgs.,9/2/2025,22.696295,88.4226517,36.20833333,21.05208333,36.165,86.77041667,29.23458333,36,2025,September
Bilkanda G.P.(Muragachha),North 24 Pgs.,9/3/2025,22.696295,88.4226517,33.79166667,19.53875,33.88958333,88.34083333,28.70333333,36,2025,September
Bilkanda G.P.(Muragachha),North 24 Pgs.,9/4/2025,22.696295,88.4226517,36.66666667,21.35083333,36.59583333,85.24375,29.98375,36,2025,September
Bilkanda G.P.(Muragachha),North 24 Pgs.,9/5/2025,22.696295,88.4226517,51.08333333,28.45916667,51.02,79.63291667,31.53708333,36,2025,September
Bilkanda G.P.(Muragachha),North 24 Pgs.,9/6/2025,22.696295,88.4226517,57.29166667,31.26541667,57.26333333,75.79208333,32.40375,36,2025,September
Bilkanda G.P.(Muragachha),North 24 Pgs.,9/7/2025,22.696295,88.4226517,55.79166667,30.51,55.79541667,76.26833333,31.93666667,36,2025,September
Bilkanda G.P.(Muragachha),North 24 Pgs.,9/8/2025,22.696295,88.4226517,54.5,29.38875,54.55125,73.05041667,32.60166667,37,2025,September
Bilkanda G.P.(Muragachha),North 24 Pgs.,9/9/2025,22.696295,88.4226517,60.29166667,32.66833333,60.36875,74.14416667,32.50875,37,2025,September
Bilkanda G.P.(Muragachha),North 24 Pgs.,9/10/2025,22.696295,88.4226517,55.58333333,30.61916667,55.57875,73.00416667,32.90583333,37,2025,September
Bilkanda G.P.(Muragachha),North 24 Pgs.,9/11/2025,22.696295,88.4226517,54.70833333,30.61791667,54.71916667,76.96416667,32.33125,37,2025,September
Bilkanda G.P.(Muragachha),North 24 Pgs.,9/12/2025,22.696295,88.4226517,45.45833333,25.82791667,45.45041667,77.09791667,32.09125,37,2025,September
Bilkanda G.P.(Muragachha),North 24 Pgs.,9/13/2025,22.696295,88.4226517,42.41666667,23.9925,42.36625,76.51958333,32.02,37,2025,September
Bilkanda G.P.(Muragachha),North 24 Pgs.,9/14/2025,22.696295,88.4226517,48.83333333,28.19958333,48.88833333,88.34458333,29.23958333,37,2025,September
Bilkanda G.P.(Muragachha),North 24 Pgs.,9/15/2025,22.696295,88.4226517,45.79166667,26.49125,44.86875,89.0225,28.9675,38,2025,September
Bilkanda G.P.(Muragachha),North 24 Pgs.,9/16/2025,22.696295,88.4226517,48.66666667,28.02458333,48.63625,89.85833333,28.64583333,38,2025,September
Bilkanda G.P.(Muragachha),North 24 Pgs.,9/17/2025,22.696295,88.4226517,51.04166667,29.08583333,51.0325,84.74833333,29.97916667,38,2025,September
Bilkanda G.P.(Muragachha),North 24 Pgs.,9/18/2025,22.696295,88.4226517,54.95833333,30.78333333,55.01708333,78.0475,32.15708333,38,2025,September
Bilkanda G.P.(Muragachha),North 24 Pgs.,9/19/2025,22.696295,88.4226517,79.41666667,43.91791667,78.6575,82.1525,31.63875,38,2025,September
Bilkanda G.P.(Muragachha),North 24 Pgs.,9/20/2025,22.696295,88.4226517,74.95833333,42.265,74.945,87.84583333,29.6275,38,2025,September
Bilkanda G.P.(Muragachha),North 24 Pgs.,9/21/2025,22.696295,88.4226517,95.75,54.48583333,95.39875,81.99,31.14583333,38,2025,September
Bilkanda G.P.(Muragachha),North 24 Pgs.,9/22/2025,22.696295,88.4226517,69.91666667,39.40041667,69.97041667,85.2775,29.6425,39,2025,September
Bilkanda G.P.(Muragachha),North 24 Pgs.,9/23/2025,22.696295,88.4226517,53.875,31.14,53.81625,89.55416667,28.50375,39,2025,September
Bilkanda G.P.(Muragachha),North 24 Pgs.,9/24/2025,22.696295,88.4226517,57.20833333,32.68875,57.10083333,80.98083333,31.23416667,39,2025,September
Bilkanda G.P.(Muragachha),North 24 Pgs.,9/25/2025,22.696295,88.4226517,53.83333333,30.21875,53.7725,80.81291667,31.35375,39,2025,September
Bilkanda G.P.(Muragachha),North 24 Pgs.,9/26/2025,22.696295,88.4226517,44.66666667,25.6475,44.51791667,83.42916667,30.8975,39,2025,September
Bilkanda G.P.(Muragachha),North 24 Pgs.,9/27/2025,22.696295,88.4226517,42.04166667,24.32708333,41.97416667,80.71291667,31.47708333,39,2025,September
Bilkanda G.P.(Muragachha),North 24 Pgs.,9/28/2025,22.696295,88.4226517,41.875,23.83333333,41.905,75.885,32.24375,39,2025,September
Bilkanda G.P.(Muragachha),North 24 Pgs.,9/29/2025,22.696295,88.4226517,70.54166667,37.15833333,69.34958333,77.7225,32.23666667,40,2025,September
Bilkanda G.P.(Muragachha),North 24 Pgs.,9/30/2025,22.696295,88.4226517,71.20833333,38.83541667,71.25208333,79.28041667,31.98541667,40,2025,September
Bilkanda G.P.(Muragachha),North 24 Pgs.,10/1/2025,22.696295,88.4226517,57.375,32.53375,57.04833333,80.64583333,30.91583333,40,2025,October
Bilkanda G.P.(Muragachha),North 24 Pgs.,10/2/2025,22.696295,88.4226517,35.25,20.71791667,34.31166667,89.39666667,28.75333333,40,2025,October
Bilkanda G.P.(Muragachha),North 24 Pgs.,10/3/2025,22.696295,88.4226517,50.08333333,28.9625,50.00166667,91.5875,28.425,40,2025,October
Bilkanda G.P.(Muragachha),North 24 Pgs.,10/4/2025,22.696295,88.4226517,49.81818182,28.85090909,49.96,91.08,28.74090909,40,2025,October
Bilkanda G.P.(Muragachha),North 24 Pgs.,10/6/2025,22.696295,88.4226517,100.7777778,53.81333333,95.44111111,85.75666667,29.36888889,41,2025,October
Bilkanda G.P.(Muragachha),North 24 Pgs.,10/7/2025,22.696295,88.4226517,78.625,44.44625,78.59833333,83.75625,29.59583333,41,2025,October
Bilkanda G.P.(Muragachha),North 24 Pgs.,10/8/2025,22.696295,88.4226517,82.58333333,46.79583333,82.41166667,85.60916667,29.06208333,41,2025,October
Bilkanda G.P.(Muragachha),North 24 Pgs.,10/9/2025,22.696295,88.4226517,89.75,50.69083333,89.88166667,84.86,29.23625,41,2025,October
Bilkanda G.P.(Muragachha),North 24 Pgs.,10/10/2025,22.696295,88.4226517,85.70833333,48.69541667,86.09,86.13291667,28.6,41,2025,October
Bilkanda G.P.(Muragachha),North 24 Pgs.,10/11/2025,22.696295,88.4226517,77.41666667,42.92875,77.83625,81.40291667,29.46166667,41,2025,October
Bilkanda G.P.(Muragachha),North 24 Pgs.,10/12/2025,22.696295,88.4226517,85,45.83958333,85.43958333,77.37375,30.23,41,2025,October
Bilkanda G.P.(Muragachha),North 24 Pgs.,10/13/2025,22.696295,88.4226517,94.875,51.56,95.74666667,74.78333333,29.90083333,42,2025,October
Bilkanda G.P.(Muragachha),North 24 Pgs.,10/14/2025,22.696295,88.4226517,98.91666667,54.10125,100.1929167,73.32875,29.76041667,42,2025,October
Bilkanda G.P.(Muragachha),North 24 Pgs.,10/15/2025,22.696295,88.4226517,100.0434783,55.40217391,102.2513043,70.00434783,29.72869565,42,2025,October
Bilkanda G.P.(Muragachha),North 24 Pgs.,10/17/2025,22.696295,88.4226517,154.75,76.4575,146.595,77.3325,28.92,42,2025,October
Bilkanda G.P.(Muragachha),North 24 Pgs.,10/18/2025,22.696295,88.4226517,119.5833333,63.79916667,115.88625,73.33708333,30.75583333,42,2025,October
Bilkanda G.P.(Muragachha),North 24 Pgs.,10/19/2025,22.696295,88.4226517,112.125,59.91,110.69,72.88333333,31.645,42,2025,October
Bilkanda G.P.(Muragachha),North 24 Pgs.,10/20/2025,22.696295,88.4226517,112.125,58.4,104.385,73.88875,31.575,43,2025,October
Bilkanda G.P.(Muragachha),North 24 Pgs.,10/21/2025,22.696295,88.4226517,152.7083333,73.9,132.7775,72.25791667,31.09833333,43,2025,October
Bilkanda G.P.(Muragachha),North 24 Pgs.,10/22/2025,22.696295,88.4226517,145.3333333,73.01458333,132.9008333,72.27291667,30.71166667,43,2025,October
Bilkanda G.P.(Muragachha),North 24 Pgs.,10/23/2025,22.696295,88.4226517,139.5416667,68.08708333,125.36375,69.22083333,31.13791667,43,2025,October
Bilkanda G.P.(Muragachha),North 24 Pgs.,10/24/2025,22.696295,88.4226517,127.6666667,66.01541667,121.1016667,69.8175,30.88083333,43,2025,October
Bilkanda G.P.(Muragachha),North 24 Pgs.,10/25/2025,22.696295,88.4226517,126.9545455,66.16454545,121.0445455,70.23181818,31.26363636,43,2025,October
Bilkanda G.P.(Muragachha),North 24 Pgs.,10/26/2025,22.696295,88.4226517,163.6666667,79.01,141.9116667,81.46,29.67166667,43,2025,October
Bilkanda G.P.(Muragachha),North 24 Pgs.,10/27/2025,22.696295,88.4226517,111.3333333,60.64875,108.00625,71.86541667,31.5225,44,2025,October
Bilkanda G.P.(Muragachha),North 24 Pgs.,10/28/2025,22.696295,88.4226517,82.41666667,45.88666667,80.98875,75.3925,30.83791667,44,2025,October
Bilkanda G.P.(Muragachha),North 24 Pgs.,10/29/2025,22.696295,88.4226517,52.58333333,29.98,52.53708333,88.79666667,27.55666667,44,2025,October
Bilkanda G.P.(Muragachha),North 24 Pgs.,10/30/2025,22.696295,88.4226517,47.70833333,27.42833333,47.72875,84.80958333,29.02458333,44,2025,October
Bilkanda G.P.(Muragachha),North 24 Pgs.,10/31/2025,22.696295,88.4226517,60,33.89375,60.07,91.80875,26.88375,44,2025,October
Bilkanda G.P.(Muragachha),North 24 Pgs.,11/1/2025,22.696295,88.4226517,65.90909091,37.37363636,65.87636364,78.15636364,30.55727273,44,2025,November
Bilkanda G.P.(Muragachha),North 24 Pgs.,11/2/2025,22.696295,88.4226517,48.54166667,27.32416667,48.3875,80.12166667,27.66416667,44,2025,November
Bilkanda G.P.(Muragachha),North 24 Pgs.,11/3/2025,22.696295,88.4226517,98.16666667,51.98166667,93.975,72.29416667,28.12958333,45,2025,November
Bilkanda G.P.(Muragachha),North 24 Pgs.,11/4/2025,22.696295,88.4226517,206.75,92.02125,164.2083333,75.42791667,27.46,45,2025,November
Bilkanda G.P.(Muragachha),North 24 Pgs.,11/5/2025,22.696295,88.4226517,201.125,90.38208333,161.055,70.75208333,28.43833333,45,2025,November
Bilkanda G.P.(Muragachha),North 24 Pgs.,11/6/2025,22.696295,88.4226517,174.625,82.14791667,148.1304167,74.06625,28.76166667,45,2025,November
Bilkanda G.P.(Muragachha),North 24 Pgs.,11/7/2025,22.696295,88.4226517,160.4583333,78.13,140.1129167,72.84,28.8375,45,2025,November
Bilkanda G.P.(Muragachha),North 24 Pgs.,11/8/2025,22.696295,88.4226517,90.58333333,49.90666667,90.97791667,60.74666667,27.29666667,45,2025,November
Bilkanda G.P.(Muragachha),North 24 Pgs.,11/9/2025,22.696295,88.4226517,98.625,53.97208333,98.9775,59.94916667,26.31958333,45,2025,November
Bilkanda G.P.(Muragachha),North 24 Pgs.,11/10/2025,22.696295,88.4226517,138.7083333,71.36083333,130.1316667,65.82208333,26.14791667,46,2025,November
Bilkanda G.P.(Muragachha),North 24 Pgs.,11/11/2025,22.696295,88.4226517,135.4583333,69.80833333,126.8233333,63.75041667,25.44708333,46,2025,November
Bilkanda G.P.(Muragachha),North 24 Pgs.,11/12/2025,22.696295,88.4226517,171.7916667,81.54125,147.86625,65.595,24.55875,46,2025,November
Bilkanda G.P.(Muragachha),North 24 Pgs.,11/13/2025,22.696295,88.4226517,166,79.80875,143.9016667,66.925,24.69875,46,2025,November
Bilkanda G.P.(Muragachha),North 24 Pgs.,11/14/2025,22.696295,88.4226517,167.0833333,80.00958333,144.45125,67.5425,24.55166667,46,2025,November
Bilkanda G.P.(Muragachha),North 24 Pgs.,11/15/2025,22.696295,88.4226517,147.75,73.64083333,133.49125,68.00083333,24.94416667,46,2025,November
Bilkanda G.P.(Muragachha),North 24 Pgs.,11/16/2025,22.696295,88.4226517,148.6666667,74.10791667,133.19875,67.64666667,24.81916667,46,2025,November
Bilkanda G.P.(Muragachha),North 24 Pgs.,11/17/2025,22.696295,88.4226517,135.9166667,68.87708333,123.4245833,68.55916667,25.11958333,47,2025,November
Bilkanda G.P.(Muragachha),North 24 Pgs.,11/18/2025,22.696295,88.4226517,128.7083333,65.36416667,118.6129167,67.16291667,25.73208333,47,2025,November
Bilkanda G.P.(Muragachha),North 24 Pgs.,11/19/2025,22.696295,88.4226517,106.625,55.85083333,103.2779167,64.81333333,26.44041667,47,2025,November
Bilkanda G.P.(Muragachha),North 24 Pgs.,11/20/2025,22.696295,88.4226517,152.375,74.34583333,135.4766667,65.40416667,26.21791667,47,2025,November
Bilkanda G.P.(Muragachha),North 24 Pgs.,11/21/2025,22.696295,88.4226517,161.375,77.68916667,140.8404167,67.74041667,25.53166667,47,2025,November
Bilkanda G.P.(Muragachha),North 24 Pgs.,11/22/2025,22.696295,88.4226517,203.2083333,90.96083333,165.8966667,69.58791667,25.24375,47,2025,November
Bilkanda G.P.(Muragachha),North 24 Pgs.,11/23/2025,22.696295,88.4226517,207.1666667,92.34375,165.7408333,70.65958333,24.96875,47,2025,November
Bilkanda G.P.(Muragachha),North 24 Pgs.,11/24/2025,22.696295,88.4226517,213.5833333,95.25875,169.6054167,69.36666667,23.88791667,48,2025,November
Bilkanda G.P.(Muragachha),North 24 Pgs.,11/25/2025,22.696295,88.4226517,218.375,98.06375,176.6391667,67.9125,23.03208333,48,2025,November
Bilkanda G.P.(Muragachha),North 24 Pgs.,11/26/2025,22.696295,88.4226517,178.8333333,83.61083333,153.12375,64.79916667,22.79375,48,2025,November
Bilkanda G.P.(Muragachha),North 24 Pgs.,11/27/2025,22.696295,88.4226517,151.7916667,72.98833333,132.8404167,68.52916667,23.81208333,48,2025,November
Bilkanda G.P.(Muragachha),North 24 Pgs.,11/28/2025,22.696295,88.4226517,155.8333333,74.1,135.1808333,68.37958333,24.59375,48,2025,November
Bilkanda G.P.(Muragachha),North 24 Pgs.,11/29/2025,22.696295,88.4226517,165.8333333,78.7,144.8779167,70.38666667,24.05125,48,2025,November
Bilkanda G.P.(Muragachha),North 24 Pgs.,11/30/2025,22.696295,88.4226517,187.2916667,86.13541667,156.84,71.05791667,23.94916667,48,2025,November
Bilkanda G.P.(Muragachha),North 24 Pgs.,12/1/2025,22.696295,88.4226517,248,104.42,198.53,81.75,21.18,49,2025,December
Bilkanda G.P.(Talbanda),North 24 Pgs.,8/31/2025,22.6974616,88.435235,45.5,23.96375,45.51125,75.49583333,31.40166667,35,2025,August
Bilkanda G.P.(Talbanda),North 24 Pgs.,9/1/2025,22.6974616,88.435235,62.125,33.0575,62.22833333,74.56,32.38291667,36,2025,September
Bilkanda G.P.(Talbanda),North 24 Pgs.,9/2/2025,22.6974616,88.435235,32.20833333,18.58791667,32.1825,85.10166667,28.30625,36,2025,September
Bilkanda G.P.(Talbanda),North 24 Pgs.,9/3/2025,22.6974616,88.435235,31.04166667,17.86166667,30.94958333,84.09541667,28.17291667,36,2025,September
Bilkanda G.P.(Talbanda),North 24 Pgs.,9/4/2025,22.6974616,88.435235,34.79166667,19.55791667,34.72583333,81.08458333,29.26458333,36,2025,September
Bilkanda G.P.(Talbanda),North 24 Pgs.,9/5/2025,22.6974616,88.435235,48.20833333,25.98458333,48.15166667,76.60291667,30.5175,36,2025,September
Bilkanda G.P.(Talbanda),North 24 Pgs.,9/6/2025,22.6974616,88.435235,53.375,28.49875,53.34833333,73.55791667,31.65333333,36,2025,September
Bilkanda G.P.(Talbanda),North 24 Pgs.,9/7/2025,22.6974616,88.435235,52.625,27.97041667,52.60583333,73.3325,31.52833333,36,2025,September
Bilkanda G.P.(Talbanda),North 24 Pgs.,9/8/2025,22.6974616,88.435235,51.95833333,27.22708333,51.955,71.39125,31.91791667,37,2025,September
Bilkanda G.P.(Talbanda),North 24 Pgs.,9/9/2025,22.6974616,88.435235,56.95833333,30.08375,56.92625,72.34916667,31.85583333,37,2025,September
Bilkanda G.P.(Talbanda),North 24 Pgs.,9/10/2025,22.6974616,88.435235,56.16666667,29.8275,56.21791667,72.02416667,32.15875,37,2025,September
Bilkanda G.P.(Talbanda),North 24 Pgs.,9/11/2025,22.6974616,88.435235,59.25,31.81625,59.1975,74.70541667,31.6625,37,2025,September
Bilkanda G.P.(Talbanda),North 24 Pgs.,9/12/2025,22.6974616,88.435235,45.75,24.55666667,45.80875,75.32208333,31.20625,37,2025,September
Bilkanda G.P.(Talbanda),North 24 Pgs.,9/13/2025,22.6974616,88.435235,41.20833333,22.18291667,41.15,75.01291667,30.99416667,37,2025,September
Bilkanda G.P.(Talbanda),North 24 Pgs.,9/14/2025,22.6974616,88.435235,42.29166667,23.90458333,42.44291667,84.40916667,28.70583333,37,2025,September
Bilkanda G.P.(Talbanda),North 24 Pgs.,9/15/2025,22.6974616,88.435235,40.75,23.41041667,40.60291667,83.13541667,28.69916667,38,2025,September
Bilkanda G.P.(Talbanda),North 24 Pgs.,9/16/2025,22.6974616,88.435235,43.5,24.98083333,43.43958333,84.20791667,28.32875,38,2025,September
Bilkanda G.P.(Talbanda),North 24 Pgs.,9/17/2025,22.6974616,88.435235,46.79166667,26.34875,46.76583333,79.01958333,29.58458333,38,2025,September
Bilkanda G.P.(Talbanda),North 24 Pgs.,9/18/2025,22.6974616,88.435235,52.70833333,28.82541667,52.70625,74.93,31.5875,38,2025,September
Bilkanda G.P.(Talbanda),North 24 Pgs.,9/19/2025,22.6974616,88.435235,69.25,38.20708333,69.23958333,76.84083333,31.22208333,38,2025,September
Bilkanda G.P.(Talbanda),North 24 Pgs.,9/20/2025,22.6974616,88.435235,70.29166667,39.20833333,70.295,82.18375,29.29125,38,2025,September
Bilkanda G.P.(Talbanda),North 24 Pgs.,9/21/2025,22.6974616,88.435235,88.04166667,48.90416667,88.1475,78.14333333,30.78,38,2025,September
Bilkanda G.P.(Talbanda),North 24 Pgs.,9/22/2025,22.6974616,88.435235,64.08333333,35.76541667,64.04166667,79.15416667,29.44416667,39,2025,September
Bilkanda G.P.(Talbanda),North 24 Pgs.,9/23/2025,22.6974616,88.435235,46.875,27.07583333,46.71375,83.89833333,28.315,39,2025,September
Bilkanda G.P.(Talbanda),North 24 Pgs.,9/24/2025,22.6974616,88.435235,53.79166667,29.58291667,53.85,78.34416667,30.54125,39,2025,September
Bilkanda G.P.(Talbanda),North 24 Pgs.,9/25/2025,22.6974616,88.435235,52.33333333,28.39833333,52.37708333,78.04958333,30.78916667,39,2025,September
Bilkanda G.P.(Talbanda),North 24 Pgs.,9/26/2025,22.6974616,88.435235,40.54166667,23.07958333,40.61291667,79.61916667,30.09333333,39,2025,September
Bilkanda G.P.(Talbanda),North 24 Pgs.,9/27/2025,22.6974616,88.435235,40.79166667,22.69833333,40.76458333,77.45791667,30.75208333,39,2025,September
Bilkanda G.P.(Talbanda),North 24 Pgs.,9/28/2025,22.6974616,88.435235,42.625,23.0575,42.66791667,74.84458333,31.53541667,39,2025,September
Bilkanda G.P.(Talbanda),North 24 Pgs.,9/29/2025,22.6974616,88.435235,58.04166667,30.96958333,57.98958333,72.86,32.06791667,40,2025,September
Bilkanda G.P.(Talbanda),North 24 Pgs.,9/30/2025,22.6974616,88.435235,63.41666667,34.95375,63.3625,73.61916667,31.69041667,40,2025,September
Bilkanda G.P.(Talbanda),North 24 Pgs.,10/1/2025,22.6974616,88.435235,46.83333333,26.10125,46.79125,75.9275,30.34416667,40,2025,October
Bilkanda G.P.(Talbanda),North 24 Pgs.,10/2/2025,22.6974616,88.435235,30.875,18.25166667,30.86541667,84.9475,28.38791667,40,2025,October
Bilkanda G.P.(Talbanda),North 24 Pgs.,10/3/2025,22.6974616,88.435235,37.29166667,21.91916667,37.37333333,86.47,28.2625,40,2025,October
Bilkanda G.P.(Talbanda),North 24 Pgs.,10/4/2025,22.6974616,88.435235,42,24.18958333,41.9775,81.35416667,29.5125,40,2025,October
Bilkanda G.P.(Talbanda),North 24 Pgs.,10/5/2025,22.6974616,88.435235,41.125,23.57083333,41.06833333,82.25583333,28.1875,40,2025,October
Bilkanda G.P.(Talbanda),North 24 Pgs.,10/6/2025,22.6974616,88.435235,70.25,39.305,70.40166667,81.12916667,28.46666667,41,2025,October
Bilkanda G.P.(Talbanda),North 24 Pgs.,10/7/2025,22.6974616,88.435235,72.5,40.55958333,72.4975,79.62833333,29.03583333,41,2025,October
Bilkanda G.P.(Talbanda),North 24 Pgs.,10/8/2025,22.6974616,88.435235,74.41666667,41.86958333,74.46625,80.41416667,28.715,41,2025,October
Bilkanda G.P.(Talbanda),North 24 Pgs.,10/9/2025,22.6974616,88.435235,80.58333333,44.88041667,80.59583333,80.17333333,29.07625,41,2025,October
Bilkanda G.P.(Talbanda),North 24 Pgs.,10/10/2025,22.6974616,88.435235,79.375,44.35458333,79.36083333,82.7875,28.24,41,2025,October
Bilkanda G.P.(Talbanda),North 24 Pgs.,10/11/2025,22.6974616,88.435235,74.20833333,40.40708333,74.34,76.5175,29.51458333,41,2025,October
Bilkanda G.P.(Talbanda),North 24 Pgs.,10/12/2025,22.6974616,88.435235,78.375,41.80041667,78.49833333,73.67125,30.13708333,41,2025,October
Bilkanda G.P.(Talbanda),North 24 Pgs.,10/13/2025,22.6974616,88.435235,91.66666667,49.22291667,92.58125,70.57291667,29.9325,42,2025,October
Bilkanda G.P.(Talbanda),North 24 Pgs.,10/14/2025,22.6974616,88.435235,93.66666667,50.17166667,94.14458333,69.9075,29.63458333,42,2025,October
Bilkanda G.P.(Talbanda),North 24 Pgs.,10/15/2025,22.6974616,88.435235,100.4583333,54.14958333,101.1741667,67.5875,29.48416667,42,2025,October
Bilkanda G.P.(Talbanda),North 24 Pgs.,10/16/2025,22.6974616,88.435235,103.0416667,55.79541667,105.315,67.06083333,29.21708333,42,2025,October
Bilkanda G.P.(Talbanda),North 24 Pgs.,10/17/2025,22.6974616,88.435235,115.5,63.29,117.4329167,69.29958333,29.77458333,42,2025,October
Bilkanda G.P.(Talbanda),North 24 Pgs.,10/18/2025,22.6974616,88.435235,121,64.85083333,120.6075,70.77458333,30.49625,42,2025,October
Bilkanda G.P.(Talbanda),North 24 Pgs.,10/19/2025,22.6974616,88.435235,126,64.72791667,121.4054167,71.59541667,30.90458333,42,2025,October
Bilkanda G.P.(Talbanda),North 24 Pgs.,10/20/2025,22.6974616,88.435235,114.125,58.78083333,108.1941667,72.83875,30.87916667,43,2025,October
Bilkanda G.P.(Talbanda),North 24 Pgs.,10/21/2025,22.6974616,88.435235,142.125,70.81541667,129.5183333,71.49333333,30.4075,43,2025,October
Bilkanda G.P.(Talbanda),North 24 Pgs.,10/22/2025,22.6974616,88.435235,152.5,75.53958333,138.6666667,70.35666667,30.08958333,43,2025,October
Bilkanda G.P.(Talbanda),North 24 Pgs.,10/23/2025,22.6974616,88.435235,132.375,65.17583333,121.5879167,67.57083333,30.48666667,43,2025,October
Bilkanda G.P.(Talbanda),North 24 Pgs.,10/24/2025,22.6974616,88.435235,132.4166667,67.79708333,127.7358333,68.64166667,30.11375,43,2025,October
Bilkanda G.P.(Talbanda),North 24 Pgs.,10/25/2025,22.6974616,88.435235,131,66.76875,125.8529167,69.41416667,30.35541667,43,2025,October
Bilkanda G.P.(Talbanda),North 24 Pgs.,10/26/2025,22.6974616,88.435235,122.1666667,63.60708333,118.3133333,73.16166667,30.11208333,43,2025,October
Bilkanda G.P.(Talbanda),North 24 Pgs.,10/27/2025,22.6974616,88.435235,121.0416667,63.98791667,117.0466667,71.64041667,30.76458333,44,2025,October
Bilkanda G.P.(Talbanda),North 24 Pgs.,10/28/2025,22.6974616,88.435235,87,47.26583333,85.82333333,74.38833333,29.89916667,44,2025,October
Bilkanda G.P.(Talbanda),North 24 Pgs.,10/29/2025,22.6974616,88.435235,54.375,29.50291667,54.37,86.57625,26.91083333,44,2025,October
Bilkanda G.P.(Talbanda),North 24 Pgs.,10/30/2025,22.6974616,88.435235,46.70833333,26.02375,46.76208333,82.26208333,28.08583333,44,2025,October
Bilkanda G.P.(Talbanda),North 24 Pgs.,10/31/2025,22.6974616,88.435235,55.5,30.28791667,55.44166667,78.4025,29.38,44,2025,October
Bilkanda G.P.(Talbanda),North 24 Pgs.,11/1/2025,22.6974616,88.435235,72.125,39.21666667,72.10125,77.19916667,29.42958333,44,2025,November
Bilkanda G.P.(Talbanda),North 24 Pgs.,11/2/2025,22.6974616,88.435235,60.20833333,31.83166667,60.39916667,77.375,26.96416667,44,2025,November
Bilkanda G.P.(Talbanda),North 24 Pgs.,11/3/2025,22.6974616,88.435235,111,56.36125,104.9558333,70.53083333,27.5375,45,2025,November
Bilkanda G.P.(Talbanda),North 24 Pgs.,11/4/2025,22.6974616,88.435235,233,99.98666667,181.9670833,73.62583333,26.60875,45,2025,November
Bilkanda G.P.(Talbanda),North 24 Pgs.,11/5/2025,22.6974616,88.435235,223.4166667,97.00958333,176.5608333,70.8575,27.36666667,45,2025,November
Bilkanda G.P.(Talbanda),North 24 Pgs.,11/6/2025,22.6974616,88.435235,201.2083333,90.34,166.2929167,73.13833333,28.11,45,2025,November
Bilkanda G.P.(Talbanda),North 24 Pgs.,11/7/2025,22.6974616,88.435235,193.125,87.93083333,160.69625,71.06791667,28.51333333,45,2025,November
Bilkanda G.P.(Talbanda),North 24 Pgs.,11/8/2025,22.6974616,88.435235,111.1666667,58.93333333,111.3075,60.21708333,27.03541667,45,2025,November
Bilkanda G.P.(Talbanda),North 24 Pgs.,11/9/2025,22.6974616,88.435235,121.9583333,62.64416667,118.8316667,60.14791667,25.74125,45,2025,November
Bilkanda G.P.(Talbanda),North 24 Pgs.,11/10/2025,22.6974616,88.435235,190.6666667,87.2075,162.5833333,63.35875,25.88833333,46,2025,November
Bilkanda G.P.(Talbanda),North 24 Pgs.,11/11/2025,22.6974616,88.435235,153.2916667,75.875,140.8758333,60.21083333,25.27041667,46,2025,November
Bilkanda G.P.(Talbanda),North 24 Pgs.,11/12/2025,22.6974616,88.435235,205.9166667,91.74458333,171.1004167,62.06291667,24.64791667,46,2025,November
Bilkanda G.P.(Talbanda),North 24 Pgs.,11/13/2025,22.6974616,88.435235,189.4166667,86.83541667,160.39,63.53333333,24.80708333,46,2025,November
Bilkanda G.P.(Talbanda),North 24 Pgs.,11/14/2025,22.6974616,88.435235,178.9583333,83.57791667,155.2791667,63.75541667,24.79666667,46,2025,November
Bilkanda G.P.(Talbanda),North 24 Pgs.,11/15/2025,22.6974616,88.435235,165.75,79.68291667,147.9275,65.09333333,25.1525,46,2025,November
Bilkanda G.P.(Talbanda),North 24 Pgs.,11/16/2025,22.6974616,88.435235,173.4583333,82.04791667,151.8941667,64.74166667,24.97541667,46,2025,November
Bilkanda G.P.(Talbanda),North 24 Pgs.,11/17/2025,22.6974616,88.435235,157.75,76.65416667,142.9095833,65.37041667,25.42541667,47,2025,November
Bilkanda G.P.(Talbanda),North 24 Pgs.,11/18/2025,22.6974616,88.435235,142.0833333,69.6625,131.47125,64.59375,25.83583333,47,2025,November
Bilkanda G.P.(Talbanda),North 24 Pgs.,11/19/2025,22.6974616,88.435235,126.9583333,62.89125,121.8575,63.18166667,26.45875,47,2025,November
Bilkanda G.P.(Talbanda),North 24 Pgs.,11/20/2025,22.6974616,88.435235,166.6666667,78.99791667,148.715,62.45,26.37166667,47,2025,November
Bilkanda G.P.(Talbanda),North 24 Pgs.,11/21/2025,22.6974616,88.435235,217.5416667,96.79291667,180.9604167,64.61041667,25.81708333,47,2025,November
Bilkanda G.P.(Talbanda),North 24 Pgs.,11/22/2025,22.6974616,88.435235,257.125,109.9058333,203.475,67.63416667,25.21875,47,2025,November
Bilkanda G.P.(Talbanda),North 24 Pgs.,11/23/2025,22.6974616,88.435235,235.875,101.4620833,186.3954167,68.06166667,25.30125,47,2025,November
Bilkanda G.P.(Talbanda),North 24 Pgs.,11/24/2025,22.6974616,88.435235,210.75,93.68833333,176.1633333,65.82833333,24.27541667,48,2025,November
Bilkanda G.P.(Talbanda),North 24 Pgs.,11/25/2025,22.6974616,88.435235,217.75,95.36166667,181.2158333,64.71583333,23.13833333,48,2025,November
Bilkanda G.P.(Talbanda),North 24 Pgs.,11/26/2025,22.6974616,88.435235,192.5833333,87.80125,166.9383333,62.19958333,23.005,48,2025,November
Bilkanda G.P.(Talbanda),North 24 Pgs.,11/27/2025,22.6974616,88.435235,155.5416667,73.33333333,140.2166667,65.34125,24.03583333,48,2025,November
Bilkanda G.P.(Talbanda),North 24 Pgs.,11/28/2025,22.6974616,88.435235,151.7916667,72.54875,140.9191667,66.56125,24.63625,48,2025,November
Bilkanda G.P.(Talbanda),North 24 Pgs.,11/29/2025,22.6974616,88.435235,173.1666667,80.37666667,157.01125,67.53458333,24.14541667,48,2025,November
Bilkanda G.P.(Talbanda),North 24 Pgs.,11/30/2025,22.6974616,88.435235,189.6666667,87.07916667,166.18875,68.19833333,23.95625,48,2025,November
Bilkanda G.P.(Talbanda),North 24 Pgs.,12/1/2025,22.6974616,88.435235,225,97.37,188.62,77.32,21.18,49,2025,December
Bilkanda G.P.(Tegharia),North 24 Pgs.,9/2/2025,22.693545,88.412168,32.71428571,18.86,32.63428571,83.88285714,28.45285714,36,2025,September
Bilkanda G.P.(Tegharia),North 24 Pgs.,9/3/2025,22.693545,88.412168,31.875,18.23291667,31.73125,85.97916667,28.00833333,36,2025,September
Bilkanda G.P.(Tegharia),North 24 Pgs.,9/4/2025,22.693545,88.412168,35.04166667,19.62958333,35.07458333,82.88458333,29.35833333,36,2025,September
Bilkanda G.P.(Tegharia),North 24 Pgs.,9/5/2025,22.693545,88.412168,47.91666667,25.05916667,47.91291667,77.6325,30.86583333,36,2025,September
Bilkanda G.P.(Tegharia),North 24 Pgs.,9/6/2025,22.693545,88.412168,55.66666667,28.16833333,55.655,73.87458333,31.78458333,36,2025,September
Bilkanda G.P.(Tegharia),North 24 Pgs.,9/7/2025,22.693545,88.412168,51.58333333,26.43291667,51.62375,73.59791667,31.57458333,36,2025,September
Bilkanda G.P.(Tegharia),North 24 Pgs.,9/8/2025,22.693545,88.412168,53,26.29416667,52.92875,71.4,32.18541667,37,2025,September
Bilkanda G.P.(Tegharia),North 24 Pgs.,9/9/2025,22.693545,88.412168,55.125,28.06,55.12,71.64,32.16916667,37,2025,September
Bilkanda G.P.(Tegharia),North 24 Pgs.,9/10/2025,22.693545,88.412168,54.375,28.08875,54.41166667,70.3,32.67916667,37,2025,September
Bilkanda G.P.(Tegharia),North 24 Pgs.,9/11/2025,22.693545,88.412168,50.54166667,26.53166667,50.57791667,74.92041667,31.83291667,37,2025,September
Bilkanda G.P.(Tegharia),North 24 Pgs.,9/12/2025,22.693545,88.412168,48.58333333,25.28041667,48.60875,75.77625,31.40916667,37,2025,September
Bilkanda G.P.(Tegharia),North 24 Pgs.,9/13/2025,22.693545,88.412168,44.16666667,22.57041667,44.20916667,74.33041667,31.50833333,37,2025,September
Bilkanda G.P.(Tegharia),North 24 Pgs.,9/14/2025,22.693545,88.412168,43.41666667,24.08666667,43.315,85.46416667,28.70958333,37,2025,September
Bilkanda G.P.(Tegharia),North 24 Pgs.,9/15/2025,22.693545,88.412168,40.375,23.10791667,40.38,85.27583333,28.65375,38,2025,September
Bilkanda G.P.(Tegharia),North 24 Pgs.,9/16/2025,22.693545,88.412168,44.54166667,25.40041667,44.57791667,85.91958333,28.37833333,38,2025,September
Bilkanda G.P.(Tegharia),North 24 Pgs.,9/17/2025,22.693545,88.412168,45.41666667,25.6575,45.48875,80.28375,29.88083333,38,2025,September
Bilkanda G.P.(Tegharia),North 24 Pgs.,9/18/2025,22.693545,88.412168,50.54166667,27.82875,50.55458333,73.735,32.09083333,38,2025,September
Bilkanda G.P.(Tegharia),North 24 Pgs.,9/19/2025,22.693545,88.412168,64.25,35.58291667,64.29208333,78.3275,31.30708333,38,2025,September
Bilkanda G.P.(Tegharia),North 24 Pgs.,9/20/2025,22.693545,88.412168,64.08333333,36.24541667,64.08,84.1825,29.26125,38,2025,September
Bilkanda G.P.(Tegharia),North 24 Pgs.,9/21/2025,22.693545,88.412168,79.20833333,44.44,79.22541667,78.57291667,30.82708333,38,2025,September
Bilkanda G.P.(Tegharia),North 24 Pgs.,9/22/2025,22.693545,88.412168,57.45833333,32.65791667,57.41708333,81.66291667,29.25166667,39,2025,September
Bilkanda G.P.(Tegharia),North 24 Pgs.,9/23/2025,22.693545,88.412168,46,26.455,45.87458333,86.6375,28.05833333,39,2025,September
Bilkanda G.P.(Tegharia),North 24 Pgs.,9/24/2025,22.693545,88.412168,50.375,27.71833333,50.35166667,78.57416667,30.57125,39,2025,September
Bilkanda G.P.(Tegharia),North 24 Pgs.,9/25/2025,22.693545,88.412168,49,26.70375,48.93791667,78.12125,30.80458333,39,2025,September
Bilkanda G.P.(Tegharia),North 24 Pgs.,9/26/2025,22.693545,88.412168,40.58333333,23.12291667,40.56875,81.3275,30.12291667,39,2025,September
Bilkanda G.P.(Tegharia),North 24 Pgs.,9/27/2025,22.693545,88.412168,38.41666667,21.84583333,38.52916667,78.32583333,30.79291667,39,2025,September
Bilkanda G.P.(Tegharia),North 24 Pgs.,9/28/2025,22.693545,88.412168,40.125,21.66458333,40.09416667,74.65708333,31.59166667,39,2025,September
Bilkanda G.P.(Tegharia),North 24 Pgs.,9/29/2025,22.693545,88.412168,59.66666667,28.63625,60.20875,73.62708333,31.94958333,40,2025,September
Bilkanda G.P.(Tegharia),North 24 Pgs.,9/30/2025,22.693545,88.412168,54.54166667,29.95291667,54.44541667,74.49916667,31.85708333,40,2025,September
Bilkanda G.P.(Tegharia),North 24 Pgs.,10/1/2025,22.693545,88.412168,44.54166667,25.12,44.55208333,78.64875,30.06125,40,2025,October
Bilkanda G.P.(Tegharia),North 24 Pgs.,10/2/2025,22.693545,88.412168,31.25,18.24875,31.26166667,86.93666667,28.09083333,40,2025,October
Bilkanda G.P.(Tegharia),North 24 Pgs.,10/3/2025,22.693545,88.412168,37.70833333,21.83708333,37.67458333,88.05875,28.07125,40,2025,October
Bilkanda G.P.(Tegharia),North 24 Pgs.,10/4/2025,22.693545,88.412168,40.66666667,23.38583333,40.76583333,82.27375,29.725,40,2025,October
Bilkanda G.P.(Tegharia),North 24 Pgs.,10/5/2025,22.693545,88.412168,39.45833333,22.67458333,39.44041667,83.61375,28.30416667,40,2025,October
Bilkanda G.P.(Tegharia),North 24 Pgs.,10/6/2025,22.693545,88.412168,68.58333333,38.36875,68.2825,83.14333333,28.36583333,41,2025,October
Bilkanda G.P.(Tegharia),North 24 Pgs.,10/7/2025,22.693545,88.412168,64.41666667,36.22416667,64.40875,79.20333333,29.45458333,41,2025,October
Bilkanda G.P.(Tegharia),North 24 Pgs.,10/8/2025,22.693545,88.412168,69.625,39.06958333,69.64291667,81.80958333,28.72625,41,2025,October
Bilkanda G.P.(Tegharia),North 24 Pgs.,10/9/2025,22.693545,88.412168,74.29166667,41.82083333,74.33375,80.34958333,29.1975,41,2025,October
Bilkanda G.P.(Tegharia),North 24 Pgs.,10/10/2025,22.693545,88.412168,69,39.33166667,68.88583333,82.27958333,28.48625,41,2025,October
Bilkanda G.P.(Tegharia),North 24 Pgs.,10/11/2025,22.693545,88.412168,63.54166667,35.05791667,63.55958333,76.40375,29.63833333,41,2025,October
Bilkanda G.P.(Tegharia),North 24 Pgs.,10/12/2025,22.693545,88.412168,71.16666667,37.7475,71.12458333,73.15458333,30.18125,41,2025,October
Bilkanda G.P.(Tegharia),North 24 Pgs.,10/13/2025,22.693545,88.412168,79.29166667,42.18041667,79.29958333,70.89875,29.81708333,42,2025,October
Bilkanda G.P.(Tegharia),North 24 Pgs.,10/14/2025,22.693545,88.412168,85,45.20375,85.01583333,70.065,29.64375,42,2025,October
Bilkanda G.P.(Tegharia),North 24 Pgs.,10/15/2025,22.693545,88.412168,89.58333333,47.7125,90.73708333,67.185,29.4675,42,2025,October
Bilkanda G.P.(Tegharia),North 24 Pgs.,10/16/2025,22.693545,88.412168,96.5,51.18458333,98.82583333,65.98833333,29.35916667,42,2025,October
Bilkanda G.P.(Tegharia),North 24 Pgs.,10/17/2025,22.693545,88.412168,107.4583333,58.45708333,110.39125,69.60375,29.6525,42,2025,October
Bilkanda G.P.(Tegharia),North 24 Pgs.,10/18/2025,22.693545,88.412168,99.41666667,53.945,101.7470833,70.93833333,30.33541667,42,2025,October
Bilkanda G.P.(Tegharia),North 24 Pgs.,10/19/2025,22.693545,88.412168,90.08333333,47.60958333,90.8775,70.945,31.09083333,42,2025,October
Bilkanda G.P.(Tegharia),North 24 Pgs.,10/20/2025,22.693545,88.412168,118.875,57.88791667,106.23125,71.41833333,31.22791667,43,2025,October
Bilkanda G.P.(Tegharia),North 24 Pgs.,10/21/2025,22.693545,88.412168,127.125,64.00791667,118.2720833,69.90875,30.64333333,43,2025,October
Bilkanda G.P.(Tegharia),North 24 Pgs.,10/22/2025,22.693545,88.412168,142.3333333,70.54541667,132.7304167,70,30.21833333,43,2025,October
Bilkanda G.P.(Tegharia),North 24 Pgs.,10/23/2025,22.693545,88.412168,124.4166667,60.76375,114.9091667,68.12541667,30.47,43,2025,October
Bilkanda G.P.(Tegharia),North 24 Pgs.,10/24/2025,22.693545,88.412168,104.9583333,56.30291667,107.5420833,68.67083333,30.2225,43,2025,October
Bilkanda G.P.(Tegharia),North 24 Pgs.,10/25/2025,22.693545,88.412168,98.875,54.16,100.9066667,68.7975,30.57166667,43,2025,October
Bilkanda G.P.(Tegharia),North 24 Pgs.,10/26/2025,22.693545,88.412168,94.45833333,50.93,93.37583333,72.2575,30.38083333,43,2025,October
Bilkanda G.P.(Tegharia),North 24 Pgs.,10/27/2025,22.693545,88.412168,92.41666667,50.68208333,92.61666667,71.1925,30.77208333,44,2025,October
Bilkanda G.P.(Tegharia),North 24 Pgs.,10/28/2025,22.693545,88.412168,70.75,39.115,70.85208333,73.4875,30.15416667,44,2025,October
Bilkanda G.P.(Tegharia),North 24 Pgs.,10/29/2025,22.693545,88.412168,46,26.33666667,46.01958333,87.355,26.75083333,44,2025,October
Bilkanda G.P.(Tegharia),North 24 Pgs.,10/30/2025,22.693545,88.412168,41.91666667,24.11583333,41.98958333,82.44333333,28.32166667,44,2025,October
Bilkanda G.P.(Tegharia),North 24 Pgs.,10/31/2025,22.693545,88.412168,46.375,26.42041667,46.38625,77.49166667,29.59541667,44,2025,October
Bilkanda G.P.(Tegharia),North 24 Pgs.,11/1/2025,22.693545,88.412168,52.5,29.69625,52.38791667,76.80208333,29.79,44,2025,November
Bilkanda G.P.(Tegharia),North 24 Pgs.,11/2/2025,22.693545,88.412168,43.20833333,23.48916667,43.17208333,76.30041667,27.26541667,44,2025,November
Bilkanda G.P.(Tegharia),North 24 Pgs.,11/3/2025,22.693545,88.412168,82.16666667,43.67375,82.63916667,68.80541667,27.93666667,45,2025,November
Bilkanda G.P.(Tegharia),North 24 Pgs.,11/4/2025,22.693545,88.412168,150.75,75.20916667,136.17125,71.79791667,27.08791667,45,2025,November
Bilkanda G.P.(Tegharia),North 24 Pgs.,11/5/2025,22.693545,88.412168,148.7083333,74.17583333,135.76875,68.69,27.88916667,45,2025,November
Bilkanda G.P.(Tegharia),North 24 Pgs.,11/6/2025,22.693545,88.412168,133.0833333,67.7975,125.1295833,71.40333333,28.40791667,45,2025,November
Bilkanda G.P.(Tegharia),North 24 Pgs.,11/7/2025,22.693545,88.412168,155.2222222,76.53222222,135.7366667,82.90555556,25.04888889,45,2025,November
Bilkanda G.P.(Tegharia),North 24 Pgs.,11/9/2025,22.693545,88.412168,92.73333333,48.314,95.05866667,52.96066667,28.58066667,45,2025,November
Bilkanda G.P.(Tegharia),North 24 Pgs.,11/10/2025,22.693545,88.412168,110.25,60.15625,112.7275,62.84958333,25.79583333,46,2025,November
Bilkanda G.P.(Tegharia),North 24 Pgs.,11/11/2025,22.693545,88.412168,109.9166667,59.57708333,112.2175,61.52291667,24.90083333,46,2025,November
Bilkanda G.P.(Tegharia),North 24 Pgs.,11/12/2025,22.693545,88.412168,135,69.61791667,130.69875,63.67041667,24.04833333,46,2025,November
Bilkanda G.P.(Tegharia),North 24 Pgs.,11/13/2025,22.693545,88.412168,131.25,68.15166667,125.7925,65.17291667,24.20916667,46,2025,November
Bilkanda G.P.(Tegharia),North 24 Pgs.,11/14/2025,22.693545,88.412168,129.875,66.51958333,124.0895833,65.66666667,24.15708333,46,2025,November
Bilkanda G.P.(Tegharia),North 24 Pgs.,11/15/2025,22.693545,88.412168,117.125,62.2025,115.3095833,65.99333333,24.53625,46,2025,November
Bilkanda G.P.(Tegharia),North 24 Pgs.,11/16/2025,22.693545,88.412168,125.8333333,65.6125,119.7891667,65.79791667,24.57416667,46,2025,November
Bilkanda G.P.(Tegharia),North 24 Pgs.,11/17/2025,22.693545,88.412168,108.1666667,58.33708333,108.79375,66.20166667,24.875,47,2025,November
Bilkanda G.P.(Tegharia),North 24 Pgs.,11/18/2025,22.693545,88.412168,98.54166667,53.12541667,100.7366667,65.28166667,25.39291667,47,2025,November
Bilkanda G.P.(Tegharia),North 24 Pgs.,11/19/2025,22.693545,88.412168,93.58333333,49.00541667,93.79666667,62.78083333,26.02333333,47,2025,November
Bilkanda G.P.(Tegharia),North 24 Pgs.,11/20/2025,22.693545,88.412168,114,58.81583333,110.5566667,63.3525,25.98291667,47,2025,November
Bilkanda G.P.(Tegharia),North 24 Pgs.,11/21/2025,22.693545,88.412168,144.125,71.28416667,134.4025,65.4,25.27875,47,2025,November
Bilkanda G.P.(Tegharia),North 24 Pgs.,11/22/2025,22.693545,88.412168,163.5833333,78.80416667,147.8683333,67.61041667,24.70875,47,2025,November
Bilkanda G.P.(Tegharia),North 24 Pgs.,11/23/2025,22.693545,88.412168,158.7916667,76.3875,140.7220833,68.69541667,24.60541667,47,2025,November
Bilkanda G.P.(Tegharia),North 24 Pgs.,11/24/2025,22.693545,88.412168,138.3333333,71.45708333,131.41125,66.89125,23.76583333,48,2025,November
Bilkanda G.P.(Tegharia),North 24 Pgs.,11/25/2025,22.693545,88.412168,152.0416667,75.30041667,139.1804167,65.22416667,22.78916667,48,2025,November
Bilkanda G.P.(Tegharia),North 24 Pgs.,11/26/2025,22.693545,88.412168,127.5416667,67.47416667,127.0554167,61.66666667,22.57875,48,2025,November
Bilkanda G.P.(Tegharia),North 24 Pgs.,11/27/2025,22.693545,88.412168,114.9166667,60.545,114.7783333,66.18541667,23.49,48,2025,November
Bilkanda G.P.(Tegharia),North 24 Pgs.,11/28/2025,22.693545,88.412168,119.0416667,61.33958333,115.925,65.70375,24.36916667,48,2025,November
Bilkanda G.P.(Tegharia),North 24 Pgs.,11/29/2025,22.693545,88.412168,122.5416667,63.51375,119.77625,67.6825,23.96041667,48,2025,November
Bilkanda G.P.(Tegharia),North 24 Pgs.,11/30/2025,22.693545,88.412168,144.9583333,72.24583333,135.3195833,68.90291667,23.55333333,48,2025,November
Bilkanda G.P.(Tegharia),North 24 Pgs.,12/1/2025,22.693545,88.412168,198,89.36,167.99,81.86,20.05,49,2025,December
Bilkanda Mouza,North 24 Pgs.,8/31/2025,22.703514,88.411499,51.875,29.06,51.84791667,78.70625,31.69666667,35,2025,August
Bilkanda Mouza,North 24 Pgs.,9/1/2025,22.703514,88.411499,69.45833333,38.85916667,68.73208333,77.73833333,32.81208333,36,2025,September
Bilkanda Mouza,North 24 Pgs.,9/2/2025,22.703514,88.411499,38.45833333,22.21083333,38.5225,87.69916667,28.70916667,36,2025,September
Bilkanda Mouza,North 24 Pgs.,9/3/2025,22.703514,88.411499,35.41666667,20.45083333,35.35458333,88.62958333,28.32,36,2025,September
Bilkanda Mouza,North 24 Pgs.,9/4/2025,22.703514,88.411499,40.75,23.34458333,40.64875,85.27541667,29.61708333,36,2025,September
Bilkanda Mouza,North 24 Pgs.,9/5/2025,22.703514,88.411499,53.79166667,30.32,53.85333333,80.04625,31.08166667,36,2025,September
Bilkanda Mouza,North 24 Pgs.,9/6/2025,22.703514,88.411499,60.58333333,33.88708333,60.54541667,76.33916667,32.13541667,36,2025,September
Bilkanda Mouza,North 24 Pgs.,9/7/2025,22.703514,88.411499,58.45833333,32.895,58.41958333,76.31125,31.89833333,36,2025,September
Bilkanda Mouza,North 24 Pgs.,9/8/2025,22.703514,88.411499,56.45833333,31.67583333,56.46791667,73.86,32.67791667,37,2025,September
Bilkanda Mouza,North 24 Pgs.,9/9/2025,22.703514,88.411499,60.83333333,34.22,60.79125,75.47291667,32.28291667,37,2025,September
Bilkanda Mouza,North 24 Pgs.,9/10/2025,22.703514,88.411499,59.91666667,33.92833333,59.89625,73.70875,32.77041667,37,2025,September
Bilkanda Mouza,North 24 Pgs.,9/11/2025,22.703514,88.411499,57.375,32.56875,57.46583333,77.13625,32.3925,37,2025,September
Bilkanda Mouza,North 24 Pgs.,9/12/2025,22.703514,88.411499,51.75,29.49083333,51.73458333,77.82333333,31.97666667,37,2025,September
Bilkanda Mouza,North 24 Pgs.,9/13/2025,22.703514,88.411499,44.70833333,25.45333333,44.71208333,76.66125,31.90208333,37,2025,September
Bilkanda Mouza,North 24 Pgs.,9/14/2025,22.703514,88.411499,49.25,28.42333333,49.26541667,86.59041667,29.39333333,37,2025,September
Bilkanda Mouza,North 24 Pgs.,9/15/2025,22.703514,88.411499,46.91666667,27.27416667,46.86916667,87.63458333,28.84875,38,2025,September
Bilkanda Mouza,North 24 Pgs.,9/16/2025,22.703514,88.411499,53.45833333,31.17833333,53.48666667,88.34625,28.58916667,38,2025,September
Bilkanda Mouza,North 24 Pgs.,9/17/2025,22.703514,88.411499,53.54166667,30.89833333,53.43333333,83.10708333,30.07791667,38,2025,September
Bilkanda Mouza,North 24 Pgs.,9/18/2025,22.703514,88.411499,55.125,31.84708333,55.24291667,76.94166667,32.22625,38,2025,September
Bilkanda Mouza,North 24 Pgs.,9/19/2025,22.703514,88.411499,77.16666667,44.27416667,76.81125,80.00125,31.95833333,38,2025,September
Bilkanda Mouza,North 24 Pgs.,9/20/2025,22.703514,88.411499,75.54166667,43.75958333,75.58375,85.7375,29.79291667,38,2025,September
Bilkanda Mouza,North 24 Pgs.,9/21/2025,22.703514,88.411499,94.45833333,54.56208333,94.30041667,80.37666667,31.33125,38,2025,September
Bilkanda Mouza,North 24 Pgs.,9/22/2025,22.703514,88.411499,65.66666667,38.34875,65.72375,83.70625,29.77291667,39,2025,September
Bilkanda Mouza,North 24 Pgs.,9/23/2025,22.703514,88.411499,53.70833333,31.51958333,53.49708333,88.5325,28.36583333,39,2025,September
Bilkanda Mouza,North 24 Pgs.,9/24/2025,22.703514,88.411499,57.625,33.66125,57.5725,80.35541667,31.01791667,39,2025,September
Bilkanda Mouza,North 24 Pgs.,9/25/2025,22.703514,88.411499,51.5,30.11625,51.46375,79.89625,31.275,39,2025,September
Bilkanda Mouza,North 24 Pgs.,9/26/2025,22.703514,88.411499,42.16666667,24.98166667,42.155,82.89291667,30.60125,39,2025,September
Bilkanda Mouza,North 24 Pgs.,9/27/2025,22.703514,88.411499,38.66666667,22.88083333,38.69625,80.43708333,31.17291667,39,2025,September
Bilkanda Mouza,North 24 Pgs.,9/28/2025,22.703514,88.411499,40.41666667,23.78333333,40.42041667,76.04958333,32.23791667,39,2025,September
Bilkanda Mouza,North 24 Pgs.,9/29/2025,22.703514,88.411499,60.33333333,34.34666667,59.40875,74.77916667,32.76166667,40,2025,September
Bilkanda Mouza,North 24 Pgs.,9/30/2025,22.703514,88.411499,65.04166667,37.37916667,65.02,76.02875,32.52083333,40,2025,September
Bilkanda Mouza,North 24 Pgs.,10/1/2025,22.703514,88.411499,55.08333333,30.895,55.04625,78.54083333,31.05041667,40,2025,October
Bilkanda Mouza,North 24 Pgs.,10/2/2025,22.703514,88.411499,36.375,21.17916667,36.41916667,88.09291667,28.59625,40,2025,October
Bilkanda Mouza,North 24 Pgs.,10/3/2025,22.703514,88.411499,47.125,26.93166667,47.14958333,89.46166667,28.44125,40,2025,October
Bilkanda Mouza,North 24 Pgs.,10/4/2025,22.703514,88.411499,50.91666667,28.82625,50.83916667,84.3275,30.02041667,40,2025,October
Bilkanda Mouza,North 24 Pgs.,10/5/2025,22.703514,88.411499,49.79166667,28.47166667,49.76,85.19458333,28.72666667,40,2025,October
Bilkanda Mouza,North 24 Pgs.,10/6/2025,22.703514,88.411499,97.08333333,51.64958333,90.88291667,84.24875,28.88416667,41,2025,October
Bilkanda Mouza,North 24 Pgs.,10/7/2025,22.703514,88.411499,86.25,49.34375,86.44125,80.34291667,30.0775,41,2025,October
Bilkanda Mouza,North 24 Pgs.,10/8/2025,22.703514,88.411499,91.95833333,52.16333333,91.28791667,82.31125,29.5275,41,2025,October
Bilkanda Mouza,North 24 Pgs.,10/9/2025,22.703514,88.411499,96.625,55.31083333,96.83625,81.09208333,29.80583333,41,2025,October
Bilkanda Mouza,North 24 Pgs.,10/10/2025,22.703514,88.411499,96.38888889,55.32444444,96.34333333,83.31,29.15222222,41,2025,October
Bilkanda Mouza,North 24 Pgs.,10/11/2025,22.703514,88.411499,79.04166667,44.72958333,79.22833333,78.60791667,29.93833333,41,2025,October
Bilkanda Mouza,North 24 Pgs.,10/12/2025,22.703514,88.411499,83.58333333,47.21583333,83.86125,74.63541667,30.65666667,41,2025,October
Bilkanda Mouza,North 24 Pgs.,10/13/2025,22.703514,88.411499,90.20833333,51.02083333,90.35666667,72.51041667,30.31291667,42,2025,October
Bilkanda Mouza,North 24 Pgs.,10/14/2025,22.703514,88.411499,94,53.26958333,94.24416667,71.56875,30.1725,42,2025,October
Bilkanda Mouza,North 24 Pgs.,10/15/2025,22.703514,88.411499,95.16666667,54.08625,95.2425,68.81666667,30.01875,42,2025,October
Bilkanda Mouza,North 24 Pgs.,10/16/2025,22.703514,88.411499,97.875,55.22,97.17208333,67.67458333,29.98666667,42,2025,October
Bilkanda Mouza,North 24 Pgs.,10/17/2025,22.703514,88.411499,108.125,60.18666667,105.4908333,70.1575,30.49666667,42,2025,October
Bilkanda Mouza,North 24 Pgs.,10/18/2025,22.703514,88.411499,97.70833333,55.50208333,96.96208333,71.36708333,31.355,42,2025,October
Bilkanda Mouza,North 24 Pgs.,10/19/2025,22.703514,88.411499,80.79166667,46.33875,80.41833333,72.26541667,32.04916667,42,2025,October
Bilkanda Mouza,North 24 Pgs.,10/20/2025,22.703514,88.411499,117.5416667,59.56916667,104.6308333,72.60333333,31.98166667,43,2025,October
Bilkanda Mouza,North 24 Pgs.,10/21/2025,22.703514,88.411499,210.25,96.25291667,171.9466667,70.27041667,31.45583333,43,2025,October
Bilkanda Mouza,North 24 Pgs.,10/22/2025,22.703514,88.411499,224.0833333,99.36458333,178.7525,70.91958333,31.16333333,43,2025,October
Bilkanda Mouza,North 24 Pgs.,10/23/2025,22.703514,88.411499,175.6666667,80.50916667,151.2758333,68.17625,31.56666667,43,2025,October
Bilkanda Mouza,North 24 Pgs.,10/24/2025,22.703514,88.411499,189.4166667,86.86791667,156.4275,68.64166667,31.3075,43,2025,October
Bilkanda Mouza,North 24 Pgs.,10/25/2025,22.703514,88.411499,188.0416667,85.51583333,154.5291667,70.07375,31.40791667,43,2025,October
Bilkanda Mouza,North 24 Pgs.,10/26/2025,22.703514,88.411499,158.5,77.33416667,137.9283333,73.1525,31.33875,43,2025,October
Bilkanda Mouza,North 24 Pgs.,10/27/2025,22.703514,88.411499,165.9166667,79.48708333,142.75625,71.94916667,31.61791667,44,2025,October
Bilkanda Mouza,North 24 Pgs.,10/28/2025,22.703514,88.411499,122.4583333,59.86583333,107.1,75.02083333,30.995,44,2025,October
Bilkanda Mouza,North 24 Pgs.,10/29/2025,22.703514,88.411499,62.58333333,35.16333333,62.69583333,87.70291667,27.37625,44,2025,October
Bilkanda Mouza,North 24 Pgs.,10/30/2025,22.703514,88.411499,60.5,33.87583333,60.39291667,83.29375,28.97541667,44,2025,October
Bilkanda Mouza,North 24 Pgs.,10/31/2025,22.703514,88.411499,66,36.96875,66.01458333,79.05083333,30.1125,44,2025,October
Bilkanda Mouza,North 24 Pgs.,11/1/2025,22.703514,88.411499,75.45833333,42.70583333,75.53458333,79.44625,30.24083333,44,2025,November
Bilkanda Mouza,North 24 Pgs.,11/2/2025,22.703514,88.411499,58.79166667,33.09083333,58.80333333,78.59875,27.64833333,44,2025,November
Bilkanda Mouza,North 24 Pgs.,11/3/2025,22.703514,88.411499,138.8333333,66.53625,119.2758333,70.91541667,28.20458333,45,2025,November
Bilkanda Mouza,North 24 Pgs.,11/4/2025,22.703514,88.411499,289.25,121.40125,215.7275,74.78333333,27.39708333,45,2025,November
Bilkanda Mouza,North 24 Pgs.,11/5/2025,22.703514,88.411499,253.125,109.5404167,182.39375,70.835,28.06875,45,2025,November
Bilkanda Mouza,North 24 Pgs.,11/6/2025,22.703514,88.411499,111.375,61.85541667,83.72125,72.58083333,29.16083333,45,2025,November
Bilkanda Mouza,North 24 Pgs.,11/7/2025,22.703514,88.411499,97.16666667,57.2275,74.89625,71.06875,29.17375,45,2025,November
Bilkanda Mouza,North 24 Pgs.,11/8/2025,22.703514,88.411499,68.25,40.31291667,51.92708333,58.51875,27.70583333,45,2025,November
Bilkanda Mouza,North 24 Pgs.,11/9/2025,22.703514,88.411499,75.08333333,44.12458333,60.36083333,57.66833333,26.64625,45,2025,November
Bilkanda Mouza,North 24 Pgs.,11/10/2025,22.703514,88.411499,87.45833333,51.93125,66.6025,64.09208333,26.43625,46,2025,November
Bilkanda Mouza,North 24 Pgs.,11/11/2025,22.703514,88.411499,84.75,50.23375,67.125,61.11125,25.74875,46,2025,November
Bilkanda Mouza,North 24 Pgs.,11/12/2025,22.703514,88.411499,103.8333333,59.78791667,81.19458333,62.67083333,25.08,46,2025,November
Bilkanda Mouza,North 24 Pgs.,11/13/2025,22.703514,88.411499,104.7916667,60.05708333,81.23625,64.37208333,25.23416667,46,2025,November
Bilkanda Mouza,North 24 Pgs.,11/14/2025,22.703514,88.411499,99.83333333,58.09583333,78.4775,64.98833333,25.02125,46,2025,November
Bilkanda Mouza,North 24 Pgs.,11/15/2025,22.703514,88.411499,96.33333333,56.26666667,74.85833333,65.98833333,25.32708333,46,2025,November
Bilkanda Mouza,North 24 Pgs.,11/16/2025,22.703514,88.411499,92.54166667,55.02208333,72.14291667,65.37708333,25.28958333,46,2025,November
Bilkanda Mouza,North 24 Pgs.,11/17/2025,22.703514,88.411499,88.41666667,52.29958333,68.48208333,65.91791667,25.74541667,47,2025,November
Bilkanda Mouza,North 24 Pgs.,11/18/2025,22.703514,88.411499,82,48.24083333,64.6875,65.03416667,26.12666667,47,2025,November
Bilkanda Mouza,North 24 Pgs.,11/19/2025,22.703514,88.411499,66.95833333,40.12875,54.57791667,62.20208333,26.78625,47,2025,November
Bilkanda Mouza,North 24 Pgs.,11/20/2025,22.703514,88.411499,120.0833333,62.2175,83.13,63.13416667,26.46125,47,2025,November
Bilkanda Mouza,North 24 Pgs.,11/21/2025,22.703514,88.411499,120.5,63.80541667,85.40625,64.37375,26.14916667,47,2025,November
Bilkanda Mouza,North 24 Pgs.,11/22/2025,22.703514,88.411499,122.4166667,66.48916667,86.50833333,66.92208333,25.54708333,47,2025,November
Bilkanda Mouza,North 24 Pgs.,11/23/2025,22.703514,88.411499,135.9583333,69.7725,91.835,68.16291667,25.47666667,47,2025,November
Bilkanda Mouza,North 24 Pgs.,11/24/2025,22.703514,88.411499,148.5,74.555,100.8345833,66.84625,24.40708333,48,2025,November
Bilkanda Mouza,North 24 Pgs.,11/25/2025,22.703514,88.411499,124.875,67.05083333,93.11583333,65.72083333,23.39583333,48,2025,November
Bilkanda Mouza,North 24 Pgs.,11/26/2025,22.703514,88.411499,103.375,60.01875,85.57166667,62.37291667,23.1425,48,2025,November
Bilkanda Mouza,North 24 Pgs.,11/27/2025,22.703514,88.411499,91.33333333,53.23125,74.6475,65.81916667,24.3825,48,2025,November
Bilkanda Mouza,North 24 Pgs.,11/28/2025,22.703514,88.411499,95.29166667,54.7225,75.26666667,65.46875,25.0825,48,2025,November
Bilkanda Mouza,North 24 Pgs.,11/29/2025,22.703514,88.411499,95.5,55.56791667,76.27083333,67.05666667,24.61958333,48,2025,November
Bilkanda Mouza,North 24 Pgs.,11/30/2025,22.703514,88.411499,108.75,61.13541667,82.13666667,68.18833333,24.47875,48,2025,November
Bilkanda Mouza,North 24 Pgs.,12/1/2025,22.703514,88.411499,129,68.68,93.59,82.08,20.69,49,2025,December
Chandigarh Rohanda (Banaspol),North 24 Pgs.,8/31/2025,22.674821,88.492298,51.41666667,26.34875,51.48708333,77.07916667,30.88125,35,2025,August
Chandigarh Rohanda (Banaspol),North 24 Pgs.,9/1/2025,22.674821,88.492298,57,28.83875,57.28458333,77.40916667,31.49583333,36,2025,September
Chandigarh Rohanda (Banaspol),North 24 Pgs.,9/2/2025,22.674821,88.492298,31.875,18.57291667,31.92083333,83.07041667,28.42708333,36,2025,September
Chandigarh Rohanda (Banaspol),North 24 Pgs.,9/3/2025,22.674821,88.492298,32.25,18.41666667,32.18041667,84.15833333,27.99375,36,2025,September
Chandigarh Rohanda (Banaspol),North 24 Pgs.,9/4/2025,22.674821,88.492298,38.75,21.63708333,38.74875,81.43125,29.38833333,36,2025,September
Chandigarh Rohanda (Banaspol),North 24 Pgs.,9/5/2025,22.674821,88.492298,52.25,27.12458333,52.38875,78.38375,30.38958333,36,2025,September
Chandigarh Rohanda (Banaspol),North 24 Pgs.,9/6/2025,22.674821,88.492298,54.41666667,28.20916667,54.46208333,74.29833333,31.6,36,2025,September
Chandigarh Rohanda (Banaspol),North 24 Pgs.,9/7/2025,22.674821,88.492298,52.16666667,26.35041667,52.16375,74.29208333,31.33375,36,2025,September
Chandigarh Rohanda (Banaspol),North 24 Pgs.,9/8/2025,22.674821,88.492298,51.375,25.36583333,51.44916667,71.96916667,31.85208333,37,2025,September
Chandigarh Rohanda (Banaspol),North 24 Pgs.,9/9/2025,22.674821,88.492298,56.5,27.50208333,56.3975,72.89958333,31.61583333,37,2025,September
Chandigarh Rohanda (Banaspol),North 24 Pgs.,9/10/2025,22.674821,88.492298,50.125,26.19416667,50.04958333,71.54666667,32.02208333,37,2025,September
Chandigarh Rohanda (Banaspol),North 24 Pgs.,9/11/2025,22.674821,88.492298,51.41666667,25.22083333,51.37041667,73.50875,31.895,37,2025,September
Chandigarh Rohanda (Banaspol),North 24 Pgs.,9/12/2025,22.674821,88.492298,42.70833333,22.73916667,42.635,76.19708333,31.13666667,37,2025,September
Chandigarh Rohanda (Banaspol),North 24 Pgs.,9/13/2025,22.674821,88.492298,47.625,22.69291667,47.53125,74.19833333,31.38541667,37,2025,September
Chandigarh Rohanda (Banaspol),North 24 Pgs.,9/14/2025,22.674821,88.492298,39.54166667,22.27791667,39.47666667,83.64,28.96416667,37,2025,September
Chandigarh Rohanda (Banaspol),North 24 Pgs.,9/15/2025,22.674821,88.492298,37.875,21.76083333,37.84791667,83.48666667,28.66458333,38,2025,September
Chandigarh Rohanda (Banaspol),North 24 Pgs.,9/16/2025,22.674821,88.492298,41.33333333,23.94791667,41.24833333,85.02375,28.15083333,38,2025,September
Chandigarh Rohanda (Banaspol),North 24 Pgs.,9/17/2025,22.674821,88.492298,42.95833333,23.59875,42.87791667,80.20291667,29.51416667,38,2025,September
Chandigarh Rohanda (Banaspol),North 24 Pgs.,9/18/2025,22.674821,88.492298,50.41666667,25.57458333,50.4275,75.55875,31.03708333,38,2025,September
Chandigarh Rohanda (Banaspol),North 24 Pgs.,9/19/2025,22.674821,88.492298,65.375,32.75833333,65.72041667,77.31625,31.08208333,38,2025,September
Chandigarh Rohanda (Banaspol),North 24 Pgs.,9/20/2025,22.674821,88.492298,57.58333333,32.0875,57.6175,84.21208333,28.71041667,38,2025,September
Chandigarh Rohanda (Banaspol),North 24 Pgs.,9/21/2025,22.674821,88.492298,64.45833333,37.35875,64.47541667,80.45416667,30.00125,38,2025,September
Chandigarh Rohanda (Banaspol),North 24 Pgs.,9/22/2025,22.674821,88.492298,51.625,29.50958333,51.63166667,82.52958333,28.74125,39,2025,September
Chandigarh Rohanda (Banaspol),North 24 Pgs.,9/23/2025,22.674821,88.492298,48.70833333,28.03458333,48.3575,85.24583333,28.12166667,39,2025,September
Chandigarh Rohanda (Banaspol),North 24 Pgs.,9/24/2025,22.674821,88.492298,54.29166667,30.4875,54.10208333,78.43125,30.19583333,39,2025,September
Chandigarh Rohanda (Banaspol),North 24 Pgs.,9/25/2025,22.674821,88.492298,47.875,26.50833333,47.83208333,76.70541667,30.87541667,39,2025,September
Chandigarh Rohanda (Banaspol),North 24 Pgs.,9/26/2025,22.674821,88.492298,36.58333333,21.19916667,36.49333333,80.06791667,29.95125,39,2025,September
Chandigarh Rohanda (Banaspol),North 24 Pgs.,9/27/2025,22.674821,88.492298,44.16666667,25.38833333,44.1175,78.65833333,30.36583333,39,2025,September
Chandigarh Rohanda (Banaspol),North 24 Pgs.,9/28/2025,22.674821,88.492298,41,22.05375,41.01708333,75.55375,31.32166667,39,2025,September
Chandigarh Rohanda (Banaspol),North 24 Pgs.,9/29/2025,22.674821,88.492298,49.08333333,26.37416667,49.10791667,75.42625,31.22666667,40,2025,September
Chandigarh Rohanda (Banaspol),North 24 Pgs.,9/30/2025,22.674821,88.492298,54.45833333,29.74083333,54.60333333,75.80541667,31.03291667,40,2025,September
Chandigarh Rohanda (Banaspol),North 24 Pgs.,10/1/2025,22.674821,88.492298,48.79166667,25.26458333,48.74416667,77.30041667,29.84458333,40,2025,October
Chandigarh Rohanda (Banaspol),North 24 Pgs.,10/2/2025,22.674821,88.492298,34.5,18.20291667,34.36583333,85.82875,28.00958333,40,2025,October
Chandigarh Rohanda (Banaspol),North 24 Pgs.,10/3/2025,22.674821,88.492298,37.66666667,22.1075,37.62916667,87.53291667,28.01291667,40,2025,October
Chandigarh Rohanda (Banaspol),North 24 Pgs.,10/4/2025,22.674821,88.492298,35.25,20.95625,35.28166667,82.52375,29.38416667,40,2025,October
Chandigarh Rohanda (Banaspol),North 24 Pgs.,10/5/2025,22.674821,88.492298,37.375,21.69458333,37.37708333,83.5775,27.83083333,40,2025,October
Chandigarh Rohanda (Banaspol),North 24 Pgs.,10/6/2025,22.674821,88.492298,58.08333333,32.77875,57.90375,82.75375,28.07208333,41,2025,October
Chandigarh Rohanda (Banaspol),North 24 Pgs.,10/7/2025,22.674821,88.492298,56.45833333,32.16041667,56.40708333,81.1325,28.27291667,41,2025,October
Chandigarh Rohanda (Banaspol),North 24 Pgs.,10/8/2025,22.674821,88.492298,55.83333333,32.2225,55.7975,82.1325,28.21291667,41,2025,October
Chandigarh Rohanda (Banaspol),North 24 Pgs.,10/9/2025,22.674821,88.492298,62.95833333,36.50791667,62.88208333,80.88166667,28.4675,41,2025,October
Chandigarh Rohanda (Banaspol),North 24 Pgs.,10/10/2025,22.674821,88.492298,62.16666667,36.02888889,62.09555556,82.575,27.96,41,2025,October
Chandigarh Rohanda (Banaspol),North 24 Pgs.,10/11/2025,22.674821,88.492298,54.41666667,31.25166667,54.495,79.15916667,28.44666667,41,2025,October
Chandigarh Rohanda (Banaspol),North 24 Pgs.,10/12/2025,22.674821,88.492298,52.70833333,30.03125,52.65791667,75.61708333,28.98708333,41,2025,October
Chandigarh Rohanda (Banaspol),North 24 Pgs.,10/13/2025,22.674821,88.492298,59.20833333,33.40958333,59.14208333,73.935,28.46125,42,2025,October
Chandigarh Rohanda (Banaspol),North 24 Pgs.,10/14/2025,22.674821,88.492298,63.45833333,35.37041667,63.43125,72.76,28.31708333,42,2025,October
Chandigarh Rohanda (Banaspol),North 24 Pgs.,10/15/2025,22.674821,88.492298,73.08333333,40.48625,72.71125,70.67041667,28.02541667,42,2025,October
Chandigarh Rohanda (Banaspol),North 24 Pgs.,10/16/2025,22.674821,88.492298,81.33333333,44.99875,80.9975,72.14916667,27.58666667,42,2025,October
Chandigarh Rohanda (Banaspol),North 24 Pgs.,10/17/2025,22.674821,88.492298,87.20833333,48.845,87.695,72.61208333,28.2725,42,2025,October
Chandigarh Rohanda (Banaspol),North 24 Pgs.,10/18/2025,22.674821,88.492298,91.25,47.61208333,90.72916667,74.1,29.13083333,42,2025,October
Chandigarh Rohanda (Banaspol),North 24 Pgs.,10/19/2025,22.674821,88.492298,72.41666667,38.90666667,72.74416667,74.27666667,29.69,42,2025,October
Chandigarh Rohanda (Banaspol),North 24 Pgs.,10/20/2025,22.674821,88.492298,75.79166667,41.04875,74.11625,73.96333333,29.75333333,43,2025,October
Chandigarh Rohanda (Banaspol),North 24 Pgs.,10/21/2025,22.674821,88.492298,82.54166667,45.47916667,82.48666667,71.67708333,29.35541667,43,2025,October
Chandigarh Rohanda (Banaspol),North 24 Pgs.,10/22/2025,22.674821,88.492298,85.70833333,47.67875,86.23916667,72.4425,28.72166667,43,2025,October
Chandigarh Rohanda (Banaspol),North 24 Pgs.,10/23/2025,22.674821,88.492298,79.70833333,44.05208333,79.43291667,70.55708333,29.19,43,2025,October
Chandigarh Rohanda (Banaspol),North 24 Pgs.,10/24/2025,22.674821,88.492298,86.125,48.07291667,85.90208333,72.48583333,28.88458333,43,2025,October
Chandigarh Rohanda (Banaspol),North 24 Pgs.,10/25/2025,22.674821,88.492298,86.41666667,47.57166667,86.05208333,73.13125,28.94041667,43,2025,October
Chandigarh Rohanda (Banaspol),North 24 Pgs.,10/26/2025,22.674821,88.492298,74.54166667,40.6525,74.79916667,75.25083333,28.97583333,43,2025,October
Chandigarh Rohanda (Banaspol),North 24 Pgs.,10/27/2025,22.674821,88.492298,83.70833333,45.92416667,83.2025,72.94041667,29.80333333,44,2025,October
Chandigarh Rohanda (Banaspol),North 24 Pgs.,10/28/2025,22.674821,88.492298,66.625,37.21166667,66.935,76.7825,29.0975,44,2025,October
Chandigarh Rohanda (Banaspol),North 24 Pgs.,10/29/2025,22.674821,88.492298,41.875,24.40666667,41.7875,86.6875,26.61416667,44,2025,October
Chandigarh Rohanda (Banaspol),North 24 Pgs.,10/30/2025,22.674821,88.492298,43.08333333,25.2925,42.99958333,82.60541667,27.95166667,44,2025,October
Chandigarh Rohanda (Banaspol),North 24 Pgs.,10/31/2025,22.674821,88.492298,43,24.90083333,43.08958333,76.99875,29.19333333,44,2025,October
Chandigarh Rohanda (Banaspol),North 24 Pgs.,11/1/2025,22.674821,88.492298,47.125,27.05875,47.12125,77.25333333,29.30958333,44,2025,November
Chandigarh Rohanda (Banaspol),North 24 Pgs.,11/2/2025,22.674821,88.492298,36.83333333,20.80708333,36.79958333,77.11875,26.57416667,44,2025,November
Chandigarh Rohanda (Banaspol),North 24 Pgs.,11/3/2025,22.674821,88.492298,72.79166667,39.88583333,71.09166667,72.61666667,26.41291667,45,2025,November
Chandigarh Rohanda (Banaspol),North 24 Pgs.,11/4/2025,22.674821,88.492298,119.125,64.88125,114.2258333,76.22833333,25.63208333,45,2025,November
Chandigarh Rohanda (Banaspol),North 24 Pgs.,11/5/2025,22.674821,88.492298,128.2083333,66.98125,118.8554167,72.62708333,26.53125,45,2025,November
Chandigarh Rohanda (Banaspol),North 24 Pgs.,11/6/2025,22.674821,88.492298,109.4583333,59.6475,104.6591667,75.87875,26.78,45,2025,November
Chandigarh Rohanda (Banaspol),North 24 Pgs.,11/7/2025,22.674821,88.492298,95.70833333,54.45458333,95.67,72.06041667,27.34375,45,2025,November
Chandigarh Rohanda (Banaspol),North 24 Pgs.,11/8/2025,22.674821,88.492298,64.625,36.00666667,64.66875,61.49041667,25.80583333,45,2025,November
Chandigarh Rohanda (Banaspol),North 24 Pgs.,11/9/2025,22.674821,88.492298,79.16666667,40.96166667,78.42416667,63.57625,24.14208333,45,2025,November
Chandigarh Rohanda (Banaspol),North 24 Pgs.,11/10/2025,22.674821,88.492298,99.08333333,52.79791667,97.17791667,69.3575,23.92291667,46,2025,November
Chandigarh Rohanda (Banaspol),North 24 Pgs.,11/11/2025,22.674821,88.492298,92.79166667,50.75708333,93.5825,67.6975,23.06958333,46,2025,November
Chandigarh Rohanda (Banaspol),North 24 Pgs.,11/12/2025,22.674821,88.492298,125.2083333,64.16583333,116.6129167,68.89333333,22.24875,46,2025,November
Chandigarh Rohanda (Banaspol),North 24 Pgs.,11/13/2025,22.674821,88.492298,105.0416667,58.08083333,104.6391667,69.80791667,22.43791667,46,2025,November
Chandigarh Rohanda (Banaspol),North 24 Pgs.,11/14/2025,22.674821,88.492298,108.4583333,57.82166667,106.5483333,69.83708333,22.43625,46,2025,November
Chandigarh Rohanda (Banaspol),North 24 Pgs.,11/15/2025,22.674821,88.492298,105,55.12875,101.1516667,70.56625,22.85875,46,2025,November
Chandigarh Rohanda (Banaspol),North 24 Pgs.,11/16/2025,22.674821,88.492298,104.5416667,55.85916667,100.4066667,70.055,22.79458333,46,2025,November
Chandigarh Rohanda (Banaspol),North 24 Pgs.,11/17/2025,22.674821,88.492298,94.04166667,52.365,94.3525,69.66875,23.24,47,2025,November
Chandigarh Rohanda (Banaspol),North 24 Pgs.,11/18/2025,22.674821,88.492298,86.04166667,45.8275,85.55208333,70.04375,23.47791667,47,2025,November
Chandigarh Rohanda (Banaspol),North 24 Pgs.,11/19/2025,22.674821,88.492298,78.5,41.88708333,78.055,68.36416667,23.91083333,47,2025,November
Chandigarh Rohanda (Banaspol),North 24 Pgs.,11/20/2025,22.674821,88.492298,88.41666667,47.42583333,88.23208333,68.9925,23.88083333,47,2025,November
Chandigarh Rohanda (Banaspol),North 24 Pgs.,11/21/2025,22.674821,88.492298,108.5833333,56.17541667,107.0525,70.74541667,23.3075,47,2025,November
Chandigarh Rohanda (Banaspol),North 24 Pgs.,11/22/2025,22.674821,88.492298,135.7916667,69.21458333,130.13375,72.09166667,22.9775,47,2025,November
Chandigarh Rohanda (Banaspol),North 24 Pgs.,11/23/2025,22.674821,88.492298,121.125,62.3925,117.8525,71.58125,22.84208333,47,2025,November
Chandigarh Rohanda (Banaspol),North 24 Pgs.,11/24/2025,22.674821,88.492298,111.2083333,59.75625,109.0033333,69.36583333,22.08291667,48,2025,November
Chandigarh Rohanda (Banaspol),North 24 Pgs.,11/25/2025,22.674821,88.492298,116.0833333,61.54291667,114.2504167,68.29291667,21.13166667,48,2025,November
Chandigarh Rohanda (Banaspol),North 24 Pgs.,11/26/2025,22.674821,88.492298,102.9583333,56.20458333,101.8729167,65.64833333,21.10416667,48,2025,November
Chandigarh Rohanda (Banaspol),North 24 Pgs.,11/27/2025,22.674821,88.492298,101,53.3525,100.16625,69.86125,21.97083333,48,2025,November
Chandigarh Rohanda (Banaspol),North 24 Pgs.,11/28/2025,22.674821,88.492298,97.41666667,50.82416667,97.69125,70.0525,22.27791667,48,2025,November
Chandigarh Rohanda (Banaspol),North 24 Pgs.,11/29/2025,22.674821,88.492298,100.1666667,54.35541667,99.6375,70.92416667,22.08083333,48,2025,November
Chandigarh Rohanda (Banaspol),North 24 Pgs.,11/30/2025,22.674821,88.492298,110.1666667,58.60666667,108.5991667,70.75291667,22.255,48,2025,November
Chandigarh Rohanda (Banaspol),North 24 Pgs.,12/1/2025,22.674821,88.492298,166,79.69,143.07,81.96,19.01,49,2025,December
Choto Jagulia G.P. (Bamungachi),North 24 Pgs.,8/31/2025,22.7462,88.520421,69.70833333,34.50875,69.76208333,71.83833333,31.55166667,35,2025,August
Choto Jagulia G.P. (Bamungachi),North 24 Pgs.,9/1/2025,22.7462,88.520421,76.66666667,39.81916667,76.93666667,71.78875,32.11375,36,2025,September
Choto Jagulia G.P. (Bamungachi),North 24 Pgs.,9/2/2025,22.7462,88.520421,48.08333333,24.55125,48.12916667,79.42083333,28.81375,36,2025,September
Choto Jagulia G.P. (Bamungachi),North 24 Pgs.,9/3/2025,22.7462,88.520421,48.625,24.21875,48.64208333,79.4525,28.54083333,36,2025,September
Choto Jagulia G.P. (Bamungachi),North 24 Pgs.,9/4/2025,22.7462,88.520421,54.45833333,28.26375,54.68333333,76.89916667,29.86166667,36,2025,September
Choto Jagulia G.P. (Bamungachi),North 24 Pgs.,9/5/2025,22.7462,88.520421,65.375,34.31416667,65.47708333,72.41208333,31.10625,36,2025,September
Choto Jagulia G.P. (Bamungachi),North 24 Pgs.,9/6/2025,22.7462,88.520421,67,35.54333333,66.97625,69.06791667,31.96,36,2025,September
Choto Jagulia G.P. (Bamungachi),North 24 Pgs.,9/7/2025,22.7462,88.520421,64.83333333,34.47666667,64.85958333,68.49125,31.90041667,36,2025,September
Choto Jagulia G.P. (Bamungachi),North 24 Pgs.,9/8/2025,22.7462,88.520421,62.625,33.03875,62.73791667,66.01708333,32.225,37,2025,September
Choto Jagulia G.P. (Bamungachi),North 24 Pgs.,9/9/2025,22.7462,88.520421,68,36.125,68.02666667,66.91958333,32.1125,37,2025,September
Choto Jagulia G.P. (Bamungachi),North 24 Pgs.,9/10/2025,22.7462,88.520421,65.875,35.44583333,65.995,66.48208333,32.36375,37,2025,September
Choto Jagulia G.P. (Bamungachi),North 24 Pgs.,9/11/2025,22.7462,88.520421,62.70833333,33.47166667,62.73083333,68.50125,32.17,37,2025,September
Choto Jagulia G.P. (Bamungachi),North 24 Pgs.,9/12/2025,22.7462,88.520421,57.20833333,30.66958333,57.02833333,70.665,31.7025,37,2025,September
Choto Jagulia G.P. (Bamungachi),North 24 Pgs.,9/13/2025,22.7462,88.520421,52.5,28.03583333,52.3775,69.27833333,31.77416667,37,2025,September
Choto Jagulia G.P. (Bamungachi),North 24 Pgs.,9/14/2025,22.7462,88.520421,59.20833333,32.21291667,59.295,78.43708333,29.50541667,37,2025,September
Choto Jagulia G.P. (Bamungachi),North 24 Pgs.,9/15/2025,22.7462,88.520421,55.70833333,30.05291667,55.76666667,78.38375,29.15458333,38,2025,September
Choto Jagulia G.P. (Bamungachi),North 24 Pgs.,9/16/2025,22.7462,88.520421,57.91666667,31.9175,57.86791667,80.29416667,28.41208333,38,2025,September
Choto Jagulia G.P. (Bamungachi),North 24 Pgs.,9/17/2025,22.7462,88.520421,59.25,32.18125,59.27666667,76.62416667,29.70458333,38,2025,September
Choto Jagulia G.P. (Bamungachi),North 24 Pgs.,9/18/2025,22.7462,88.520421,68.16666667,36.98875,68.14958333,71.24333333,31.5175,38,2025,September
Choto Jagulia G.P. (Bamungachi),North 24 Pgs.,9/19/2025,22.7462,88.520421,88.08333333,47.93375,88.40125,72.32041667,31.6825,38,2025,September
Choto Jagulia G.P. (Bamungachi),North 24 Pgs.,9/20/2025,22.7462,88.520421,95.75,52.6475,97.17791667,77.26708333,29.64916667,38,2025,September
Choto Jagulia G.P. (Bamungachi),North 24 Pgs.,9/21/2025,22.7462,88.520421,110.625,60.29375,109.3975,73.01416667,31.02583333,38,2025,September
Choto Jagulia G.P. (Bamungachi),North 24 Pgs.,9/22/2025,22.7462,88.520421,85.75,46.07083333,86.20125,76.095,29.55625,39,2025,September
Choto Jagulia G.P. (Bamungachi),North 24 Pgs.,9/23/2025,22.7462,88.520421,65.625,36.02,65.61541667,77.60125,29.41541667,39,2025,September
Choto Jagulia G.P. (Bamungachi),North 24 Pgs.,9/24/2025,22.7462,88.520421,87.58333333,46.41833333,86.07,72.1925,31.17416667,39,2025,September
Choto Jagulia G.P. (Bamungachi),North 24 Pgs.,9/25/2025,22.7462,88.520421,69.70833333,37.58833333,69.70666667,75.24958333,30.65666667,39,2025,September
Choto Jagulia G.P. (Bamungachi),North 24 Pgs.,9/26/2025,22.7462,88.520421,60.54166667,31.9275,60.46625,80.69083333,30.30958333,39,2025,September
Choto Jagulia G.P. (Bamungachi),North 24 Pgs.,9/27/2025,22.7462,88.520421,56.625,29.9325,56.6375,71.9175,31.34875,39,2025,September
Choto Jagulia G.P. (Bamungachi),North 24 Pgs.,9/28/2025,22.7462,88.520421,57.08333333,30.08125,57.09041667,71.03375,31.62333333,39,2025,September
Choto Jagulia G.P. (Bamungachi),North 24 Pgs.,9/29/2025,22.7462,88.520421,69.375,37.5225,69.72,70.26166667,31.77458333,40,2025,September
Choto Jagulia G.P. (Bamungachi),North 24 Pgs.,9/30/2025,22.7462,88.520421,77.70833333,42.59333333,77.81958333,70.6625,31.68625,40,2025,September
Choto Jagulia G.P. (Bamungachi),North 24 Pgs.,10/1/2025,22.7462,88.520421,61.29166667,33.23333333,61.26166667,73.38833333,30.40583333,40,2025,October
Choto Jagulia G.P. (Bamungachi),North 24 Pgs.,10/2/2025,22.7462,88.520421,41.66666667,22.35666667,41.69,81.43125,28.48583333,40,2025,October
Choto Jagulia G.P. (Bamungachi),North 24 Pgs.,10/3/2025,22.7462,88.520421,53.54166667,28.79541667,53.49708333,82.96583333,28.30791667,40,2025,October
Choto Jagulia G.P. (Bamungachi),North 24 Pgs.,10/4/2025,22.7462,88.520421,56.45833333,30.40458333,56.575,79.26125,29.47083333,40,2025,October
Choto Jagulia G.P. (Bamungachi),North 24 Pgs.,10/5/2025,22.7462,88.520421,56.875,31.16375,56.76958333,79.1025,28.25875,40,2025,October
Choto Jagulia G.P. (Bamungachi),North 24 Pgs.,10/6/2025,22.7462,88.520421,86.20833333,46.8425,86.15291667,77.69416667,28.51375,41,2025,October
Choto Jagulia G.P. (Bamungachi),North 24 Pgs.,10/7/2025,22.7462,88.520421,91.41666667,50.16166667,91.30458333,75.6175,29.05333333,41,2025,October
Choto Jagulia G.P. (Bamungachi),North 24 Pgs.,10/8/2025,22.7462,88.520421,94.83333333,52.23208333,95.7,77.14666667,28.76208333,41,2025,October
Choto Jagulia G.P. (Bamungachi),North 24 Pgs.,10/9/2025,22.7462,88.520421,103,57.00875,104.5495833,75.14583333,29.14916667,41,2025,October
Choto Jagulia G.P. (Bamungachi),North 24 Pgs.,10/10/2025,22.7462,88.520421,111.125,60.31416667,110.8104167,78.94,28.16583333,41,2025,October
Choto Jagulia G.P. (Bamungachi),North 24 Pgs.,10/11/2025,22.7462,88.520421,91.95833333,49.34333333,93.18791667,74.90041667,28.90625,41,2025,October
Choto Jagulia G.P. (Bamungachi),North 24 Pgs.,10/12/2025,22.7462,88.520421,93.54166667,49.87958333,95.40375,70.61041667,29.71458333,41,2025,October
Choto Jagulia G.P. (Bamungachi),North 24 Pgs.,10/13/2025,22.7462,88.520421,106.25,57.42458333,109.4258333,68.325,29.37916667,42,2025,October
Choto Jagulia G.P. (Bamungachi),North 24 Pgs.,10/14/2025,22.7462,88.520421,113.5,61.79125,118.1825,67.5275,29.045,42,2025,October
Choto Jagulia G.P. (Bamungachi),North 24 Pgs.,10/15/2025,22.7462,88.520421,121.4583333,64.90958333,122.5691667,66.11375,28.79,42,2025,October
Choto Jagulia G.P. (Bamungachi),North 24 Pgs.,10/16/2025,22.7462,88.520421,130.875,67.90333333,128.4270833,65.47333333,28.64125,42,2025,October
Choto Jagulia G.P. (Bamungachi),North 24 Pgs.,10/17/2025,22.7462,88.520421,148.2916667,74.33916667,139.53375,66.33375,29.42083333,42,2025,October
Choto Jagulia G.P. (Bamungachi),North 24 Pgs.,10/18/2025,22.7462,88.520421,153,75.44833333,140.3416667,68.39458333,30.18166667,42,2025,October
Choto Jagulia G.P. (Bamungachi),North 24 Pgs.,10/19/2025,22.7462,88.520421,123.8333333,63.55,117.5416667,68.98041667,30.4525,42,2025,October
Choto Jagulia G.P. (Bamungachi),North 24 Pgs.,10/20/2025,22.7462,88.520421,126.25,64.19041667,117.5675,68.96375,30.65416667,43,2025,October
Choto Jagulia G.P. (Bamungachi),North 24 Pgs.,10/21/2025,22.7462,88.520421,163.0833333,77.87166667,141.5541667,67.32708333,30.14916667,43,2025,October
Choto Jagulia G.P. (Bamungachi),North 24 Pgs.,10/22/2025,22.7462,88.520421,176,82.21916667,152.045,66.78875,29.82375,43,2025,October
Choto Jagulia G.P. (Bamungachi),North 24 Pgs.,10/23/2025,22.7462,88.520421,145.7916667,69.71208333,128.3845833,64.03,30.32083333,43,2025,October
Choto Jagulia G.P. (Bamungachi),North 24 Pgs.,10/24/2025,22.7462,88.520421,143.8333333,71.74666667,134.18125,65.62166667,29.9725,43,2025,October
Choto Jagulia G.P. (Bamungachi),North 24 Pgs.,10/25/2025,22.7462,88.520421,146.1666667,72.77625,133.6204167,66.85291667,30.02583333,43,2025,October
Choto Jagulia G.P. (Bamungachi),North 24 Pgs.,10/26/2025,22.7462,88.520421,134.125,66.94375,123.4904167,68.59791667,30.06291667,43,2025,October
Choto Jagulia G.P. (Bamungachi),North 24 Pgs.,10/27/2025,22.7462,88.520421,141.7619048,71.34666667,130.9080952,65.63571429,31.21714286,44,2025,October
Choto Jagulia G.P. (Bamungachi),North 24 Pgs.,10/28/2025,22.7462,88.520421,104.5454545,53.60590909,98.48863636,69.99136364,30.00409091,44,2025,October
Choto Jagulia G.P. (Bamungachi),North 24 Pgs.,10/29/2025,22.7462,88.520421,75.83333333,39.83916667,75.92541667,81.08166667,27.15166667,44,2025,October
Choto Jagulia G.P. (Bamungachi),North 24 Pgs.,10/30/2025,22.7462,88.520421,61.58333333,32.08833333,61.57833333,77.0825,28.59875,44,2025,October
Choto Jagulia G.P. (Bamungachi),North 24 Pgs.,10/31/2025,22.7462,88.520421,64.04166667,34.24583333,63.94208333,73.15625,29.62375,44,2025,October
Choto Jagulia G.P. (Bamungachi),North 24 Pgs.,11/1/2025,22.7462,88.520421,72.95833333,39.66958333,72.84375,72.64791667,29.90166667,44,2025,November
Choto Jagulia G.P. (Bamungachi),North 24 Pgs.,11/2/2025,22.7462,88.520421,61.08333333,32.51625,61.16333333,72.66583333,27.19583333,44,2025,November
Choto Jagulia G.P. (Bamungachi),North 24 Pgs.,11/3/2025,22.7462,88.520421,113.625,57.23375,107.1258333,66.55916667,27.33083333,45,2025,November
Choto Jagulia G.P. (Bamungachi),North 24 Pgs.,11/4/2025,22.7462,88.520421,253.5,106.5658333,193.8533333,70.07875,26.62458333,45,2025,November
Choto Jagulia G.P. (Bamungachi),North 24 Pgs.,11/5/2025,22.7462,88.520421,264.875,111.2825,180.1229167,66.04625,27.4,45,2025,November
Choto Jagulia G.P. (Bamungachi),North 24 Pgs.,11/6/2025,22.7462,88.520421,231.0833333,99.84541667,135.3816667,68.79416667,27.96,45,2025,November
Choto Jagulia G.P. (Bamungachi),North 24 Pgs.,11/7/2025,22.7462,88.520421,197.0416667,89.10458333,117.1195833,67.05416667,28.0225,45,2025,November
Choto Jagulia G.P. (Bamungachi),North 24 Pgs.,11/8/2025,22.7462,88.520421,101.5833333,58.09708333,83.81625,58.27208333,26.23083333,45,2025,November
Choto Jagulia G.P. (Bamungachi),North 24 Pgs.,11/9/2025,22.7462,88.520421,108.7083333,60.35583333,91.39333333,57.56041667,25.0225,45,2025,November
Choto Jagulia G.P. (Bamungachi),North 24 Pgs.,11/10/2025,22.7462,88.520421,169.9166667,80.98375,115.98,62.49916667,24.95208333,46,2025,November
Choto Jagulia G.P. (Bamungachi),North 24 Pgs.,11/11/2025,22.7462,88.520421,152.9583333,75.65,112.88875,60.28,24.3225,46,2025,November
Choto Jagulia G.P. (Bamungachi),North 24 Pgs.,11/12/2025,22.7462,88.520421,217.0416667,96.25125,144.1008333,62.43541667,23.48541667,46,2025,November
Choto Jagulia G.P. (Bamungachi),North 24 Pgs.,11/13/2025,22.7462,88.520421,210.7916667,93.34833333,140.3191667,63.39708333,23.55458333,46,2025,November
Choto Jagulia G.P. (Bamungachi),North 24 Pgs.,11/14/2025,22.7462,88.520421,184.0833333,85.13041667,127.4229167,64.14625,23.47208333,46,2025,November
Choto Jagulia G.P. (Bamungachi),North 24 Pgs.,11/15/2025,22.7462,88.520421,162.125,78.64291667,116.3791667,64.73125,23.845,46,2025,November
Choto Jagulia G.P. (Bamungachi),North 24 Pgs.,11/16/2025,22.7462,88.520421,174.7916667,82.45375,121.3616667,64.56083333,23.66416667,46,2025,November
Choto Jagulia G.P. (Bamungachi),North 24 Pgs.,11/17/2025,22.7462,88.520421,161.6666667,77.13375,114.0183333,64.85333333,24.11375,47,2025,November
Choto Jagulia G.P. (Bamungachi),North 24 Pgs.,11/18/2025,22.7462,88.520421,119.7916667,63.54291667,94.66875,64.41208333,24.48333333,47,2025,November
Choto Jagulia G.P. (Bamungachi),North 24 Pgs.,11/19/2025,22.7462,88.520421,107.5833333,58.16875,87.27333333,62.14458333,25.15291667,47,2025,November
Choto Jagulia G.P. (Bamungachi),North 24 Pgs.,11/20/2025,22.7462,88.520421,134.5,68.99125,102.7158333,62.37416667,25.07333333,47,2025,November
Choto Jagulia G.P. (Bamungachi),North 24 Pgs.,11/21/2025,22.7462,88.520421,170.75,81.23,119.0054167,64.69041667,24.37833333,47,2025,November
Choto Jagulia G.P. (Bamungachi),North 24 Pgs.,11/22/2025,22.7462,88.520421,241.7916667,102.6183333,150.1133333,66.64166667,23.89083333,47,2025,November
Choto Jagulia G.P. (Bamungachi),North 24 Pgs.,11/23/2025,22.7462,88.520421,233.1818182,99.98,153.4372727,77.77636364,20.35090909,47,2025,November
Choto Jagulia G.P. (Bamungachi),North 24 Pgs.,11/25/2025,22.7462,88.520421,239.875,103.0375,164.45875,62.8125,22.6175,48,2025,November
Choto Jagulia G.P. (Bamungachi),North 24 Pgs.,11/26/2025,22.7462,88.520421,207.7916667,92.32833333,145.2095833,61.57166667,21.95541667,48,2025,November
Choto Jagulia G.P. (Bamungachi),North 24 Pgs.,11/27/2025,22.7462,88.520421,168.4583333,79.02166667,123.2733333,64.65666667,22.91625,48,2025,November
Choto Jagulia G.P. (Bamungachi),North 24 Pgs.,11/28/2025,22.7462,88.520421,151.7916667,73.79375,113.6666667,64.53333333,23.63083333,48,2025,November
Choto Jagulia G.P. (Bamungachi),North 24 Pgs.,11/29/2025,22.7462,88.520421,163.625,78.33416667,121.1145833,66.10958333,23.11125,48,2025,November
Choto Jagulia G.P. (Bamungachi),North 24 Pgs.,11/30/2025,22.7462,88.520421,194.6666667,88.5075,133.61125,66.28708333,23.07,48,2025,November
Choto Jagulia G.P. (Bamungachi),North 24 Pgs.,12/1/2025,22.7462,88.520421,276,112.84,177.56,77.57,20.33,49,2025,December
"Choto Jagulia, Bara",North 24 Pgs.,8/31/2025,22.728067,88.517453,84.20833333,38.08416667,87.37541667,83.50958333,30.85416667,35,2025,August
"Choto Jagulia, Bara",North 24 Pgs.,9/1/2025,22.728067,88.517453,106.75,46.01583333,115.2508333,83.29875,31.825,36,2025,September
"Choto Jagulia, Bara",North 24 Pgs.,9/2/2025,22.728067,88.517453,46.66666667,23.02625,46.63166667,87.86125,28.79416667,36,2025,September
"Choto Jagulia, Bara",North 24 Pgs.,9/3/2025,22.728067,88.517453,40.25,21.0975,40.26541667,88.39791667,28.61375,36,2025,September
"Choto Jagulia, Bara",North 24 Pgs.,9/4/2025,22.728067,88.517453,56.625,26.81125,56.61166667,85.95875,29.83583333,36,2025,September
"Choto Jagulia, Bara",North 24 Pgs.,9/5/2025,22.728067,88.517453,93.79166667,40.59041667,98.09708333,81.74,30.92958333,36,2025,September
"Choto Jagulia, Bara",North 24 Pgs.,9/6/2025,22.728067,88.517453,102.8333333,44.18958333,107.2325,77.98333333,31.96125,36,2025,September
"Choto Jagulia, Bara",North 24 Pgs.,9/7/2025,22.728067,88.517453,96.66666667,40.79916667,98.25333333,77.6525,31.87291667,36,2025,September
"Choto Jagulia, Bara",North 24 Pgs.,9/8/2025,22.728067,88.517453,97.66666667,40.72291667,102.0241667,75.88083333,32.07041667,37,2025,September
"Choto Jagulia, Bara",North 24 Pgs.,9/9/2025,22.728067,88.517453,102.8333333,44.69083333,107.31625,76.57875,32.01333333,37,2025,September
"Choto Jagulia, Bara",North 24 Pgs.,9/10/2025,22.728067,88.517453,102.2083333,44.63916667,108.1854167,75.92041667,32.34166667,37,2025,September
"Choto Jagulia, Bara",North 24 Pgs.,9/11/2025,22.728067,88.517453,101,41.73333333,105.74,77.45375,32.17291667,37,2025,September
"Choto Jagulia, Bara",North 24 Pgs.,9/12/2025,22.728067,88.517453,85.95833333,36.11708333,87.06666667,80.22791667,31.53166667,37,2025,September
"Choto Jagulia, Bara",North 24 Pgs.,9/13/2025,22.728067,88.517453,76.75,33.17166667,78.81375,78.72083333,31.57208333,37,2025,September
"Choto Jagulia, Bara",North 24 Pgs.,9/14/2025,22.728067,88.517453,68.04166667,32.88041667,68.58833333,87.89416667,29.58916667,37,2025,September
"Choto Jagulia, Bara",North 24 Pgs.,9/15/2025,22.728067,88.517453,55.25,29.89708333,55.21083333,87.4875,29.35666667,38,2025,September
"Choto Jagulia, Bara",North 24 Pgs.,9/16/2025,22.728067,88.517453,62.75,34.06416667,62.79416667,88.95416667,28.5725,38,2025,September
"Choto Jagulia, Bara",North 24 Pgs.,9/17/2025,22.728067,88.517453,64.75,33.555,64.8025,85.42833333,29.86416667,38,2025,September
"Choto Jagulia, Bara",North 24 Pgs.,9/18/2025,22.728067,88.517453,96.91666667,40.97416667,102.6158333,80.37958333,31.36416667,38,2025,September
"Choto Jagulia, Bara",North 24 Pgs.,9/19/2025,22.728067,88.517453,123.0833333,56.50541667,128.9058333,82.02166667,31.575,38,2025,September
"Choto Jagulia, Bara",North 24 Pgs.,9/20/2025,22.728067,88.517453,112.5,58.78333333,117.1670833,86.64791667,29.74916667,38,2025,September
"Choto Jagulia, Bara",North 24 Pgs.,9/21/2025,22.728067,88.517453,138.375,69.645,140.5654167,81.93916667,31.04541667,38,2025,September
"Choto Jagulia, Bara",North 24 Pgs.,9/22/2025,22.728067,88.517453,92.79166667,48.3575,92.21041667,85.15916667,29.72958333,39,2025,September
"Choto Jagulia, Bara",North 24 Pgs.,9/23/2025,22.728067,88.517453,66.58333333,36.56583333,66.64083333,87.24958333,29.12958333,39,2025,September
"Choto Jagulia, Bara",North 24 Pgs.,9/24/2025,22.728067,88.517453,83.25,41.35208333,83.45125,82.2,30.71541667,39,2025,September
"Choto Jagulia, Bara",North 24 Pgs.,9/25/2025,22.728067,88.517453,78.20833333,37.92833333,78.41583333,81.92416667,30.9425,39,2025,September
"Choto Jagulia, Bara",North 24 Pgs.,9/26/2025,22.728067,88.517453,56.20833333,29.92333333,56.275,84.3625,30.33166667,39,2025,September
"Choto Jagulia, Bara",North 24 Pgs.,9/27/2025,22.728067,88.517453,68.04166667,31.79291667,68.66458333,81.82583333,31.01041667,39,2025,September
"Choto Jagulia, Bara",North 24 Pgs.,9/28/2025,22.728067,88.517453,69.83333333,30.9275,69.92541667,79.62833333,31.57666667,39,2025,September
"Choto Jagulia, Bara",North 24 Pgs.,9/29/2025,22.728067,88.517453,90.75,43.58541667,88.7925,80.36291667,31.76708333,40,2025,September
"Choto Jagulia, Bara",North 24 Pgs.,9/30/2025,22.728067,88.517453,101.25,49.29333333,101.81875,79.71916667,31.89625,40,2025,September
"Choto Jagulia, Bara",North 24 Pgs.,10/1/2025,22.728067,88.517453,73.29166667,36.5425,73.39166667,81.90208333,30.55083333,40,2025,October
"Choto Jagulia, Bara",North 24 Pgs.,10/2/2025,22.728067,88.517453,40.375,22.06375,40.30666667,89.08958333,28.75625,40,2025,October
"Choto Jagulia, Bara",North 24 Pgs.,10/3/2025,22.728067,88.517453,52.75,28.885,52.78375,90.42416667,28.73541667,40,2025,October
"Choto Jagulia, Bara",North 24 Pgs.,10/4/2025,22.728067,88.517453,58.08333333,31.54,58.23583333,87.29583333,29.75041667,40,2025,October
"Choto Jagulia, Bara",North 24 Pgs.,10/5/2025,22.728067,88.517453,55,29.97833333,55.00083333,87.98791667,28.355,40,2025,October
"Choto Jagulia, Bara",North 24 Pgs.,10/6/2025,22.728067,88.517453,95.70833333,50.30333333,95.29333333,86.48666667,28.70541667,41,2025,October
"Choto Jagulia, Bara",North 24 Pgs.,10/7/2025,22.728067,88.517453,99.29166667,52.22791667,101.2441667,83.21,29.34333333,41,2025,October
"Choto Jagulia, Bara",North 24 Pgs.,10/8/2025,22.728067,88.517453,105.9166667,56.52375,109.9833333,84.73166667,29.11958333,41,2025,October
"Choto Jagulia, Bara",North 24 Pgs.,10/9/2025,22.728067,88.517453,112.5833333,61.39166667,115.44875,83.68666667,29.39625,41,2025,October
"Choto Jagulia, Bara",North 24 Pgs.,10/10/2025,22.728067,88.517453,123.1904762,64.88047619,116.9895238,84.97904762,28.91238095,41,2025,October
"Choto Jagulia, Bara",North 24 Pgs.,10/11/2025,22.728067,88.517453,96.5,51.79875,95.28875,82.97833333,29.21916667,41,2025,October
"Choto Jagulia, Bara",North 24 Pgs.,10/12/2025,22.728067,88.517453,99.41666667,53.34791667,100.8208333,78.69791667,29.94541667,41,2025,October
"Choto Jagulia, Bara",North 24 Pgs.,10/13/2025,22.728067,88.517453,120.0416667,64.28041667,121.4104167,76.47791667,29.61166667,42,2025,October
"Choto Jagulia, Bara",North 24 Pgs.,10/14/2025,22.728067,88.517453,137.5833333,70.72291667,134.3529167,75.36125,29.33916667,42,2025,October
"Choto Jagulia, Bara",North 24 Pgs.,10/15/2025,22.728067,88.517453,153.2916667,75.58208333,143.9454167,73.95291667,29.03,42,2025,October
"Choto Jagulia, Bara",North 24 Pgs.,10/16/2025,22.728067,88.517453,160.2083333,78.04708333,149.2616667,74.34083333,28.76708333,42,2025,October
"Choto Jagulia, Bara",North 24 Pgs.,10/17/2025,22.728067,88.517453,192.2916667,87.65,164.1716667,75.71666667,29.32791667,42,2025,October
"Choto Jagulia, Bara",North 24 Pgs.,10/18/2025,22.728067,88.517453,180.3333333,84.10416667,155.1383333,78.56916667,29.92791667,42,2025,October
"Choto Jagulia, Bara",North 24 Pgs.,10/19/2025,22.728067,88.517453,137.5416667,68.82708333,127.1766667,78.89208333,30.36125,42,2025,October
"Choto Jagulia, Bara",North 24 Pgs.,10/20/2025,22.728067,88.517453,145.2083333,70.91916667,128.3804167,77.82458333,30.49125,43,2025,October
"Choto Jagulia, Bara",North 24 Pgs.,10/21/2025,22.728067,88.517453,176.375,81.95875,148.4041667,76.06458333,30.1675,43,2025,October
"Choto Jagulia, Bara",North 24 Pgs.,10/22/2025,22.728067,88.517453,194.4166667,88.44541667,160.9670833,76.81041667,29.7075,43,2025,October
"Choto Jagulia, Bara",North 24 Pgs.,10/23/2025,22.728067,88.517453,164.5,75.53458333,139.81,73.77791667,30.1175,43,2025,October
"Choto Jagulia, Bara",North 24 Pgs.,10/24/2025,22.728067,88.517453,190.875,88.05,160.9583333,76.98375,29.80208333,43,2025,October
"Choto Jagulia, Bara",North 24 Pgs.,10/25/2025,22.728067,88.517453,184.5416667,84.99916667,154.50125,76.97666667,29.86875,43,2025,October
"Choto Jagulia, Bara",North 24 Pgs.,10/26/2025,22.728067,88.517453,148.7916667,72.0725,133.1933333,79.27208333,29.85875,43,2025,October
"Choto Jagulia, Bara",North 24 Pgs.,10/27/2025,22.728067,88.517453,175.5,82.25541667,148.4170833,77.29291667,30.42875,44,2025,October
"Choto Jagulia, Bara",North 24 Pgs.,10/28/2025,22.728067,88.517453,125,60.78041667,111.9820833,80.32625,29.54083333,44,2025,October
"Choto Jagulia, Bara",North 24 Pgs.,10/29/2025,22.728067,88.517453,67.08333333,36.9475,67.07,89.06125,27.38791667,44,2025,October
"Choto Jagulia, Bara",North 24 Pgs.,10/30/2025,22.728067,88.517453,56.41666667,30.20916667,56.445,85.35708333,28.62166667,44,2025,October
"Choto Jagulia, Bara",North 24 Pgs.,10/31/2025,22.728067,88.517453,68.54166667,35.87916667,68.5575,80.5175,29.71791667,44,2025,October
"Choto Jagulia, Bara",North 24 Pgs.,11/1/2025,22.728067,88.517453,88.83333333,45.63875,92.15583333,81.48041667,29.91166667,44,2025,November
"Choto Jagulia, Bara",North 24 Pgs.,11/2/2025,22.728067,88.517453,74.83333333,35.135,74.98333333,80.51916667,27.66625,44,2025,November
"Choto Jagulia, Bara",North 24 Pgs.,11/3/2025,22.728067,88.517453,151.375,68.67125,136.6958333,74.9225,27.65041667,45,2025,November
"Choto Jagulia, Bara",North 24 Pgs.,11/4/2025,22.728067,88.517453,300.0833333,127.3695833,241.5483333,77.85541667,27.10666667,45,2025,November
"Choto Jagulia, Bara",North 24 Pgs.,11/5/2025,22.728067,88.517453,296.625,130.5866667,225.89375,74.05875,27.865,45,2025,November
"Choto Jagulia, Bara",North 24 Pgs.,11/6/2025,22.728067,88.517453,220.6666667,99.84166667,132.1170833,80.19625,27.62291667,45,2025,November
"Choto Jagulia, Bara",North 24 Pgs.,11/7/2025,22.728067,88.517453,117.6666667,64.60416667,82.07666667,80.08166667,27.07416667,45,2025,November
"Choto Jagulia, Bara",North 24 Pgs.,11/8/2025,22.728067,88.517453,75.875,45.22,60.17458333,70.115,25.5575,45,2025,November
"Choto Jagulia, Bara",North 24 Pgs.,11/9/2025,22.728067,88.517453,78.70833333,46.44416667,67.94083333,69.05208333,24.19666667,45,2025,November
"Choto Jagulia, Bara",North 24 Pgs.,11/10/2025,22.728067,88.517453,106.4166667,61.01083333,84.91458333,75.13333333,24.27333333,46,2025,November
"Choto Jagulia, Bara",North 24 Pgs.,11/11/2025,22.728067,88.517453,102.1666667,58.42875,83.14541667,72.25291667,23.58458333,46,2025,November
"Choto Jagulia, Bara",North 24 Pgs.,11/12/2025,22.728067,88.517453,130.625,68.81416667,96.11083333,73.73,22.98875,46,2025,November
"Choto Jagulia, Bara",North 24 Pgs.,11/13/2025,22.728067,88.517453,132.3333333,68.84416667,94.99708333,74.74208333,23.115,46,2025,November
"Choto Jagulia, Bara",North 24 Pgs.,11/14/2025,22.728067,88.517453,122.7083333,65.24083333,90.38083333,74.90458333,23.10291667,46,2025,November
"Choto Jagulia, Bara",North 24 Pgs.,11/15/2025,22.728067,88.517453,113.5,62.58666667,84.41291667,76.24875,23.35166667,46,2025,November
"Choto Jagulia, Bara",North 24 Pgs.,11/16/2025,22.728067,88.517453,120,65.14041667,87.87791667,74.79208333,23.51791667,46,2025,November
"Choto Jagulia, Bara",North 24 Pgs.,11/17/2025,22.728067,88.517453,112.8333333,61.19375,82.53166667,74.56166667,23.95833333,47,2025,November
"Choto Jagulia, Bara",North 24 Pgs.,11/18/2025,22.728067,88.517453,91.04166667,52.36375,71.63291667,73.39958333,24.27291667,47,2025,November
"Choto Jagulia, Bara",North 24 Pgs.,11/19/2025,22.728067,88.517453,78.58333333,45.83291667,62.86208333,71.59041667,24.84,47,2025,November
"Choto Jagulia, Bara",North 24 Pgs.,11/20/2025,22.728067,88.517453,97.5,55.40416667,75.66041667,71.66333333,24.9625,47,2025,November
"Choto Jagulia, Bara",North 24 Pgs.,11/21/2025,22.728067,88.517453,110.875,61.43958333,81.99458333,73.73,24.57416667,47,2025,November
"Choto Jagulia, Bara",North 24 Pgs.,11/22/2025,22.728067,88.517453,157.2083333,77.08333333,105.5679167,74.9375,24.21958333,47,2025,November
"Choto Jagulia, Bara",North 24 Pgs.,11/23/2025,22.728067,88.517453,136.5,70.565,95.53583333,73.97583333,24.20291667,47,2025,November
"Choto Jagulia, Bara",North 24 Pgs.,11/24/2025,22.728067,88.517453,135.625,70.67541667,95.65333333,71.69,23.375,48,2025,November
"Choto Jagulia, Bara",North 24 Pgs.,11/25/2025,22.728067,88.517453,152.7916667,75.77916667,108.6933333,71.16,22.54,48,2025,November
"Choto Jagulia, Bara",North 24 Pgs.,11/26/2025,22.728067,88.517453,129.9166667,68.64416667,98.83208333,69.43458333,22.4275,48,2025,November
"Choto Jagulia, Bara",North 24 Pgs.,11/27/2025,22.728067,88.517453,104.2083333,57.79958333,81.91333333,71.15,23.37,48,2025,November
"Choto Jagulia, Bara",North 24 Pgs.,11/28/2025,22.728067,88.517453,96.83333333,55.47041667,78.39083333,71.14583333,23.93833333,48,2025,November
"Choto Jagulia, Bara",North 24 Pgs.,11/29/2025,22.728067,88.517453,110.2083333,60.81958333,84.91875,73.59375,23.58416667,48,2025,November
"Choto Jagulia, Bara",North 24 Pgs.,11/30/2025,22.728067,88.517453,133.8333333,69.47083333,95.32166667,73.40041667,23.56583333,48,2025,November
"Choto Jagulia, Bara",North 24 Pgs.,12/1/2025,22.728067,88.517453,190,87.07,117.86,83.73,21.19,49,2025,December
Choto Jaguliya Mouza,North 24 Pgs.,8/31/2025,22.749647,88.512332,49.41666667,26.76958333,49.4825,74.98208333,31.88416667,35,2025,August
Choto Jaguliya Mouza,North 24 Pgs.,9/1/2025,22.749647,88.512332,72,36.08208333,72.26833333,73.72208333,32.78333333,36,2025,September
Choto Jaguliya Mouza,North 24 Pgs.,9/2/2025,22.749647,88.512332,36.29166667,20.51666667,36.24166667,82.8775,28.94416667,36,2025,September
Choto Jaguliya Mouza,North 24 Pgs.,9/3/2025,22.749647,88.512332,40.54166667,23.35,40.56166667,83.54583333,28.62041667,36,2025,September
Choto Jaguliya Mouza,North 24 Pgs.,9/4/2025,22.749647,88.512332,41.5,23.43833333,41.44791667,80.54125,30.08791667,36,2025,September
Choto Jaguliya Mouza,North 24 Pgs.,9/5/2025,22.749647,88.512332,54.58333333,28.99458333,54.52083333,75.11125,31.70041667,36,2025,September
Choto Jaguliya Mouza,North 24 Pgs.,9/6/2025,22.749647,88.512332,61.79166667,31.20333333,61.73791667,71.14208333,32.57458333,36,2025,September
Choto Jaguliya Mouza,North 24 Pgs.,9/7/2025,22.749647,88.512332,63.70833333,32.38583333,63.57458333,69.7925,32.64958333,36,2025,September
Choto Jaguliya Mouza,North 24 Pgs.,9/8/2025,22.749647,88.512332,60.79166667,30.32,60.78791667,67.18125,33.0025,37,2025,September
Choto Jaguliya Mouza,North 24 Pgs.,9/9/2025,22.749647,88.512332,64.83333333,32.22166667,64.80791667,67.72333333,32.93083333,37,2025,September
Choto Jaguliya Mouza,North 24 Pgs.,9/10/2025,22.749647,88.512332,61.45833333,31.29125,61.52916667,67.38416667,33.24416667,37,2025,September
Choto Jaguliya Mouza,North 24 Pgs.,9/11/2025,22.749647,88.512332,58.08333333,30.13666667,58.0975,69.32458333,33.0075,37,2025,September
Choto Jaguliya Mouza,North 24 Pgs.,9/12/2025,22.749647,88.512332,52.54166667,27.22666667,52.48208333,71.81833333,32.53541667,37,2025,September
Choto Jaguliya Mouza,North 24 Pgs.,9/13/2025,22.749647,88.512332,50.08333333,25.73541667,50.05166667,70,32.60541667,37,2025,September
Choto Jaguliya Mouza,North 24 Pgs.,9/14/2025,22.749647,88.512332,46.25,25.59625,46.27458333,80.59208333,30.11583333,37,2025,September
Choto Jaguliya Mouza,North 24 Pgs.,9/15/2025,22.749647,88.512332,43.33333333,24.36458333,43.32083333,80.81333333,29.61083333,38,2025,September
Choto Jaguliya Mouza,North 24 Pgs.,9/16/2025,22.749647,88.512332,47.83333333,27.21416667,47.82041667,82.9025,28.8925,38,2025,September
Choto Jaguliya Mouza,North 24 Pgs.,9/17/2025,22.749647,88.512332,46.83333333,26.5675,46.82208333,78.31083333,30.35625,38,2025,September
Choto Jaguliya Mouza,North 24 Pgs.,9/18/2025,22.749647,88.512332,55.45833333,30.11791667,55.50041667,72.13916667,32.28791667,38,2025,September
Choto Jaguliya Mouza,North 24 Pgs.,9/19/2025,22.749647,88.512332,72.45833333,38.57833333,72.465,73.84583333,32.1325,38,2025,September
Choto Jaguliya Mouza,North 24 Pgs.,9/20/2025,22.749647,88.512332,76.75,42.545,76.85958333,79.43666667,30.23208333,38,2025,September
Choto Jaguliya Mouza,North 24 Pgs.,9/21/2025,22.749647,88.512332,85.875,48.4325,86.01958333,74.62583333,31.63291667,38,2025,September
Choto Jaguliya Mouza,North 24 Pgs.,9/22/2025,22.749647,88.512332,63.66666667,35.86541667,63.65958333,78.28833333,29.99166667,39,2025,September
Choto Jaguliya Mouza,North 24 Pgs.,9/23/2025,22.749647,88.512332,48.95833333,28.16041667,48.93666667,80.62125,29.60541667,39,2025,September
Choto Jaguliya Mouza,North 24 Pgs.,9/24/2025,22.749647,88.512332,58.79166667,32.57458333,58.86541667,73.97708333,31.63125,39,2025,September
Choto Jaguliya Mouza,North 24 Pgs.,9/25/2025,22.749647,88.512332,53.20833333,29.34916667,53.03125,74.35583333,31.60625,39,2025,September
Choto Jaguliya Mouza,North 24 Pgs.,9/26/2025,22.749647,88.512332,44.04166667,25.27541667,44.07375,77.60208333,30.86916667,39,2025,September
Choto Jaguliya Mouza,North 24 Pgs.,9/27/2025,22.749647,88.512332,45.5,25.17458333,45.4525,74.25541667,31.47791667,39,2025,September
Choto Jaguliya Mouza,North 24 Pgs.,9/28/2025,22.749647,88.512332,48.125,26.00125,48.17958333,71.70375,32.31041667,39,2025,September
Choto Jaguliya Mouza,North 24 Pgs.,9/29/2025,22.749647,88.512332,64.5,33.47916667,64.82958333,70.16666667,32.85958333,40,2025,September
Choto Jaguliya Mouza,North 24 Pgs.,9/30/2025,22.749647,88.512332,66.41666667,35.48583333,66.47875,71.19666667,32.55166667,40,2025,September
Choto Jaguliya Mouza,North 24 Pgs.,10/1/2025,22.749647,88.512332,50.79166667,27.99958333,50.85,74.59583333,31.01,40,2025,October
Choto Jaguliya Mouza,North 24 Pgs.,10/2/2025,22.749647,88.512332,32.75,19.27041667,32.7175,84.53625,28.76708333,40,2025,October
Choto Jaguliya Mouza,North 24 Pgs.,10/3/2025,22.749647,88.512332,38.33333333,22.51333333,38.25958333,87.19041667,28.385,40,2025,October
Choto Jaguliya Mouza,North 24 Pgs.,10/4/2025,22.749647,88.512332,42.45833333,24.60541667,42.43125,81.87458333,29.82208333,40,2025,October
Choto Jaguliya Mouza,North 24 Pgs.,10/5/2025,22.749647,88.512332,40.79166667,23.52,40.78541667,81.32333333,28.75166667,40,2025,October
Choto Jaguliya Mouza,North 24 Pgs.,10/6/2025,22.749647,88.512332,75.29166667,41.40208333,73.68458333,79.7225,29.0275,41,2025,October
Choto Jaguliya Mouza,North 24 Pgs.,10/7/2025,22.749647,88.512332,71,40.0525,70.96958333,76.38083333,29.96541667,41,2025,October
Choto Jaguliya Mouza,North 24 Pgs.,10/8/2025,22.749647,88.512332,69.08333333,39.44041667,69.05208333,77.615,29.55291667,41,2025,October
Choto Jaguliya Mouza,North 24 Pgs.,10/9/2025,22.749647,88.512332,82.25,46.10416667,82.27666667,75.27708333,30.14125,41,2025,October
Choto Jaguliya Mouza,North 24 Pgs.,10/10/2025,22.749647,88.512332,83.63157895,46.80578947,83.64157895,77.20210526,29.86263158,41,2025,October
Choto Jaguliya Mouza,North 24 Pgs.,10/11/2025,22.749647,88.512332,66.91666667,37.41708333,66.84791667,74.78791667,30.1425,41,2025,October
Choto Jaguliya Mouza,North 24 Pgs.,10/12/2025,22.749647,88.512332,79.04166667,42.05041667,79.38875,70.66875,31.01708333,41,2025,October
Choto Jaguliya Mouza,North 24 Pgs.,10/13/2025,22.749647,88.512332,90.70833333,47.60875,91.39583333,68.29083333,30.78083333,42,2025,October
Choto Jaguliya Mouza,North 24 Pgs.,10/14/2025,22.749647,88.512332,98.5,51.96916667,100.5254167,67.03958333,30.5775,42,2025,October
Choto Jaguliya Mouza,North 24 Pgs.,10/15/2025,22.749647,88.512332,100.7916667,52.61791667,103.9708333,66.60166667,29.95541667,42,2025,October
Choto Jaguliya Mouza,North 24 Pgs.,10/16/2025,22.749647,88.512332,107.0833333,55.66916667,109.6941667,67.2125,29.44291667,42,2025,October
Choto Jaguliya Mouza,North 24 Pgs.,10/17/2025,22.749647,88.512332,114.5416667,61.13041667,119.0458333,68.56083333,30.02791667,42,2025,October
Choto Jaguliya Mouza,North 24 Pgs.,10/18/2025,22.749647,88.512332,119.7916667,62.685,124.1445833,70.28875,30.78708333,42,2025,October
Choto Jaguliya Mouza,North 24 Pgs.,10/19/2025,22.749647,88.512332,100.625,51.76333333,104.2266667,69.17333333,31.36208333,42,2025,October
Choto Jaguliya Mouza,North 24 Pgs.,10/20/2025,22.749647,88.512332,106.9166667,54.7575,107.22125,70.20458333,31.36375,43,2025,October
Choto Jaguliya Mouza,North 24 Pgs.,10/21/2025,22.749647,88.512332,115.125,59.64833333,115.2854167,68.50416667,30.93916667,43,2025,October
Choto Jaguliya Mouza,North 24 Pgs.,10/22/2025,22.749647,88.512332,119.5416667,61.88416667,119.9754167,68.42875,30.67875,43,2025,October
Choto Jaguliya Mouza,North 24 Pgs.,10/23/2025,22.749647,88.512332,103.0416667,53.28833333,103.7745833,65.65791667,30.98875,43,2025,October
Choto Jaguliya Mouza,North 24 Pgs.,10/24/2025,22.749647,88.512332,108.8333333,57.25291667,111.2645833,66.53125,30.86083333,43,2025,October
Choto Jaguliya Mouza,North 24 Pgs.,10/25/2025,22.749647,88.512332,107.3333333,57.56041667,109.5966667,67.49958333,30.92625,43,2025,October
Choto Jaguliya Mouza,North 24 Pgs.,10/26/2025,22.749647,88.512332,94.625,51.02166667,96.9575,69.11291667,30.97208333,43,2025,October
Choto Jaguliya Mouza,North 24 Pgs.,10/27/2025,22.749647,88.512332,102.8333333,55.8125,102.8179167,67.88666667,31.36833333,44,2025,October
Choto Jaguliya Mouza,North 24 Pgs.,10/28/2025,22.749647,88.512332,76.5,43.26541667,76.87083333,72.43291667,30.24791667,44,2025,October
Choto Jaguliya Mouza,North 24 Pgs.,10/29/2025,22.749647,88.512332,48.45833333,27.95791667,48.3875,85.96875,27.2175,44,2025,October
Choto Jaguliya Mouza,North 24 Pgs.,10/30/2025,22.749647,88.512332,43.08333333,24.88625,43.08625,80.25458333,28.73291667,44,2025,October
Choto Jaguliya Mouza,North 24 Pgs.,10/31/2025,22.749647,88.512332,48.08333333,27.27125,47.99125,75.16291667,30.12625,44,2025,October
Choto Jaguliya Mouza,North 24 Pgs.,11/1/2025,22.749647,88.512332,62.875,34.48208333,62.81125,75.86458333,29.97208333,44,2025,November
Choto Jaguliya Mouza,North 24 Pgs.,11/2/2025,22.749647,88.512332,57.41666667,30.00291667,57.39666667,74.59125,27.68375,44,2025,November
Choto Jaguliya Mouza,North 24 Pgs.,11/3/2025,22.749647,88.512332,97.625,51.295,97.40375,68.905,28.09041667,45,2025,November
Choto Jaguliya Mouza,North 24 Pgs.,11/4/2025,22.749647,88.512332,181.7083333,84.50333333,152.7541667,72.52083333,27.14958333,45,2025,November
Choto Jaguliya Mouza,North 24 Pgs.,11/5/2025,22.749647,88.512332,187.7083333,86.3075,154.9720833,68.11916667,28.06791667,45,2025,November
Choto Jaguliya Mouza,North 24 Pgs.,11/6/2025,22.749647,88.512332,170.0416667,80.64041667,145.2733333,69.07208333,28.99458333,45,2025,November
Choto Jaguliya Mouza,North 24 Pgs.,11/7/2025,22.749647,88.512332,147.4166667,74.22791667,133.46875,68.00916667,29.1875,45,2025,November
Choto Jaguliya Mouza,North 24 Pgs.,11/8/2025,22.749647,88.512332,96.29166667,52.24583333,96.78375,58.68458333,27.70375,45,2025,November
Choto Jaguliya Mouza,North 24 Pgs.,11/9/2025,22.749647,88.512332,93.29166667,50.92791667,94.09791667,57.37916667,26.42166667,45,2025,November
Choto Jaguliya Mouza,North 24 Pgs.,11/10/2025,22.749647,88.512332,123.6666667,66.80041667,119.7054167,62.40291667,26.29208333,46,2025,November
Choto Jaguliya Mouza,North 24 Pgs.,11/11/2025,22.749647,88.512332,116.125,63.39708333,114.2970833,59.81375,25.71583333,46,2025,November
Choto Jaguliya Mouza,North 24 Pgs.,11/12/2025,22.749647,88.512332,153,75.89541667,137.1895833,61.23958333,25.03166667,46,2025,November
Choto Jaguliya Mouza,North 24 Pgs.,11/13/2025,22.749647,88.512332,140.5833333,71.91166667,129.4916667,62.59958333,25.11916667,46,2025,November
Choto Jaguliya Mouza,North 24 Pgs.,11/14/2025,22.749647,88.512332,133.0833333,69.0025,124.2016667,62.8975,25.25416667,46,2025,November
Choto Jaguliya Mouza,North 24 Pgs.,11/15/2025,22.749647,88.512332,114.6666667,62.74083333,113.3029167,64.23916667,25.33291667,46,2025,November
Choto Jaguliya Mouza,North 24 Pgs.,11/16/2025,22.749647,88.512332,126.7083333,67.65958333,122.0245833,63.59958333,25.325,46,2025,November
Choto Jaguliya Mouza,North 24 Pgs.,11/17/2025,22.749647,88.512332,114.9583333,61.91083333,111.6175,63.57833333,25.71708333,47,2025,November
Choto Jaguliya Mouza,North 24 Pgs.,11/18/2025,22.749647,88.512332,87.29166667,48.76708333,88.31916667,63.02708333,26.24333333,47,2025,November
Choto Jaguliya Mouza,North 24 Pgs.,11/19/2025,22.749647,88.512332,80.25,44.47708333,81.375,60.36041667,26.8475,47,2025,November
Choto Jaguliya Mouza,North 24 Pgs.,11/20/2025,22.749647,88.512332,98.79166667,52.98,98.61625,61.57291667,26.64166667,47,2025,November
Choto Jaguliya Mouza,North 24 Pgs.,11/21/2025,22.749647,88.512332,129.5,66.77166667,121.0779167,63.81583333,25.99125,47,2025,November
Choto Jaguliya Mouza,North 24 Pgs.,11/22/2025,22.749647,88.512332,164.5416667,79.22458333,141.4204167,65.95041667,25.32208333,47,2025,November
Choto Jaguliya Mouza,North 24 Pgs.,11/23/2025,22.749647,88.512332,139.25,71.36333333,126.5791667,65.85958333,25.22,47,2025,November
Choto Jaguliya Mouza,North 24 Pgs.,11/24/2025,22.749647,88.512332,121.2916667,66.20791667,117.5041667,63.71333333,24.46958333,48,2025,November
Choto Jaguliya Mouza,North 24 Pgs.,11/25/2025,22.749647,88.512332,151.9583333,75.46583333,138.3979167,63.47625,23.32875,48,2025,November
Choto Jaguliya Mouza,North 24 Pgs.,11/26/2025,22.749647,88.512332,148.4166667,74.44458333,139.7141667,62.52416667,23.1475,48,2025,November
Choto Jaguliya Mouza,North 24 Pgs.,11/27/2025,22.749647,88.512332,119.875,62.29666667,117.2704167,64.45791667,24.22041667,48,2025,November
Choto Jaguliya Mouza,North 24 Pgs.,11/28/2025,22.749647,88.512332,106.8333333,57.73666667,109.0508333,63.97416667,24.86875,48,2025,November
Choto Jaguliya Mouza,North 24 Pgs.,11/29/2025,22.749647,88.512332,126.0416667,64.54583333,122.1520833,65.95916667,24.42333333,48,2025,November
Choto Jaguliya Mouza,North 24 Pgs.,11/30/2025,22.749647,88.512332,140.7083333,71.21416667,133.2591667,66.16541667,24.28916667,48,2025,November
Choto Jaguliya Mouza,North 24 Pgs.,12/1/2025,22.749647,88.512332,139,71.73,129.45,78.82,21.02,49,2025,December
"ChotoJagulia G.P, (Bazitpur )",North 24 Pgs.,8/31/2025,22.7410077,88.4994019,50.79166667,28.7825,50.75083333,82.96458333,31.15,35,2025,August
"ChotoJagulia G.P, (Bazitpur )",North 24 Pgs.,9/1/2025,22.7410077,88.4994019,63.625,34.29166667,63.55791667,81.79958333,32.20083333,36,2025,September
"ChotoJagulia G.P, (Bazitpur )",North 24 Pgs.,9/2/2025,22.7410077,88.4994019,30.08333333,17.63041667,29.78875,90.93875,28.305,36,2025,September
"ChotoJagulia G.P, (Bazitpur )",North 24 Pgs.,9/3/2025,22.7410077,88.4994019,35.91666667,20.78333333,35.84791667,91.9425,27.965,36,2025,September
"ChotoJagulia G.P, (Bazitpur )",North 24 Pgs.,9/4/2025,22.7410077,88.4994019,39.20833333,22.42041667,39.15708333,87.53583333,29.51958333,36,2025,September
"ChotoJagulia G.P, (Bazitpur )",North 24 Pgs.,9/5/2025,22.7410077,88.4994019,54.5,30.53708333,54.43958333,81.72166667,31.0925,36,2025,September
"ChotoJagulia G.P, (Bazitpur )",North 24 Pgs.,9/6/2025,22.7410077,88.4994019,58.25,32.49958333,58.25375,77.03666667,32.19041667,36,2025,September
"ChotoJagulia G.P, (Bazitpur )",North 24 Pgs.,9/7/2025,22.7410077,88.4994019,54.20833333,30.26708333,54.17791667,76.63208333,31.98125,36,2025,September
"ChotoJagulia G.P, (Bazitpur )",North 24 Pgs.,9/8/2025,22.7410077,88.4994019,52.20833333,28.61458333,52.23125,73.14458333,32.42625,37,2025,September
"ChotoJagulia G.P, (Bazitpur )",North 24 Pgs.,9/9/2025,22.7410077,88.4994019,55.45833333,30.47583333,55.37416667,75.21583333,32.08208333,37,2025,September
"ChotoJagulia G.P, (Bazitpur )",North 24 Pgs.,9/10/2025,22.7410077,88.4994019,54.91666667,30.21208333,54.98083333,73.715,32.60375,37,2025,September
"ChotoJagulia G.P, (Bazitpur )",North 24 Pgs.,9/11/2025,22.7410077,88.4994019,52.5,29.36666667,52.52916667,75.94291667,32.36125,37,2025,September
"ChotoJagulia G.P, (Bazitpur )",North 24 Pgs.,9/12/2025,22.7410077,88.4994019,47.66666667,26.65708333,47.68125,79.54208333,31.675,37,2025,September
"ChotoJagulia G.P, (Bazitpur )",North 24 Pgs.,9/13/2025,22.7410077,88.4994019,45.04166667,25.18125,45.0375,77.47833333,31.78291667,37,2025,September
"ChotoJagulia G.P, (Bazitpur )",North 24 Pgs.,9/14/2025,22.7410077,88.4994019,48.29166667,27.45416667,48.27166667,90.49,29.07916667,37,2025,September
"ChotoJagulia G.P, (Bazitpur )",North 24 Pgs.,9/15/2025,22.7410077,88.4994019,46.70833333,26.91791667,46.69375,91.00875,28.71958333,38,2025,September
"ChotoJagulia G.P, (Bazitpur )",North 24 Pgs.,9/16/2025,22.7410077,88.4994019,57.04166667,32.56375,56.55541667,92.43083333,28.13125,38,2025,September
"ChotoJagulia G.P, (Bazitpur )",North 24 Pgs.,9/17/2025,22.7410077,88.4994019,52.20833333,30.06125,52.25541667,87.42833333,29.56166667,38,2025,September
"ChotoJagulia G.P, (Bazitpur )",North 24 Pgs.,9/18/2025,22.7410077,88.4994019,54.41666667,30.88208333,54.42666667,79.76541667,31.77875,38,2025,September
"ChotoJagulia G.P, (Bazitpur )",North 24 Pgs.,9/19/2025,22.7410077,88.4994019,71.58333333,40.77708333,71.55833333,82.7575,31.48375,38,2025,September
"ChotoJagulia G.P, (Bazitpur )",North 24 Pgs.,9/20/2025,22.7410077,88.4994019,77.875,44.80791667,77.96958333,89.32208333,29.40791667,38,2025,September
"ChotoJagulia G.P, (Bazitpur )",North 24 Pgs.,9/21/2025,22.7410077,88.4994019,89.16666667,50.55083333,89.45708333,82.80875,30.96875,38,2025,September
"ChotoJagulia G.P, (Bazitpur )",North 24 Pgs.,9/22/2025,22.7410077,88.4994019,66.20833333,38.08958333,66.18916667,87.86583333,29.16916667,39,2025,September
"ChotoJagulia G.P, (Bazitpur )",North 24 Pgs.,9/23/2025,22.7410077,88.4994019,57.04166667,32.96125,56.90083333,89.91125,28.7425,39,2025,September
"ChotoJagulia G.P, (Bazitpur )",North 24 Pgs.,9/24/2025,22.7410077,88.4994019,61.95833333,35.41333333,61.89458333,82.63958333,30.77958333,39,2025,September
"ChotoJagulia G.P, (Bazitpur )",North 24 Pgs.,9/25/2025,22.7410077,88.4994019,55.875,31.87333333,55.8625,82.03333333,31.02791667,39,2025,September
"ChotoJagulia G.P, (Bazitpur )",North 24 Pgs.,9/26/2025,22.7410077,88.4994019,46.5,26.86166667,46.46958333,86.14583333,30.19708333,39,2025,September
"ChotoJagulia G.P, (Bazitpur )",North 24 Pgs.,9/27/2025,22.7410077,88.4994019,43.70833333,24.88708333,43.71583333,82.68375,30.88625,39,2025,September
"ChotoJagulia G.P, (Bazitpur )",North 24 Pgs.,9/28/2025,22.7410077,88.4994019,39.41666667,22.11,39.33083333,78.00583333,31.96083333,39,2025,September
"ChotoJagulia G.P, (Bazitpur )",North 24 Pgs.,9/29/2025,22.7410077,88.4994019,51.33333333,28.4725,51.32916667,78.25875,32.36583333,40,2025,September
"ChotoJagulia G.P, (Bazitpur )",North 24 Pgs.,9/30/2025,22.7410077,88.4994019,54.95833333,30.88125,54.84,78.29416667,32.27041667,40,2025,September
"ChotoJagulia G.P, (Bazitpur )",North 24 Pgs.,10/1/2025,22.7410077,88.4994019,43.625,24.86125,43.60708333,81.55625,30.70666667,40,2025,October
"ChotoJagulia G.P, (Bazitpur )",North 24 Pgs.,10/2/2025,22.7410077,88.4994019,31.66666667,18.44541667,31.58541667,91.515,28.48125,40,2025,October
"ChotoJagulia G.P, (Bazitpur )",North 24 Pgs.,10/3/2025,22.7410077,88.4994019,39.33333333,22.77416667,39.32708333,94.25708333,28.15666667,40,2025,October
"ChotoJagulia G.P, (Bazitpur )",North 24 Pgs.,10/4/2025,22.7410077,88.4994019,40.625,23.35625,40.68291667,88.4425,29.75708333,40,2025,October
"ChotoJagulia G.P, (Bazitpur )",North 24 Pgs.,10/5/2025,22.7410077,88.4994019,39.5,22.68958333,39.52208333,88.44583333,28.66791667,40,2025,October
"ChotoJagulia G.P, (Bazitpur )",North 24 Pgs.,10/6/2025,22.7410077,88.4994019,59.29166667,33.84166667,59.2275,86.76333333,28.91708333,41,2025,October
"ChotoJagulia G.P, (Bazitpur )",North 24 Pgs.,10/7/2025,22.7410077,88.4994019,61.70833333,35.18625,61.65333333,82.83916667,29.84625,41,2025,October
"ChotoJagulia G.P, (Bazitpur )",North 24 Pgs.,10/8/2025,22.7410077,88.4994019,62.08333333,35.58958333,62.05083333,84.81833333,29.4,41,2025,October
"ChotoJagulia G.P, (Bazitpur )",North 24 Pgs.,10/9/2025,22.7410077,88.4994019,69.16666667,39.65541667,69.145,83.58041667,29.82916667,41,2025,October
"ChotoJagulia G.P, (Bazitpur )",North 24 Pgs.,10/10/2025,22.7410077,88.4994019,71.88888889,41.32777778,71.89055556,86.25666667,29.16111111,41,2025,October
"ChotoJagulia G.P, (Bazitpur )",North 24 Pgs.,10/11/2025,22.7410077,88.4994019,63.875,36.255,63.83875,82.01416667,30.04791667,41,2025,October
"ChotoJagulia G.P, (Bazitpur )",North 24 Pgs.,10/12/2025,22.7410077,88.4994019,67.16666667,37.63833333,67.12625,78.46708333,30.57166667,41,2025,October
"ChotoJagulia G.P, (Bazitpur )",North 24 Pgs.,10/13/2025,22.7410077,88.4994019,74.16666667,41.54916667,74.15875,76.39458333,30.13333333,42,2025,October
"ChotoJagulia G.P, (Bazitpur )",North 24 Pgs.,10/14/2025,22.7410077,88.4994019,81.20833333,45.345,80.80916667,75.00041667,29.84333333,42,2025,October
"ChotoJagulia G.P, (Bazitpur )",North 24 Pgs.,10/15/2025,22.7410077,88.4994019,86.125,48.51875,86.4575,74.04958333,29.45708333,42,2025,October
"ChotoJagulia G.P, (Bazitpur )",North 24 Pgs.,10/16/2025,22.7410077,88.4994019,91.83333333,50.9925,90.90375,73.89083333,29.23916667,42,2025,October
"ChotoJagulia G.P, (Bazitpur )",North 24 Pgs.,10/17/2025,22.7410077,88.4994019,102.7083333,57.27791667,102.3208333,74.19708333,29.91791667,42,2025,October
"ChotoJagulia G.P, (Bazitpur )",North 24 Pgs.,10/18/2025,22.7410077,88.4994019,92.04166667,51.96916667,92.67625,76.42833333,30.78375,42,2025,October
"ChotoJagulia G.P, (Bazitpur )",North 24 Pgs.,10/19/2025,22.7410077,88.4994019,84.33333333,46.47,85.11,75.95375,31.18041667,42,2025,October
"ChotoJagulia G.P, (Bazitpur )",North 24 Pgs.,10/20/2025,22.7410077,88.4994019,82.58333333,46.27333333,82.81791667,75.73,31.2025,43,2025,October
"ChotoJagulia G.P, (Bazitpur )",North 24 Pgs.,10/21/2025,22.7410077,88.4994019,95.91666667,52.96625,94.9775,73.94,30.83375,43,2025,October
"ChotoJagulia G.P, (Bazitpur )",North 24 Pgs.,10/22/2025,22.7410077,88.4994019,104.5,57.14916667,103.4483333,74.5575,30.35,43,2025,October
"ChotoJagulia G.P, (Bazitpur )",North 24 Pgs.,10/23/2025,22.7410077,88.4994019,91.25,50.27458333,90.76666667,71.74291667,30.78416667,43,2025,October
"ChotoJagulia G.P, (Bazitpur )",North 24 Pgs.,10/24/2025,22.7410077,88.4994019,94.20833333,52.28083333,94.54833333,73.79375,30.52875,43,2025,October
"ChotoJagulia G.P, (Bazitpur )",North 24 Pgs.,10/25/2025,22.7410077,88.4994019,97.41666667,53.32208333,95.73791667,73.4975,30.75958333,43,2025,October
"ChotoJagulia G.P, (Bazitpur )",North 24 Pgs.,10/26/2025,22.7410077,88.4994019,79.45833333,44.05208333,80.10916667,75.68375,30.87041667,43,2025,October
"ChotoJagulia G.P, (Bazitpur )",North 24 Pgs.,10/27/2025,22.7410077,88.4994019,84.29166667,47.28583333,84.3825,73.82958333,31.17291667,44,2025,October
"ChotoJagulia G.P, (Bazitpur )",North 24 Pgs.,10/28/2025,22.7410077,88.4994019,68.41666667,38.95625,68.40708333,78.22583333,30.09875,44,2025,October
"ChotoJagulia G.P, (Bazitpur )",North 24 Pgs.,10/29/2025,22.7410077,88.4994019,43.91666667,25.07541667,43.92041667,90.5775,27.4625,44,2025,October
"ChotoJagulia G.P, (Bazitpur )",North 24 Pgs.,10/30/2025,22.7410077,88.4994019,39.95833333,22.95791667,39.97791667,85.24,29.01,44,2025,October
"ChotoJagulia G.P, (Bazitpur )",North 24 Pgs.,10/31/2025,22.7410077,88.4994019,45.20833333,25.83125,45.25958333,78.67833333,30.43166667,44,2025,October
"ChotoJagulia G.P, (Bazitpur )",North 24 Pgs.,11/1/2025,22.7410077,88.4994019,54.41666667,30.92875,54.35416667,81.0575,30.16333333,44,2025,November
"ChotoJagulia G.P, (Bazitpur )",North 24 Pgs.,11/2/2025,22.7410077,88.4994019,47.66666667,26.80208333,47.63833333,81.23083333,27.60791667,44,2025,November
"ChotoJagulia G.P, (Bazitpur )",North 24 Pgs.,11/3/2025,22.7410077,88.4994019,79.79166667,44.02375,79.06958333,75.59041667,27.74541667,45,2025,November
"ChotoJagulia G.P, (Bazitpur )",North 24 Pgs.,11/4/2025,22.7410077,88.4994019,150.4583333,75.145,132.2891667,79.57833333,26.87166667,45,2025,November
"ChotoJagulia G.P, (Bazitpur )",North 24 Pgs.,11/5/2025,22.7410077,88.4994019,153.6666667,75.86,134.2133333,74.83416667,27.80291667,45,2025,November
"ChotoJagulia G.P, (Bazitpur )",North 24 Pgs.,11/6/2025,22.7410077,88.4994019,137.3333333,69.31333333,122.5733333,77.23166667,28.58583333,45,2025,November
"ChotoJagulia G.P, (Bazitpur )",North 24 Pgs.,11/7/2025,22.7410077,88.4994019,124.4583333,66.54,118.90625,76.2725,28.575,45,2025,November
"ChotoJagulia G.P, (Bazitpur )",North 24 Pgs.,11/8/2025,22.7410077,88.4994019,84.04166667,46.01375,84.20708333,67.30416667,26.79958333,45,2025,November
"ChotoJagulia G.P, (Bazitpur )",North 24 Pgs.,11/9/2025,22.7410077,88.4994019,84.70833333,46.55291667,85.52125,66.47791667,25.53291667,45,2025,November
"ChotoJagulia G.P, (Bazitpur )",North 24 Pgs.,11/10/2025,22.7410077,88.4994019,107.9583333,59.92833333,107.7370833,71.19,25.39458333,46,2025,November
"ChotoJagulia G.P, (Bazitpur )",North 24 Pgs.,11/11/2025,22.7410077,88.4994019,107.625,58.66583333,107.2579167,69.34208333,24.69833333,46,2025,November
"ChotoJagulia G.P, (Bazitpur )",North 24 Pgs.,11/12/2025,22.7410077,88.4994019,124.5416667,66.60458333,120.3925,70.1625,23.87,46,2025,November
"ChotoJagulia G.P, (Bazitpur )",North 24 Pgs.,11/13/2025,22.7410077,88.4994019,133.9166667,68.49166667,125.4033333,70.8775,24.13416667,46,2025,November
"ChotoJagulia G.P, (Bazitpur )",North 24 Pgs.,11/14/2025,22.7410077,88.4994019,122.6666667,64.18833333,118.0325,71.15041667,23.95791667,46,2025,November
"ChotoJagulia G.P, (Bazitpur )",North 24 Pgs.,11/15/2025,22.7410077,88.4994019,110.125,59.935,110.0358333,72.42166667,24.33833333,46,2025,November
"ChotoJagulia G.P, (Bazitpur )",North 24 Pgs.,11/16/2025,22.7410077,88.4994019,114.125,62.19458333,114.1508333,71.9825,24.16625,46,2025,November
"ChotoJagulia G.P, (Bazitpur )",North 24 Pgs.,11/17/2025,22.7410077,88.4994019,104.5416667,57.18208333,104.59625,71.74708333,24.75083333,47,2025,November
"ChotoJagulia G.P, (Bazitpur )",North 24 Pgs.,11/18/2025,22.7410077,88.4994019,97.375,51.98291667,96.52416667,70.50958333,25.13041667,47,2025,November
"ChotoJagulia G.P, (Bazitpur )",North 24 Pgs.,11/19/2025,22.7410077,88.4994019,83.625,44.52125,83.82625,68.63875,25.70875,47,2025,November
"ChotoJagulia G.P, (Bazitpur )",North 24 Pgs.,11/20/2025,22.7410077,88.4994019,95.83333333,52.15708333,96.87791667,69.36625,25.58416667,47,2025,November
"ChotoJagulia G.P, (Bazitpur )",North 24 Pgs.,11/21/2025,22.7410077,88.4994019,113.25,60.41416667,111.36375,71.74583333,24.90958333,47,2025,November
"ChotoJagulia G.P, (Bazitpur )",North 24 Pgs.,11/22/2025,22.7410077,88.4994019,161.5,78.04,142.3954167,73.91541667,24.24666667,47,2025,November
"ChotoJagulia G.P, (Bazitpur )",North 24 Pgs.,11/23/2025,22.7410077,88.4994019,137.8333333,69.91583333,127.7708333,73.11375,24.41333333,47,2025,November
"ChotoJagulia G.P, (Bazitpur )",North 24 Pgs.,11/24/2025,22.7410077,88.4994019,126.9583333,67.80125,123.3575,70.81333333,23.48083333,48,2025,November
"ChotoJagulia G.P, (Bazitpur )",North 24 Pgs.,11/25/2025,22.7410077,88.4994019,141.125,72.03333333,130.5575,71.32083333,22.2475,48,2025,November
"ChotoJagulia G.P, (Bazitpur )",North 24 Pgs.,11/26/2025,22.7410077,88.4994019,130.6666667,68.84625,124.3770833,71.02375,22.1225,48,2025,November
"ChotoJagulia G.P, (Bazitpur )",North 24 Pgs.,11/27/2025,22.7410077,88.4994019,104.7083333,56.42416667,103.0633333,71.56,23.38208333,48,2025,November
"ChotoJagulia G.P, (Bazitpur )",North 24 Pgs.,11/28/2025,22.7410077,88.4994019,101.75,54.54375,101.55125,70.75291667,23.94041667,48,2025,November
"ChotoJagulia G.P, (Bazitpur )",North 24 Pgs.,11/29/2025,22.7410077,88.4994019,113.4583333,58.98666667,108.7925,73.72958333,23.29833333,48,2025,November
"ChotoJagulia G.P, (Bazitpur )",North 24 Pgs.,11/30/2025,22.7410077,88.4994019,121.2916667,64.48208333,119.4716667,73.83083333,23.46,48,2025,November
"ChotoJagulia G.P, (Bazitpur )",North 24 Pgs.,12/1/2025,22.7410077,88.4994019,132,69.57,122.67,86.97,19.57,49,2025,December
Deara Mouza,North 24 Pgs.,8/31/2025,22.637903,88.48252,48,24.72708333,47.92583333,77.51458333,31.56291667,35,2025,August
Deara Mouza,North 24 Pgs.,9/1/2025,22.637903,88.48252,73,34.1075,74.935,77.5875,32.44541667,36,2025,September
Deara Mouza,North 24 Pgs.,9/2/2025,22.637903,88.48252,34.08333333,19.36916667,34.07583333,86.32666667,28.7425,36,2025,September
Deara Mouza,North 24 Pgs.,9/3/2025,22.637903,88.48252,32.125,18.42875,32.07041667,87.77041667,28.38166667,36,2025,September
Deara Mouza,North 24 Pgs.,9/4/2025,22.637903,88.48252,36,20.31809524,36.04285714,84.66095238,29.50095238,36,2025,September
Deara Mouza,North 24 Pgs.,9/8/2025,22.637903,88.48252,50.83333333,26.845,50.765,75.23,31.22,37,2025,September
Deara Mouza,North 24 Pgs.,9/9/2025,22.637903,88.48252,56.54166667,29.08625,56.48833333,74.30791667,32.14291667,37,2025,September
Deara Mouza,North 24 Pgs.,9/10/2025,22.637903,88.48252,59.95833333,29.56,60.09291667,73.74958333,32.40125,37,2025,September
Deara Mouza,North 24 Pgs.,9/11/2025,22.637903,88.48252,50.20833333,26.82625,50.18916667,76.54625,32.12291667,37,2025,September
Deara Mouza,North 24 Pgs.,9/12/2025,22.637903,88.48252,44.58333333,24.39166667,44.57541667,79.57708333,31.23125,37,2025,September
Deara Mouza,North 24 Pgs.,9/13/2025,22.637903,88.48252,46.53846154,25.66076923,46.58923077,80.72846154,30.84,37,2025,September
Deara Mouza,North 24 Pgs.,9/18/2025,22.637903,88.48252,52.45454545,29.66545455,51.84818182,76.16454545,32.11181818,38,2025,September
Deara Mouza,North 24 Pgs.,9/19/2025,22.637903,88.48252,92.86363636,42.89,98.53909091,78.21772727,31.97227273,38,2025,September
Deara Mouza,North 24 Pgs.,9/20/2025,22.637903,88.48252,83.33333333,41.65916667,86.015,83.9175,31.23333333,38,2025,September
Deara Mouza,North 24 Pgs.,9/22/2025,22.637903,88.48252,72.66666667,42.56333333,71.92333333,79.99,32.38666667,39,2025,September
Deara Mouza,North 24 Pgs.,9/23/2025,22.637903,88.48252,54,31.4775,52.5445,83.7855,29.766,39,2025,September
Deara Mouza,North 24 Pgs.,9/24/2025,22.637903,88.48252,60.07692308,35.61923077,57.03307692,85.13615385,29.73461538,39,2025,September
Deara Mouza,North 24 Pgs.,9/30/2025,22.637903,88.48252,94,38.68,99.17,68.29666667,33.23333333,40,2025,September
Deara Mouza,North 24 Pgs.,10/1/2025,22.637903,88.48252,36.625,21.10625,34.33125,82.92625,30.05625,40,2025,October
Deara Mouza,North 24 Pgs.,10/2/2025,22.637903,88.48252,41.875,24.1875,38.14625,89.11375,28.545,40,2025,October
Deara Mouza,North 24 Pgs.,10/7/2025,22.637903,88.48252,58.66666667,34.0275,58.715,84.42416667,27.9975,41,2025,October
Deara Mouza,North 24 Pgs.,10/8/2025,22.637903,88.48252,75.94444444,42.385,75.82277778,82.12777778,29.75166667,41,2025,October
Deara Mouza,North 24 Pgs.,10/11/2025,22.637903,88.48252,75.16666667,40.14666667,75.04833333,69.66333333,32.63,41,2025,October
Deara Mouza,North 24 Pgs.,10/12/2025,22.637903,88.48252,157.5833333,60.6125,186.325,70.23166667,31.27083333,41,2025,October
Deara Mouza,North 24 Pgs.,10/13/2025,22.637903,88.48252,125.25,54.3205,137.738,71.6775,30.333,42,2025,October
Deara Mouza,North 24 Pgs.,10/14/2025,22.637903,88.48252,140.9411765,60.04764706,161.4747059,61.37941176,32.46588235,42,2025,October
Deara Mouza,North 24 Pgs.,10/15/2025,22.637903,88.48252,140,59.75055556,158.1611111,62.495,31.47777778,42,2025,October
Deara Mouza,North 24 Pgs.,10/16/2025,22.637903,88.48252,179.8461538,74.74615385,214.5746154,64.68076923,31.33692308,42,2025,October
Deara Mouza,North 24 Pgs.,10/17/2025,22.637903,88.48252,173.95,77.0685,197.074,77.731,28.4305,42,2025,October
Deara Mouza,North 24 Pgs.,10/18/2025,22.637903,88.48252,147.25,72.13333333,161.9541667,78.935,28.44166667,42,2025,October
Deara Mouza,North 24 Pgs.,10/21/2025,22.637903,88.48252,197.4444444,78.03,234.2422222,69.18222222,30.85,43,2025,October
Deara Mouza,North 24 Pgs.,10/22/2025,22.637903,88.48252,190.0833333,80.66666667,222.1008333,66.06416667,32.36916667,43,2025,October
Deara Mouza,North 24 Pgs.,10/23/2025,22.637903,88.48252,146.05,65.01,155.89,68.8165,30.969,43,2025,October
Deara Mouza,North 24 Pgs.,10/24/2025,22.637903,88.48252,159.8333333,68.465,188.4683333,65.91333333,32.005,43,2025,October
Deara Mouza,North 24 Pgs.,10/27/2025,22.637903,88.48252,126.5333333,58.044,142.2753333,67.48733333,32.568,44,2025,October
Deara Mouza,North 24 Pgs.,10/28/2025,22.637903,88.48252,86.625,45.3025,86.97875,80.4125,29.71208333,44,2025,October
Deara Mouza,North 24 Pgs.,10/29/2025,22.637903,88.48252,49.29166667,27.43416667,49.37125,90.81083333,27.08291667,44,2025,October
Deara Mouza,North 24 Pgs.,10/30/2025,22.637903,88.48252,46.25,25.63,46.25375,87.42041667,28.16166667,44,2025,October
Deara Mouza,North 24 Pgs.,10/31/2025,22.637903,88.48252,46.95833333,25.75,46.9575,81.00458333,29.41125,44,2025,October
Deara Mouza,North 24 Pgs.,11/1/2025,22.637903,88.48252,80.16666667,35.62041667,83.13833333,81.525,29.6425,44,2025,November
Deara Mouza,North 24 Pgs.,11/2/2025,22.637903,88.48252,87.33333333,31.46416667,91.54958333,80.89166667,27.13083333,44,2025,November
Deara Mouza,North 24 Pgs.,11/3/2025,22.637903,88.48252,129.375,55.27666667,147.2091667,73.81458333,27.27916667,45,2025,November
Deara Mouza,North 24 Pgs.,11/4/2025,22.637903,88.48252,207.2916667,92.17958333,203.5858333,77.78791667,26.60458333,45,2025,November
Deara Mouza,North 24 Pgs.,11/5/2025,22.637903,88.48252,215.25,94.56791667,184.3066667,72.24458333,27.5875,45,2025,November
Deara Mouza,North 24 Pgs.,11/6/2025,22.637903,88.48252,170,81.00458333,127.2720833,78.61708333,27.8075,45,2025,November
Deara Mouza,North 24 Pgs.,11/7/2025,22.637903,88.48252,173.3333333,81.98666667,136.4925,74.76458333,28.20333333,45,2025,November
Deara Mouza,North 24 Pgs.,11/8/2025,22.637903,88.48252,111.7083333,57.99541667,110.4329167,62.3275,26.58333333,45,2025,November
Deara Mouza,North 24 Pgs.,11/9/2025,22.637903,88.48252,138.5416667,68.31333333,135.3608333,61.4675,25.40875,45,2025,November
Deara Mouza,North 24 Pgs.,11/10/2025,22.637903,88.48252,169.5,81.9225,147.89625,68.86458333,25.22958333,46,2025,November
Deara Mouza,North 24 Pgs.,11/11/2025,22.637903,88.48252,181.4583333,87.41375,160.56125,66.28541667,24.45125,46,2025,November
Deara Mouza,North 24 Pgs.,11/12/2025,22.637903,88.48252,214.0833333,96.10833333,164.9266667,67.70625,23.78541667,46,2025,November
Deara Mouza,North 24 Pgs.,11/13/2025,22.637903,88.48252,180.2916667,84.69625,138.3325,69.73875,23.76958333,46,2025,November
Deara Mouza,North 24 Pgs.,11/14/2025,22.637903,88.48252,148.4166667,74.00708333,127.81875,71.07541667,23.29416667,46,2025,November
Deara Mouza,North 24 Pgs.,11/15/2025,22.637903,88.48252,120.6666667,64.80916667,114.595,72.43083333,23.70625,46,2025,November
Deara Mouza,North 24 Pgs.,11/16/2025,22.637903,88.48252,123.7916667,66.00666667,121.65125,71.41333333,23.67375,46,2025,November
Deara Mouza,North 24 Pgs.,11/17/2025,22.637903,88.48252,140.0833333,70.10916667,129.8766667,72.75416667,23.96083333,47,2025,November
Deara Mouza,North 24 Pgs.,11/18/2025,22.637903,88.48252,131.9583333,64.75708333,121.8783333,72.77541667,24.30541667,47,2025,November
Deara Mouza,North 24 Pgs.,11/19/2025,22.637903,88.48252,116.5,57.53458333,114.4970833,70.73458333,24.83625,47,2025,November
Deara Mouza,North 24 Pgs.,11/20/2025,22.637903,88.48252,150,71.84791667,145.83625,70.24,24.86458333,47,2025,November
Deara Mouza,North 24 Pgs.,11/21/2025,22.637903,88.48252,181.75,84.05416667,161.3916667,72.17041667,24.46583333,47,2025,November
Deara Mouza,North 24 Pgs.,11/22/2025,22.637903,88.48252,245.6666667,104.4845833,199.1391667,73.7525,24.13833333,47,2025,November
Deara Mouza,North 24 Pgs.,11/23/2025,22.637903,88.48252,236.3333333,101.0920833,186.2716667,73.93583333,23.99541667,47,2025,November
Deara Mouza,North 24 Pgs.,11/24/2025,22.637903,88.48252,217.6666667,95.68166667,188.0475,70.48083333,23.36375,48,2025,November
Deara Mouza,North 24 Pgs.,11/25/2025,22.637903,88.48252,245.5,107.8258333,206.4929167,69.225,22.415,48,2025,November
Deara Mouza,North 24 Pgs.,11/26/2025,22.637903,88.48252,211.8333333,93.74958333,186.9675,67.56625,21.96208333,48,2025,November
Deara Mouza,North 24 Pgs.,11/27/2025,22.637903,88.48252,196.0416667,89.38541667,169.8083333,73.50625,22.58958333,48,2025,November
Deara Mouza,North 24 Pgs.,11/28/2025,22.637903,88.48252,191.8333333,84.69458333,159.8958333,73.38291667,23.02583333,48,2025,November
Deara Mouza,North 24 Pgs.,11/29/2025,22.637903,88.48252,133.125,65.81041667,105.4641667,74.22166667,22.825,48,2025,November
Deara Mouza,North 24 Pgs.,11/30/2025,22.637903,88.48252,98.08333333,55.66583333,78.56375,75.69625,22.81291667,48,2025,November
Deara Mouza,North 24 Pgs.,12/1/2025,22.637903,88.48252,120,66.13,89.66,88.46,19.96,49,2025,December
Deepanjali Marriage Hall,North 24 Pgs.,8/31/2025,22.770382,88.37879,39.85,21.966,39.78,82.8785,30.824,35,2025,August
Deepanjali Marriage Hall,North 24 Pgs.,9/1/2025,22.770382,88.37879,46.58333333,25.35166667,46.53708333,77.3025,32.76958333,36,2025,September
Deepanjali Marriage Hall,North 24 Pgs.,9/2/2025,22.770382,88.37879,30.75,17.73,30.6425,87.07166667,29.2,36,2025,September
Deepanjali Marriage Hall,North 24 Pgs.,9/3/2025,22.770382,88.37879,29.70833333,17.16708333,29.74083333,87.49333333,29.01041667,36,2025,September
Deepanjali Marriage Hall,North 24 Pgs.,9/4/2025,22.770382,88.37879,33.9,19.103,33.8455,87.0525,29.4445,36,2025,September
Deepanjali Marriage Hall,North 24 Pgs.,9/5/2025,22.770382,88.37879,44.125,24.01,44.06208333,78.175,32.23333333,36,2025,September
Deepanjali Marriage Hall,North 24 Pgs.,9/6/2025,22.770382,88.37879,50.95833333,26.90916667,50.99583333,74.89333333,32.57541667,36,2025,September
Deepanjali Marriage Hall,North 24 Pgs.,9/7/2025,22.770382,88.37879,48.16666667,25.82208333,48.09416667,75.28791667,32.26,36,2025,September
Deepanjali Marriage Hall,North 24 Pgs.,9/8/2025,22.770382,88.37879,46.54166667,24.515,46.46333333,73.95708333,32.41708333,37,2025,September
Deepanjali Marriage Hall,North 24 Pgs.,9/9/2025,22.770382,88.37879,49.70833333,26.23041667,49.72208333,73.755,32.59916667,37,2025,September
Deepanjali Marriage Hall,North 24 Pgs.,9/10/2025,22.770382,88.37879,47.04166667,25.33125,47.06041667,74.5225,32.54583333,37,2025,September
Deepanjali Marriage Hall,North 24 Pgs.,9/11/2025,22.770382,88.37879,43.375,23.88583333,43.39,75.3125,32.7275,37,2025,September
Deepanjali Marriage Hall,North 24 Pgs.,9/12/2025,22.770382,88.37879,38.29166667,21.77625,38.36041667,81.45041667,31.11541667,37,2025,September
Deepanjali Marriage Hall,North 24 Pgs.,9/13/2025,22.770382,88.37879,36.625,20.36916667,36.53666667,77.4475,31.68875,37,2025,September
Deepanjali Marriage Hall,North 24 Pgs.,9/14/2025,22.770382,88.37879,39.75,22.33791667,39.60208333,87.00125,29.53166667,37,2025,September
Deepanjali Marriage Hall,North 24 Pgs.,9/15/2025,22.770382,88.37879,37.70833333,21.58416667,37.70875,89.97541667,28.85291667,38,2025,September
Deepanjali Marriage Hall,North 24 Pgs.,9/16/2025,22.770382,88.37879,41.58333333,23.78791667,41.57458333,89.83666667,28.69625,38,2025,September
Deepanjali Marriage Hall,North 24 Pgs.,9/17/2025,22.770382,88.37879,41.83333333,23.70833333,41.77416667,83.87625,30.25583333,38,2025,September
Deepanjali Marriage Hall,North 24 Pgs.,9/18/2025,22.770382,88.37879,41.875,23.47041667,41.85375,76.60916667,32.30416667,38,2025,September
Deepanjali Marriage Hall,North 24 Pgs.,9/19/2025,22.770382,88.37879,54.70833333,30.31916667,54.66833333,81.14833333,31.82125,38,2025,September
Deepanjali Marriage Hall,North 24 Pgs.,9/20/2025,22.770382,88.37879,60.54166667,33.75833333,60.44458333,86.36083333,30.09333333,38,2025,September
Deepanjali Marriage Hall,North 24 Pgs.,9/21/2025,22.770382,88.37879,64.95833333,36.85,65.03916667,79.6075,31.53041667,38,2025,September
Deepanjali Marriage Hall,North 24 Pgs.,9/22/2025,22.770382,88.37879,51.25,29.22375,51.2925,85.43041667,29.73541667,39,2025,September
Deepanjali Marriage Hall,North 24 Pgs.,9/23/2025,22.770382,88.37879,41.45833333,23.79958333,41.46625,88.85708333,28.775,39,2025,September
Deepanjali Marriage Hall,North 24 Pgs.,9/24/2025,22.770382,88.37879,43.125,24.63791667,43.22958333,81.30208333,31.1175,39,2025,September
Deepanjali Marriage Hall,North 24 Pgs.,9/25/2025,22.770382,88.37879,42.5,23.93833333,42.55875,82.4625,31.06208333,39,2025,September
Deepanjali Marriage Hall,North 24 Pgs.,9/26/2025,22.770382,88.37879,35.91666667,20.71333333,35.89458333,84.18541667,30.7725,39,2025,September
Deepanjali Marriage Hall,North 24 Pgs.,9/27/2025,22.770382,88.37879,35.75,20.12666667,35.74791667,80.32583333,31.59416667,39,2025,September
Deepanjali Marriage Hall,North 24 Pgs.,9/28/2025,22.770382,88.37879,36.83333333,20.39083333,36.90625,77.05291667,32.03541667,39,2025,September
Deepanjali Marriage Hall,North 24 Pgs.,9/29/2025,22.770382,88.37879,45,23.73166667,44.94041667,76.2075,32.38083333,40,2025,September
Deepanjali Marriage Hall,North 24 Pgs.,9/30/2025,22.770382,88.37879,47.20833333,25.99708333,47.26458333,77.28333333,32.17916667,40,2025,September
Deepanjali Marriage Hall,North 24 Pgs.,10/1/2025,22.770382,88.37879,39.79166667,22.37791667,39.80375,78.97625,31.04041667,40,2025,October
Deepanjali Marriage Hall,North 24 Pgs.,10/2/2025,22.770382,88.37879,30.25,17.46833333,30.20583333,92.00583333,28.35541667,40,2025,October
Deepanjali Marriage Hall,North 24 Pgs.,10/3/2025,22.770382,88.37879,35.58333333,20.27,35.60791667,93.89166667,28.09416667,40,2025,October
Deepanjali Marriage Hall,North 24 Pgs.,10/4/2025,22.770382,88.37879,38.70833333,21.87875,38.69791667,85.96125,30.06958333,40,2025,October
Deepanjali Marriage Hall,North 24 Pgs.,10/5/2025,22.770382,88.37879,36.54166667,21.00833333,36.53875,87.74125,28.65541667,40,2025,October
Deepanjali Marriage Hall,North 24 Pgs.,10/6/2025,22.770382,88.37879,54.58333333,30.85666667,54.67541667,86.27791667,28.89041667,41,2025,October
Deepanjali Marriage Hall,North 24 Pgs.,10/7/2025,22.770382,88.37879,56.41666667,32.09041667,56.45083333,83.08333333,29.84625,41,2025,October
Deepanjali Marriage Hall,North 24 Pgs.,10/8/2025,22.770382,88.37879,62.08333333,35.23291667,61.98125,87.72541667,28.72916667,41,2025,October
Deepanjali Marriage Hall,North 24 Pgs.,10/9/2025,22.770382,88.37879,67.08333333,37.99708333,67.03166667,85.80416667,29.24875,41,2025,October
Deepanjali Marriage Hall,North 24 Pgs.,10/10/2025,22.770382,88.37879,61.04166667,34.72291667,60.97916667,87.22541667,28.64125,41,2025,October
Deepanjali Marriage Hall,North 24 Pgs.,10/11/2025,22.770382,88.37879,54.25,29.79541667,54.17458333,80.34833333,29.8125,41,2025,October
Deepanjali Marriage Hall,North 24 Pgs.,10/12/2025,22.770382,88.37879,62.125,33.40083333,62.25166667,76.37791667,30.44541667,41,2025,October
Deepanjali Marriage Hall,North 24 Pgs.,10/13/2025,22.770382,88.37879,63.75,33.91625,63.74333333,72.59833333,30.29625,42,2025,October
Deepanjali Marriage Hall,North 24 Pgs.,10/14/2025,22.770382,88.37879,69,36.51416667,68.89666667,72.4475,30.12208333,42,2025,October
Deepanjali Marriage Hall,North 24 Pgs.,10/15/2025,22.770382,88.37879,69.58333333,37.36583333,69.59333333,69.30375,29.94458333,42,2025,October
Deepanjali Marriage Hall,North 24 Pgs.,10/16/2025,22.770382,88.37879,72.66666667,38.77,72.65,68.59208333,29.58458333,42,2025,October
Deepanjali Marriage Hall,North 24 Pgs.,10/17/2025,22.770382,88.37879,83.625,45.2325,83.66833333,71.14958333,30.04791667,42,2025,October
Deepanjali Marriage Hall,North 24 Pgs.,10/18/2025,22.770382,88.37879,77.66666667,42.49833333,77.6475,72.43083333,30.72166667,42,2025,October
Deepanjali Marriage Hall,North 24 Pgs.,10/19/2025,22.770382,88.37879,72.58333333,39.74666667,72.57583333,74.17791667,31.38541667,42,2025,October
Deepanjali Marriage Hall,North 24 Pgs.,10/20/2025,22.770382,88.37879,75.5,41.07458333,74.11625,75.31833333,31.29041667,43,2025,October
Deepanjali Marriage Hall,North 24 Pgs.,10/21/2025,22.770382,88.37879,88.91666667,48.28791667,87.75708333,71.68166667,30.87708333,43,2025,October
Deepanjali Marriage Hall,North 24 Pgs.,10/22/2025,22.770382,88.37879,88.29166667,47.97833333,88.6875,71.59916667,30.67,43,2025,October
Deepanjali Marriage Hall,North 24 Pgs.,10/23/2025,22.770382,88.37879,73.125,39.85666667,73.1925,69.40708333,30.83208333,43,2025,October
Deepanjali Marriage Hall,North 24 Pgs.,10/24/2025,22.770382,88.37879,72.375,39.59625,72.38291667,68.95583333,30.75041667,43,2025,October
Deepanjali Marriage Hall,North 24 Pgs.,10/25/2025,22.770382,88.37879,80.70833333,44.43083333,80.71958333,70.47,30.92166667,43,2025,October
Deepanjali Marriage Hall,North 24 Pgs.,10/26/2025,22.770382,88.37879,75.54166667,41.54583333,75.47125,75.08416667,30.6775,43,2025,October
Deepanjali Marriage Hall,North 24 Pgs.,10/27/2025,22.770382,88.37879,71.83333333,40.4325,71.85916667,74.64666667,30.93166667,44,2025,October
Deepanjali Marriage Hall,North 24 Pgs.,10/28/2025,22.770382,88.37879,59.75,33.71416667,59.84875,76.08958333,30.43708333,44,2025,October
Deepanjali Marriage Hall,North 24 Pgs.,10/29/2025,22.770382,88.37879,37.79166667,21.59333333,37.83083333,91.55208333,27.09875,44,2025,October
Deepanjali Marriage Hall,North 24 Pgs.,10/30/2025,22.770382,88.37879,35.875,20.4725,35.82666667,86.18083333,28.68083333,44,2025,October
Deepanjali Marriage Hall,North 24 Pgs.,10/31/2025,22.770382,88.37879,42.66666667,23.92916667,42.59916667,80.72166667,30.02583333,44,2025,October
Deepanjali Marriage Hall,North 24 Pgs.,11/1/2025,22.770382,88.37879,47.125,26.1,47.14708333,80.355,30.28,44,2025,November
Deepanjali Marriage Hall,North 24 Pgs.,11/2/2025,22.770382,88.37879,36.91666667,20.30875,36.90583333,80.16208333,27.64708333,44,2025,November
Deepanjali Marriage Hall,North 24 Pgs.,11/3/2025,22.770382,88.37879,66.66666667,35.99583333,66.66083333,72.72375,28.26958333,45,2025,November
Deepanjali Marriage Hall,North 24 Pgs.,11/4/2025,22.770382,88.37879,120.125,65.2825,119.2545833,75.90041667,27.36458333,45,2025,November
Deepanjali Marriage Hall,North 24 Pgs.,11/5/2025,22.770382,88.37879,121.5833333,63.67833333,115.75125,72.37291667,27.97833333,45,2025,November
Deepanjali Marriage Hall,North 24 Pgs.,11/6/2025,22.770382,88.37879,109.9166667,59.005,108.2970833,73.58041667,28.72083333,45,2025,November
Deepanjali Marriage Hall,North 24 Pgs.,11/7/2025,22.770382,88.37879,97.04166667,52.6425,97.39666667,70.96666667,29.16291667,45,2025,November
Deepanjali Marriage Hall,North 24 Pgs.,11/8/2025,22.770382,88.37879,62.625,33.16375,62.64666667,58.34666667,27.77208333,45,2025,November
Deepanjali Marriage Hall,North 24 Pgs.,11/9/2025,22.770382,88.37879,66.5,34.97208333,66.50625,58.96958333,26.32291667,45,2025,November
Deepanjali Marriage Hall,North 24 Pgs.,11/10/2025,22.770382,88.37879,84.91666667,45.75541667,84.93458333,64.42916667,26.21458333,46,2025,November
Deepanjali Marriage Hall,North 24 Pgs.,11/11/2025,22.770382,88.37879,84.16666667,45.15041667,84.20208333,61.65625,25.42708333,46,2025,November
Deepanjali Marriage Hall,North 24 Pgs.,11/12/2025,22.770382,88.37879,98.04166667,53.23625,98.78041667,62.43666667,24.79916667,46,2025,November
Deepanjali Marriage Hall,North 24 Pgs.,11/13/2025,22.770382,88.37879,95.25,52.08125,96.25166667,64.76625,24.82041667,46,2025,November
Deepanjali Marriage Hall,North 24 Pgs.,11/14/2025,22.770382,88.37879,88.58333333,48.01125,88.74166667,65.49208333,24.7175,46,2025,November
Deepanjali Marriage Hall,North 24 Pgs.,11/15/2025,22.770382,88.37879,84.375,45.2925,84.62375,64.87875,25.21041667,46,2025,November
Deepanjali Marriage Hall,North 24 Pgs.,11/16/2025,22.770382,88.37879,87.58333333,47.54541667,88.11833333,65.81791667,25.03666667,46,2025,November
Deepanjali Marriage Hall,North 24 Pgs.,11/17/2025,22.770382,88.37879,85.375,46.19291667,85.51458333,66.03458333,25.53125,47,2025,November
Deepanjali Marriage Hall,North 24 Pgs.,11/18/2025,22.770382,88.37879,76.25,40.19375,76.72833333,66.43333333,25.89458333,47,2025,November
Deepanjali Marriage Hall,North 24 Pgs.,11/19/2025,22.770382,88.37879,69.875,36.8025,70.28291667,64.355,26.38958333,47,2025,November
Deepanjali Marriage Hall,North 24 Pgs.,11/20/2025,22.770382,88.37879,79.25,42.06333333,79.51541667,63.72375,26.30541667,47,2025,November
Deepanjali Marriage Hall,North 24 Pgs.,11/21/2025,22.770382,88.37879,93.54166667,50.80125,94.04458333,65.14583333,25.76333333,47,2025,November
Deepanjali Marriage Hall,North 24 Pgs.,11/22/2025,22.770382,88.37879,113.0416667,60.62666667,111.8904167,68.18333333,25.28166667,47,2025,November
Deepanjali Marriage Hall,North 24 Pgs.,11/23/2025,22.770382,88.37879,112.5416667,59.37875,108.9045833,69.70041667,25.20291667,47,2025,November
Deepanjali Marriage Hall,North 24 Pgs.,11/24/2025,22.770382,88.37879,103.5416667,57.51375,105.5879167,67.48125,24.355,48,2025,November
Deepanjali Marriage Hall,North 24 Pgs.,11/25/2025,22.770382,88.37879,106.2916667,58.035,107.9141667,63.66333333,23.49625,48,2025,November
Deepanjali Marriage Hall,North 24 Pgs.,11/26/2025,22.770382,88.37879,92.20833333,49.535,92.48625,60.87125,23.26166667,48,2025,November
Deepanjali Marriage Hall,North 24 Pgs.,11/27/2025,22.770382,88.37879,83.5,44.93833333,84.00416667,68.20166667,23.92666667,48,2025,November
Deepanjali Marriage Hall,North 24 Pgs.,11/28/2025,22.770382,88.37879,90.20833333,46.96083333,90.76416667,68.91833333,24.81791667,48,2025,November
Deepanjali Marriage Hall,North 24 Pgs.,11/29/2025,22.770382,88.37879,88.625,47.2775,90.03541667,68.83916667,24.24666667,48,2025,November
Deepanjali Marriage Hall,North 24 Pgs.,11/30/2025,22.770382,88.37879,98.875,53.89708333,100.1258333,69.74833333,24.08,48,2025,November
Deepanjali Marriage Hall,North 24 Pgs.,12/1/2025,22.770382,88.37879,150,74.91,141.87,86.29,21.11,49,2025,December
Dhuliya Gram Panchayat,North 24 Pgs.,8/31/2025,22.579667,88.248468,46.54166667,26.7425,46.52416667,74.85125,32.12041667,35,2025,August
Dhuliya Gram Panchayat,North 24 Pgs.,9/1/2025,22.579667,88.248468,65.25,37.16708333,65.25041667,77.44291667,32.27041667,36,2025,September
Dhuliya Gram Panchayat,North 24 Pgs.,9/2/2025,22.579667,88.248468,36.95833333,21.72166667,36.91875,84.29291667,29.13333333,36,2025,September
Dhuliya Gram Panchayat,North 24 Pgs.,9/3/2025,22.579667,88.248468,34.125,20.145,34.08375,85.64083333,28.97,36,2025,September
Dhuliya Gram Panchayat,North 24 Pgs.,9/4/2025,22.579667,88.248468,39.04166667,22.8925,39.08666667,82.21583333,30.36333333,36,2025,September
Dhuliya Gram Panchayat,North 24 Pgs.,9/5/2025,22.579667,88.248468,52.25,30.05958333,52.27708333,78.35458333,31.33541667,36,2025,September
Dhuliya Gram Panchayat,North 24 Pgs.,9/6/2025,22.579667,88.248468,59.33333333,33.4,59.335,75.36,32.275,36,2025,September
Dhuliya Gram Panchayat,North 24 Pgs.,9/7/2025,22.579667,88.248468,53.875,30.85041667,53.86666667,74.40541667,32.27166667,36,2025,September
Dhuliya Gram Panchayat,North 24 Pgs.,9/8/2025,22.579667,88.248468,53.625,30.30583333,53.55791667,71.71291667,32.70125,37,2025,September
Dhuliya Gram Panchayat,North 24 Pgs.,9/9/2025,22.579667,88.248468,54.95833333,31.24791667,54.93625,72.49708333,32.91375,37,2025,September
Dhuliya Gram Panchayat,North 24 Pgs.,9/10/2025,22.579667,88.248468,54,30.95333333,54.01916667,71.03,33.14,37,2025,September
Dhuliya Gram Panchayat,North 24 Pgs.,9/11/2025,22.579667,88.248468,53.08333333,30.71708333,53.21125,74.475,32.55625,37,2025,September
Dhuliya Gram Panchayat,North 24 Pgs.,9/12/2025,22.579667,88.248468,53.20833333,30.85541667,53.15083333,80.97666667,30.82541667,37,2025,September
Dhuliya Gram Panchayat,North 24 Pgs.,9/13/2025,22.579667,88.248468,40.91666667,23.75958333,40.89458333,78.79833333,31.08916667,37,2025,September
Dhuliya Gram Panchayat,North 24 Pgs.,9/14/2025,22.579667,88.248468,43.16666667,25.26958333,43.10583333,81.46583333,30.55583333,37,2025,September
Dhuliya Gram Panchayat,North 24 Pgs.,9/15/2025,22.579667,88.248468,43.20833333,25.43958333,43.27166667,83.63875,29.75125,38,2025,September
Dhuliya Gram Panchayat,North 24 Pgs.,9/16/2025,22.579667,88.248468,46.70833333,27.33333333,46.61458333,82.53416667,29.88,38,2025,September
Dhuliya Gram Panchayat,North 24 Pgs.,9/17/2025,22.579667,88.248468,50.125,29.12875,50.095,79.71291667,30.83666667,38,2025,September
Dhuliya Gram Panchayat,North 24 Pgs.,9/18/2025,22.579667,88.248468,52.20833333,30.16583333,52.42625,75.81708333,32.1875,38,2025,September
Dhuliya Gram Panchayat,North 24 Pgs.,9/19/2025,22.579667,88.248468,76.58333333,43.23833333,74.94625,80.39125,31.66458333,38,2025,September
Dhuliya Gram Panchayat,North 24 Pgs.,9/20/2025,22.579667,88.248468,79.20833333,45.73291667,79.32458333,83.66666667,30.3825,38,2025,September
Dhuliya Gram Panchayat,North 24 Pgs.,9/21/2025,22.579667,88.248468,103.7916667,57.74625,100.33125,77.45416667,31.62208333,38,2025,September
Dhuliya Gram Panchayat,North 24 Pgs.,9/22/2025,22.579667,88.248468,84.83333333,47.57125,82.34541667,81.64541667,30.22625,39,2025,September
Dhuliya Gram Panchayat,North 24 Pgs.,9/23/2025,22.579667,88.248468,54.5,32.03416667,54.495,86.00083333,28.91416667,39,2025,September
Dhuliya Gram Panchayat,North 24 Pgs.,9/24/2025,22.579667,88.248468,65.04166667,37.80375,64.98625,79.10083333,30.9225,39,2025,September
Dhuliya Gram Panchayat,North 24 Pgs.,9/25/2025,22.579667,88.248468,61.5,35.35708333,61.55291667,75.85291667,31.97083333,39,2025,September
Dhuliya Gram Panchayat,North 24 Pgs.,9/26/2025,22.579667,88.248468,50.125,29.16875,50.1925,78.87291667,31.23875,39,2025,September
Dhuliya Gram Panchayat,North 24 Pgs.,9/27/2025,22.579667,88.248468,42.91666667,25.00375,42.84958333,79.48291667,30.87041667,39,2025,September
Dhuliya Gram Panchayat,North 24 Pgs.,9/28/2025,22.579667,88.248468,42.66666667,24.81625,42.77791667,76.78375,31.96166667,39,2025,September
Dhuliya Gram Panchayat,North 24 Pgs.,9/29/2025,22.579667,88.248468,56.54166667,32.37291667,56.55583333,74.57541667,32.41541667,40,2025,September
Dhuliya Gram Panchayat,North 24 Pgs.,9/30/2025,22.579667,88.248468,60.25,34.64541667,60.10958333,75.75166667,32.23125,40,2025,September
Dhuliya Gram Panchayat,North 24 Pgs.,10/1/2025,22.579667,88.248468,43.08333333,25.19375,43.10625,76.88708333,30.94416667,40,2025,October
Dhuliya Gram Panchayat,North 24 Pgs.,10/2/2025,22.579667,88.248468,32.83333333,19.41208333,32.78,85.505,29.09583333,40,2025,October
Dhuliya Gram Panchayat,North 24 Pgs.,10/3/2025,22.579667,88.248468,42.41666667,24.83625,42.40416667,84.105,29.77708333,40,2025,October
Dhuliya Gram Panchayat,North 24 Pgs.,10/4/2025,22.579667,88.248468,47.66666667,27.7025,47.66041667,80.65375,30.94375,40,2025,October
Dhuliya Gram Panchayat,North 24 Pgs.,10/5/2025,22.579667,88.248468,44.91666667,26.29541667,44.93,82.91208333,29.20875,40,2025,October
Dhuliya Gram Panchayat,North 24 Pgs.,10/6/2025,22.579667,88.248468,69.5,39.78958333,68.72583333,81.85458333,29.40708333,41,2025,October
Dhuliya Gram Panchayat,North 24 Pgs.,10/7/2025,22.579667,88.248468,81.33333333,47.24708333,81.59541667,78.55833333,30.675,41,2025,October
Dhuliya Gram Panchayat,North 24 Pgs.,10/8/2025,22.579667,88.248468,82.41666667,46.68833333,80.66375,81.62166667,29.34875,41,2025,October
Dhuliya Gram Panchayat,North 24 Pgs.,10/9/2025,22.579667,88.248468,89.41666667,51.21416667,88.76583333,79.24208333,29.99083333,41,2025,October
Dhuliya Gram Panchayat,North 24 Pgs.,10/10/2025,22.579667,88.248468,93.47619048,53.71428571,93.03571429,80.34285714,29.59333333,41,2025,October
Dhuliya Gram Panchayat,North 24 Pgs.,10/11/2025,22.579667,88.248468,83.625,47.5875,83.82541667,76.81208333,29.84791667,41,2025,October
Dhuliya Gram Panchayat,North 24 Pgs.,10/12/2025,22.579667,88.248468,81.75,46.22958333,82.05625,71.83583333,30.49291667,41,2025,October
Dhuliya Gram Panchayat,North 24 Pgs.,10/13/2025,22.579667,88.248468,96.125,54.3475,96.02916667,69.31,30.31875,42,2025,October
Dhuliya Gram Panchayat,North 24 Pgs.,10/14/2025,22.579667,88.248468,97.58333333,55.53791667,97.88708333,68.385,30.13625,42,2025,October
Dhuliya Gram Panchayat,North 24 Pgs.,10/15/2025,22.579667,88.248468,101.75,57.02458333,99.94958333,66.00666667,30.02916667,42,2025,October
Dhuliya Gram Panchayat,North 24 Pgs.,10/16/2025,22.579667,88.248468,124.4583333,64.51458333,113.53875,63.54291667,29.89625,42,2025,October
Dhuliya Gram Panchayat,North 24 Pgs.,10/17/2025,22.579667,88.248468,128.5416667,67.52833333,118.0370833,65.86041667,30.56208333,42,2025,October
Dhuliya Gram Panchayat,North 24 Pgs.,10/18/2025,22.579667,88.248468,123.3333333,65.53291667,113.9879167,68.37,31.20916667,42,2025,October
Dhuliya Gram Panchayat,North 24 Pgs.,10/19/2025,22.579667,88.248468,101.625,55.70458333,96.97666667,70.30583333,31.61125,42,2025,October
Dhuliya Gram Panchayat,North 24 Pgs.,10/20/2025,22.579667,88.248468,130.1666667,66.595,115.6079167,71.01833333,31.45958333,43,2025,October
Dhuliya Gram Panchayat,North 24 Pgs.,10/21/2025,22.579667,88.248468,167,79.14583333,137.6183333,67.9,31.17,43,2025,October
Dhuliya Gram Panchayat,North 24 Pgs.,10/22/2025,22.579667,88.248468,168.125,79.99416667,139.3125,67.19041667,31.07208333,43,2025,October
Dhuliya Gram Panchayat,North 24 Pgs.,10/23/2025,22.579667,88.248468,130.875,66.21916667,115.07125,64.40375,31.37791667,43,2025,October
Dhuliya Gram Panchayat,North 24 Pgs.,10/24/2025,22.579667,88.248468,141.375,71.05541667,123.7175,63.84708333,31.38916667,43,2025,October
Dhuliya Gram Panchayat,North 24 Pgs.,10/25/2025,22.579667,88.248468,132.1666667,67.64541667,117.47875,65.44958333,31.40208333,43,2025,October
Dhuliya Gram Panchayat,North 24 Pgs.,10/26/2025,22.579667,88.248468,111.4166667,61.27416667,105.8520833,73.7325,30.46291667,43,2025,October
Dhuliya Gram Panchayat,North 24 Pgs.,10/27/2025,22.579667,88.248468,133.5,67.11541667,116.315,70.36833333,31.57208333,44,2025,October
Dhuliya Gram Panchayat,North 24 Pgs.,10/28/2025,22.579667,88.248468,105.625,53.48875,92.60208333,73.34666667,30.94166667,44,2025,October
Dhuliya Gram Panchayat,North 24 Pgs.,10/29/2025,22.579667,88.248468,55.33333333,32.35625,55.3375,84.8675,28.3225,44,2025,October
Dhuliya Gram Panchayat,North 24 Pgs.,10/30/2025,22.579667,88.248468,53.29166667,31.17166667,53.25666667,80.80208333,29.60875,44,2025,October
Dhuliya Gram Panchayat,North 24 Pgs.,10/31/2025,22.579667,88.248468,45.91666667,26.94791667,45.86,77.78041667,30.52041667,44,2025,October
Dhuliya Gram Panchayat,North 24 Pgs.,11/1/2025,22.579667,88.248468,59.875,34.96333333,59.87791667,78.245,30.40291667,44,2025,November
Dhuliya Gram Panchayat,North 24 Pgs.,11/2/2025,22.579667,88.248468,48.79166667,28.66125,48.86125,76.49916667,28.12291667,44,2025,November
Dhuliya Gram Panchayat,North 24 Pgs.,11/3/2025,22.579667,88.248468,122.125,61.19333333,106.4383333,67.33666667,28.65125,45,2025,November
Dhuliya Gram Panchayat,North 24 Pgs.,11/4/2025,22.579667,88.248468,251.5,106.7795833,185.7966667,69.57416667,27.725,45,2025,November
Dhuliya Gram Panchayat,North 24 Pgs.,11/5/2025,22.579667,88.248468,240.625,103.1604167,160.1225,67.88625,28.15625,45,2025,November
Dhuliya Gram Panchayat,North 24 Pgs.,11/6/2025,22.579667,88.248468,174.125,82.2125,105.16,69.27041667,29.21541667,45,2025,November
Dhuliya Gram Panchayat,North 24 Pgs.,11/7/2025,22.579667,88.248468,184.0833333,85.36208333,108.9004167,67.16291667,29.22916667,45,2025,November
Dhuliya Gram Panchayat,North 24 Pgs.,11/8/2025,22.579667,88.248468,95,54.63291667,73.38916667,55.41458333,27.56125,45,2025,November
Dhuliya Gram Panchayat,North 24 Pgs.,11/9/2025,22.579667,88.248468,132.9583333,69.05,95.22958333,54.97541667,26.35583333,45,2025,November
Dhuliya Gram Panchayat,North 24 Pgs.,11/10/2025,22.579667,88.248468,158.9583333,77.56041667,102.10625,58.53083333,26.58791667,46,2025,November
Dhuliya Gram Panchayat,North 24 Pgs.,11/11/2025,22.579667,88.248468,182.75,84.81375,114.5970833,56.01958333,25.97666667,46,2025,November
Dhuliya Gram Panchayat,North 24 Pgs.,11/12/2025,22.579667,88.248468,215.5,97.43041667,134.4858333,56.4725,25.55625,46,2025,November
Dhuliya Gram Panchayat,North 24 Pgs.,11/13/2025,22.579667,88.248468,197.5833333,90.25833333,125.0266667,57.17458333,25.51708333,46,2025,November
Dhuliya Gram Panchayat,North 24 Pgs.,11/14/2025,22.579667,88.248468,191.5,87.53083333,120.9645833,58.095,25.44625,46,2025,November
Dhuliya Gram Panchayat,North 24 Pgs.,11/15/2025,22.579667,88.248468,170.75,80.93041667,109.97125,58.84708333,25.7625,46,2025,November
Dhuliya Gram Panchayat,North 24 Pgs.,11/16/2025,22.579667,88.248468,204.1666667,91.23333333,128.6233333,67.37833333,22.82666667,46,2025,November
Dhuliya Gram Panchayat,North 24 Pgs.,11/17/2025,22.579667,88.248468,196.8333333,87.86166667,115.74,61.79833333,26.59,47,2025,November
Dhuliya Gram Panchayat,North 24 Pgs.,11/18/2025,22.579667,88.248468,153.1666667,73.17583333,100.8733333,61.32708333,26.25666667,47,2025,November
Dhuliya Gram Panchayat,North 24 Pgs.,11/19/2025,22.579667,88.248468,167.625,76.9025,107.67,59.76208333,26.89125,47,2025,November
Dhuliya Gram Panchayat,North 24 Pgs.,11/20/2025,22.579667,88.248468,182.25,84.76166667,114.4633333,56.50708333,27.00083333,47,2025,November
Dhuliya Gram Panchayat,North 24 Pgs.,11/21/2025,22.579667,88.248468,218.7916667,97.88291667,130.8620833,59.64166667,26.59291667,47,2025,November
Dhuliya Gram Panchayat,North 24 Pgs.,11/22/2025,22.579667,88.248468,262.7916667,110.8316667,148.6808333,63.4525,26.03375,47,2025,November
Dhuliya Gram Panchayat,North 24 Pgs.,11/23/2025,22.579667,88.248468,259.9166667,115.9841667,158.465,63.57875,25.97958333,47,2025,November
Dhuliya Gram Panchayat,North 24 Pgs.,11/24/2025,22.579667,88.248468,254.5416667,110.72875,151.5720833,62.08041667,25.27791667,48,2025,November
Dhuliya Gram Panchayat,North 24 Pgs.,11/25/2025,22.579667,88.248468,248.125,108.3175,154.9829167,58.01208333,24.06333333,48,2025,November
Dhuliya Gram Panchayat,North 24 Pgs.,11/26/2025,22.579667,88.248468,226.375,101.8004167,148.7808333,56.82333333,23.6975,48,2025,November
Dhuliya Gram Panchayat,North 24 Pgs.,11/27/2025,22.579667,88.248468,179.4166667,82.36708333,117.83,61.54625,24.45541667,48,2025,November
Dhuliya Gram Panchayat,North 24 Pgs.,11/28/2025,22.579667,88.248468,179.25,82.04458333,115.8275,61.25583333,25.33791667,48,2025,November
Dhuliya Gram Panchayat,North 24 Pgs.,11/29/2025,22.579667,88.248468,200.9166667,90.13416667,124.5075,62.05458333,24.97458333,48,2025,November
Dhuliya Gram Panchayat,North 24 Pgs.,11/30/2025,22.579667,88.248468,205.4583333,91.9425,126.32625,63.7525,24.7675,48,2025,November
Dhuliya Gram Panchayat,North 24 Pgs.,12/1/2025,22.579667,88.248468,288,116.29,159.1,76.37,23.34,49,2025,December
Dinabandhu College,North 24 Pgs.,8/31/2025,23.0565507,88.8262995,34.66666667,19.68458333,34.60333333,76.24625,32.40125,35,2025,August
Dinabandhu College,North 24 Pgs.,9/1/2025,23.0565507,88.8262995,42.29166667,24.05708333,42.28083333,77.08291667,32.95666667,36,2025,September
Dinabandhu College,North 24 Pgs.,9/2/2025,23.0565507,88.8262995,30.91666667,17.65958333,30.91333333,85.35333333,29.565,36,2025,September
Dinabandhu College,North 24 Pgs.,9/3/2025,23.0565507,88.8262995,30.41666667,17.44041667,30.48958333,85.09541667,29.16416667,36,2025,September
Dinabandhu College,North 24 Pgs.,9/4/2025,23.0565507,88.8262995,32.79166667,18.81708333,32.78416667,83.20916667,30.52208333,36,2025,September
Dinabandhu College,North 24 Pgs.,9/5/2025,23.0565507,88.8262995,38.16666667,21.81416667,38.18375,81.02958333,31.37333333,36,2025,September
Dinabandhu College,North 24 Pgs.,9/6/2025,23.0565507,88.8262995,40.875,22.7625,40.81083333,75.21541667,32.58666667,36,2025,September
Dinabandhu College,North 24 Pgs.,9/7/2025,23.0565507,88.8262995,40.16666667,22.30291667,40.06791667,75.69875,32.25666667,36,2025,September
Dinabandhu College,North 24 Pgs.,9/8/2025,23.0565507,88.8262995,39.20833333,21.55083333,39.25875,72.8425,32.74541667,37,2025,September
Dinabandhu College,North 24 Pgs.,9/9/2025,23.0565507,88.8262995,41.45833333,22.81541667,41.43791667,73.10583333,32.57125,37,2025,September
Dinabandhu College,North 24 Pgs.,9/10/2025,23.0565507,88.8262995,41.70833333,22.92125,41.68833333,71.97583333,32.92333333,37,2025,September
Dinabandhu College,North 24 Pgs.,9/11/2025,23.0565507,88.8262995,42.08333333,22.97166667,42.12333333,76.11916667,32.54375,37,2025,September
Dinabandhu College,North 24 Pgs.,9/12/2025,23.0565507,88.8262995,39.5,21.39041667,39.51166667,79.73416667,31.57791667,37,2025,September
Dinabandhu College,North 24 Pgs.,9/13/2025,23.0565507,88.8262995,35.25,19.77208333,35.26666667,75.75583333,32.23708333,37,2025,September
Dinabandhu College,North 24 Pgs.,9/14/2025,23.0565507,88.8262995,36.5,20.20333333,36.42541667,82.75041667,30.48333333,37,2025,September
Dinabandhu College,North 24 Pgs.,9/15/2025,23.0565507,88.8262995,36.69565217,20.83173913,36.69869565,87.73478261,29.33130435,38,2025,September
Dinabandhu College,North 24 Pgs.,9/16/2025,23.0565507,88.8262995,41.28571429,23.65714286,41.28571429,91.75428571,27.66142857,38,2025,September
Dinabandhu College,North 24 Pgs.,9/17/2025,23.0565507,88.8262995,37.25,21.37541667,37.18916667,83.68416667,30.20666667,38,2025,September
Dinabandhu College,North 24 Pgs.,9/18/2025,23.0565507,88.8262995,43.79166667,25.12125,43.83375,75.72,32.48,38,2025,September
Dinabandhu College,North 24 Pgs.,9/19/2025,23.0565507,88.8262995,44.58333333,25.65291667,44.58125,79.37208333,31.33625,38,2025,September
Dinabandhu College,North 24 Pgs.,9/20/2025,23.0565507,88.8262995,52.66666667,30.31333333,52.59875,84.44833333,30.50916667,38,2025,September
Dinabandhu College,North 24 Pgs.,9/21/2025,23.0565507,88.8262995,58.79166667,33.85958333,58.86875,80.26,31.47458333,38,2025,September
Dinabandhu College,North 24 Pgs.,9/22/2025,23.0565507,88.8262995,45.58333333,26.195,45.51625,86.0125,29.57958333,39,2025,September
Dinabandhu College,North 24 Pgs.,9/23/2025,23.0565507,88.8262995,35.20833333,20.01958333,35.18375,82.18666667,30.13708333,39,2025,September
Dinabandhu College,North 24 Pgs.,9/24/2025,23.0565507,88.8262995,38.16666667,21.14958333,38.11041667,77.51125,31.77875,39,2025,September
Dinabandhu College,North 24 Pgs.,9/25/2025,23.0565507,88.8262995,40.83333333,22.93333333,40.81333333,76.9625,32.41458333,39,2025,September
Dinabandhu College,North 24 Pgs.,9/26/2025,23.0565507,88.8262995,38.33333333,20.88,38.33416667,78.53916667,31.63625,39,2025,September
Dinabandhu College,North 24 Pgs.,9/27/2025,23.0565507,88.8262995,40.20833333,22.2,40.14875,77.88916667,31.69958333,39,2025,September
Dinabandhu College,North 24 Pgs.,9/28/2025,23.0565507,88.8262995,40.375,22.05083333,40.50708333,75.915,32.32166667,39,2025,September
Dinabandhu College,North 24 Pgs.,9/29/2025,23.0565507,88.8262995,37.80952381,21.50714286,37.83761905,74.12142857,32.99666667,40,2025,September
Dinabandhu College,North 24 Pgs.,9/30/2025,23.0565507,88.8262995,41.57142857,23.43357143,41.65428571,73.40642857,32.10071429,40,2025,September
Dinabandhu College,North 24 Pgs.,10/1/2025,23.0565507,88.8262995,43,23.32958333,42.90541667,84.30625,29.81625,40,2025,October
Dinabandhu College,North 24 Pgs.,10/2/2025,23.0565507,88.8262995,31.45833333,17.90291667,31.54625,87.68833333,28.75333333,40,2025,October
Dinabandhu College,North 24 Pgs.,10/3/2025,23.0565507,88.8262995,36.70833333,20.95375,36.62791667,90.34,28.26,40,2025,October
Dinabandhu College,North 24 Pgs.,10/4/2025,23.0565507,88.8262995,40.66666667,23.03833333,40.74333333,84.61541667,29.91083333,40,2025,October
Dinabandhu College,North 24 Pgs.,10/5/2025,23.0565507,88.8262995,36.375,20.84041667,36.50458333,86.79,28.73833333,40,2025,October
Dinabandhu College,North 24 Pgs.,10/6/2025,23.0565507,88.8262995,41.41666667,23.83541667,41.42125,82.79708333,29.53291667,41,2025,October
Dinabandhu College,North 24 Pgs.,10/7/2025,23.0565507,88.8262995,57.375,32.885,57.27875,81.42333333,30.02916667,41,2025,October
Dinabandhu College,North 24 Pgs.,10/8/2025,23.0565507,88.8262995,51.29166667,29.47458333,51.28541667,81.53625,29.70916667,41,2025,October
Dinabandhu College,North 24 Pgs.,10/9/2025,23.0565507,88.8262995,56.20833333,31.96083333,56.155,81.82,29.90583333,41,2025,October
Dinabandhu College,North 24 Pgs.,10/10/2025,23.0565507,88.8262995,46.45833333,26.67375,46.47,83.59083333,28.92166667,41,2025,October
Dinabandhu College,North 24 Pgs.,10/11/2025,23.0565507,88.8262995,46.45833333,26.63166667,46.47833333,79.53166667,30.23208333,41,2025,October
Dinabandhu College,North 24 Pgs.,10/12/2025,23.0565507,88.8262995,45.54166667,25.86208333,45.60291667,75.17333333,30.84416667,41,2025,October
Dinabandhu College,North 24 Pgs.,10/13/2025,23.0565507,88.8262995,53.58333333,30.435,53.64125,72.9475,30.54041667,42,2025,October
Dinabandhu College,North 24 Pgs.,10/14/2025,23.0565507,88.8262995,60.83333333,34.4225,60.78916667,77.77416667,28.50416667,42,2025,October
Dinabandhu College,North 24 Pgs.,10/15/2025,23.0565507,88.8262995,59.58333333,34.09416667,59.52166667,65.33833333,31.79666667,42,2025,October
Dinabandhu College,North 24 Pgs.,10/16/2025,23.0565507,88.8262995,62.70833333,35.77041667,62.68833333,71.00916667,29.76041667,42,2025,October
Dinabandhu College,North 24 Pgs.,10/17/2025,23.0565507,88.8262995,56.33333333,32.12,56.57333333,86.85333333,25.68,42,2025,October
Dinabandhu College,North 24 Pgs.,10/22/2025,23.0565507,88.8262995,59.27272727,33.86818182,59.19454545,65.97272727,32.15454545,43,2025,October
Dinabandhu College,North 24 Pgs.,10/23/2025,23.0565507,88.8262995,54.875,31.29833333,54.86541667,70.29083333,31.02791667,43,2025,October
Dinabandhu College,North 24 Pgs.,10/24/2025,23.0565507,88.8262995,62.125,35.32,62.03583333,70.745,30.69458333,43,2025,October
Dinabandhu College,North 24 Pgs.,10/25/2025,23.0565507,88.8262995,68.16666667,38.97666667,68.22791667,72.66791667,30.95708333,43,2025,October
Dinabandhu College,North 24 Pgs.,10/26/2025,23.0565507,88.8262995,60.875,34.37458333,60.92875,73.99333333,31.005,43,2025,October
Dinabandhu College,North 24 Pgs.,10/27/2025,23.0565507,88.8262995,63.4,36.348,63.424,87.61,28.024,44,2025,October
Dinabandhu College,North 24 Pgs.,10/29/2025,23.0565507,88.8262995,35.66666667,19.89416667,35.68916667,87.46083333,27.77416667,44,2025,October
Dinabandhu College,North 24 Pgs.,10/30/2025,23.0565507,88.8262995,32.83333333,18.82625,32.845,82.44541667,29.30083333,44,2025,October
Dinabandhu College,North 24 Pgs.,10/31/2025,23.0565507,88.8262995,36.70833333,20.925,36.69458333,78.79,30.29958333,44,2025,October
Dinabandhu College,North 24 Pgs.,11/1/2025,23.0565507,88.8262995,42.5,24.47958333,42.57708333,80.47416667,29.96583333,44,2025,November
Dinabandhu College,North 24 Pgs.,11/2/2025,23.0565507,88.8262995,35.29166667,20.07125,35.23083333,80.29666667,27.45291667,44,2025,November
Dinabandhu College,North 24 Pgs.,11/3/2025,23.0565507,88.8262995,57.41666667,32.82041667,57.44291667,75.57125,27.71166667,45,2025,November
Dinabandhu College,North 24 Pgs.,11/4/2025,23.0565507,88.8262995,86.66666667,49.83833333,86.95333333,79.19791667,27.12041667,45,2025,November
Dinabandhu College,North 24 Pgs.,11/5/2025,23.0565507,88.8262995,81.70833333,47.04,81.79833333,75.60583333,27.90333333,45,2025,November
Dinabandhu College,North 24 Pgs.,11/6/2025,23.0565507,88.8262995,81.125,46.54083333,81.16208333,73.8075,28.82708333,45,2025,November
Dinabandhu College,North 24 Pgs.,11/7/2025,23.0565507,88.8262995,76.70833333,43.90833333,76.63458333,74.42583333,28.83541667,45,2025,November
Dinabandhu College,North 24 Pgs.,11/8/2025,23.0565507,88.8262995,62.43478261,35.59043478,62.40173913,63.82086957,27.12043478,45,2025,November
Dinabandhu College,North 24 Pgs.,11/12/2025,23.0565507,88.8262995,81.8,46.889,81.85,67.631,24.66,46,2025,November
Dinabandhu College,North 24 Pgs.,11/13/2025,23.0565507,88.8262995,81.04347826,46.32913043,81.03826087,70.1926087,23.82043478,46,2025,November
Dinabandhu College,North 24 Pgs.,11/18/2025,23.0565507,88.8262995,49,27.71222222,48.99666667,65.95888889,25.66555556,47,2025,November
Dinabandhu College,North 24 Pgs.,11/19/2025,23.0565507,88.8262995,48.91666667,27.9525,49.03833333,67.82208333,25.46083333,47,2025,November
Dinabandhu College,North 24 Pgs.,11/20/2025,23.0565507,88.8262995,53.54166667,30.59291667,53.51083333,68.32708333,25.11958333,47,2025,November
Dinabandhu College,North 24 Pgs.,11/21/2025,23.0565507,88.8262995,68.5,39.27208333,68.55125,69.27708333,24.66541667,47,2025,November
Dinabandhu College,North 24 Pgs.,11/22/2025,23.0565507,88.8262995,75.58333333,43.2275,75.58333333,71.94,24.02125,47,2025,November
Dinabandhu College,North 24 Pgs.,11/23/2025,23.0565507,88.8262995,79.29166667,45.45125,79.27666667,71.4525,24.25833333,47,2025,November
Dinabandhu College,North 24 Pgs.,11/24/2025,23.0565507,88.8262995,83.45833333,47.75916667,83.41458333,68.44416667,23.50041667,48,2025,November
Dinabandhu College,North 24 Pgs.,11/25/2025,23.0565507,88.8262995,86.04166667,49.36583333,86.05291667,68.95916667,22.60333333,48,2025,November
Dinabandhu College,North 24 Pgs.,11/26/2025,23.0565507,88.8262995,81.08333333,46.45416667,81.28333333,70.77958333,22.40791667,48,2025,November
Dinabandhu College,North 24 Pgs.,11/27/2025,23.0565507,88.8262995,66.54166667,37.71625,66.48958333,70.79875,23.43708333,48,2025,November
Dinabandhu College,North 24 Pgs.,11/28/2025,23.0565507,88.8262995,63.41666667,36.18875,63.42708333,70.455,23.7025,48,2025,November
Dinabandhu College,North 24 Pgs.,11/29/2025,23.0565507,88.8262995,65.875,37.69666667,65.79375,72.61916667,23.24458333,48,2025,November
Dinabandhu College,North 24 Pgs.,11/30/2025,23.0565507,88.8262995,73.54166667,42.08583333,73.53125,72.83333333,23.36291667,48,2025,November
Dinabandhu College,North 24 Pgs.,12/1/2025,23.0565507,88.8262995,77,44.63,77.43,87.33,20,49,2025,December
Donnagar Mouza,North 24 Pgs.,8/31/2025,22.663128,88.453942,53.41666667,27.98625,53.43833333,74.77625,32.40208333,35,2025,August
Donnagar Mouza,North 24 Pgs.,9/1/2025,22.663128,88.453942,69.5,35.47625,70.08708333,76.04166667,32.87583333,36,2025,September
Donnagar Mouza,North 24 Pgs.,9/2/2025,22.663128,88.453942,35.83333333,20.26833333,35.91458333,86.20583333,29.19,36,2025,September
Donnagar Mouza,North 24 Pgs.,9/3/2025,22.663128,88.453942,34.66666667,19.74083333,34.62666667,88.07958333,28.63083333,36,2025,September
Donnagar Mouza,North 24 Pgs.,9/4/2025,22.663128,88.453942,51.70833333,25.56166667,51.76375,83.55375,30.28666667,36,2025,September
Donnagar Mouza,North 24 Pgs.,9/5/2025,22.663128,88.453942,78.29166667,35.84333333,78.49125,78.72666667,31.5,36,2025,September
Donnagar Mouza,North 24 Pgs.,9/6/2025,22.663128,88.453942,81.54166667,38.04125,81.49708333,73.62291667,32.46791667,36,2025,September
Donnagar Mouza,North 24 Pgs.,9/7/2025,22.663128,88.453942,72.33333333,34.86333333,72.3125,73.14208333,32.36875,36,2025,September
Donnagar Mouza,North 24 Pgs.,9/8/2025,22.663128,88.453942,77,34.76166667,77.03041667,70.50041667,32.88541667,37,2025,September
Donnagar Mouza,North 24 Pgs.,9/9/2025,22.663128,88.453942,83.20833333,37.29708333,83.32291667,71.065,32.86083333,37,2025,September
Donnagar Mouza,North 24 Pgs.,9/10/2025,22.663128,88.453942,80.125,36.66041667,80.30333333,69.85833333,33.1825,37,2025,September
Donnagar Mouza,North 24 Pgs.,9/11/2025,22.663128,88.453942,74.33333333,33.5525,74.2525,73.33083333,32.94541667,37,2025,September
Donnagar Mouza,North 24 Pgs.,9/12/2025,22.663128,88.453942,71.29166667,31.95125,71.34166667,76.85458333,32.1025,37,2025,September
Donnagar Mouza,North 24 Pgs.,9/13/2025,22.663128,88.453942,67.25,31.16833333,67.57375,75.09625,32.14083333,37,2025,September
Donnagar Mouza,North 24 Pgs.,9/14/2025,22.663128,88.453942,62.79166667,30.8875,62.83458333,88.88291667,29.29583333,37,2025,September
Donnagar Mouza,North 24 Pgs.,9/15/2025,22.663128,88.453942,55.95833333,28.83875,55.93166667,87.35375,29.48791667,38,2025,September
Donnagar Mouza,North 24 Pgs.,9/16/2025,22.663128,88.453942,57.875,31.68791667,57.8275,88.50958333,28.87458333,38,2025,September
Donnagar Mouza,North 24 Pgs.,9/17/2025,22.663128,88.453942,62.83333333,33.14625,62.81291667,82.20291667,30.45583333,38,2025,September
Donnagar Mouza,North 24 Pgs.,9/18/2025,22.663128,88.453942,71.66666667,35.50375,71.63916667,74.85916667,32.36541667,38,2025,September
Donnagar Mouza,North 24 Pgs.,9/19/2025,22.663128,88.453942,98.58333333,49.37333333,101.1145833,79.22208333,32.13125,38,2025,September
Donnagar Mouza,North 24 Pgs.,9/20/2025,22.663128,88.453942,91.33333333,48.98458333,92.78875,89.55583333,29.36458333,38,2025,September
Donnagar Mouza,North 24 Pgs.,9/21/2025,22.663128,88.453942,117.5416667,62.70708333,116.80375,80.63333333,31.23958333,38,2025,September
Donnagar Mouza,North 24 Pgs.,9/22/2025,22.663128,88.453942,91.95833333,47.315,91.59916667,83.29958333,29.92208333,39,2025,September
Donnagar Mouza,North 24 Pgs.,9/23/2025,22.663128,88.453942,64.91666667,36.72791667,64.93833333,88.52291667,28.655,39,2025,September
Donnagar Mouza,North 24 Pgs.,9/24/2025,22.663128,88.453942,77.83333333,38.71458333,78.20875,79.77333333,31.24916667,39,2025,September
Donnagar Mouza,North 24 Pgs.,9/25/2025,22.663128,88.453942,77.04166667,35.93583333,77.025,76.99416667,31.76083333,39,2025,September
Donnagar Mouza,North 24 Pgs.,9/26/2025,22.663128,88.453942,55.16666667,27.93291667,55.06708333,81.83625,30.86458333,39,2025,September
Donnagar Mouza,North 24 Pgs.,9/27/2025,22.663128,88.453942,58.16666667,29.04833333,58.09708333,79.68166667,31.44666667,39,2025,September
Donnagar Mouza,North 24 Pgs.,9/28/2025,22.663128,88.453942,58.625,28.17416667,58.46333333,75.86291667,32.085,39,2025,September
Donnagar Mouza,North 24 Pgs.,9/29/2025,22.663128,88.453942,73.125,35.34583333,74.83791667,74.37416667,32.52041667,40,2025,September
Donnagar Mouza,North 24 Pgs.,9/30/2025,22.663128,88.453942,80.41666667,40.64,80.99916667,74.69458333,32.47291667,40,2025,September
Donnagar Mouza,North 24 Pgs.,10/1/2025,22.663128,88.453942,62.375,31.64916667,62.28458333,77.95416667,31.10958333,40,2025,October
Donnagar Mouza,North 24 Pgs.,10/2/2025,22.663128,88.453942,37.08333333,21.13,37.13125,90.24666667,28.4725,40,2025,October
Donnagar Mouza,North 24 Pgs.,10/3/2025,22.663128,88.453942,47.41666667,26.95833333,47.39375,92.07166667,28.39208333,40,2025,October
Donnagar Mouza,North 24 Pgs.,10/4/2025,22.663128,88.453942,52.54166667,29.07708333,52.56583333,85.35541667,30.10291667,40,2025,October
Donnagar Mouza,North 24 Pgs.,10/5/2025,22.663128,88.453942,51.16666667,28.41791667,51.2275,87.02166667,28.64875,40,2025,October
Donnagar Mouza,North 24 Pgs.,10/6/2025,22.663128,88.453942,90.41666667,49.20708333,89.97083333,85.18625,29.04541667,41,2025,October
Donnagar Mouza,North 24 Pgs.,10/7/2025,22.663128,88.453942,87.16666667,47.18666667,87.34166667,81.11333333,29.79708333,41,2025,October
Donnagar Mouza,North 24 Pgs.,10/8/2025,22.663128,88.453942,92.04166667,51.47791667,92.79041667,84.09458333,29.40125,41,2025,October
Donnagar Mouza,North 24 Pgs.,10/9/2025,22.663128,88.453942,99,55.46708333,99.33,84.38208333,29.34208333,41,2025,October
Donnagar Mouza,North 24 Pgs.,10/10/2025,22.663128,88.453942,102.5,57.50681818,102.7290909,85.56954545,28.97090909,41,2025,October
Donnagar Mouza,North 24 Pgs.,10/11/2025,22.663128,88.453942,91.04166667,48.26875,92.58875,80.14541667,29.77041667,41,2025,October
Donnagar Mouza,North 24 Pgs.,10/12/2025,22.663128,88.453942,93.54166667,48.18375,96.51458333,75.34083333,30.59083333,41,2025,October
Donnagar Mouza,North 24 Pgs.,10/13/2025,22.663128,88.453942,111.1666667,57.47041667,116.8608333,72.33916667,30.31458333,42,2025,October
Donnagar Mouza,North 24 Pgs.,10/14/2025,22.663128,88.453942,117.25,61.22833333,125.8266667,70.28208333,30.27625,42,2025,October
Donnagar Mouza,North 24 Pgs.,10/15/2025,22.663128,88.453942,124.2083333,64.5125,134.43625,68.45791667,29.93958333,42,2025,October
Donnagar Mouza,North 24 Pgs.,10/16/2025,22.663128,88.453942,137.0833333,69.32375,148.3058333,69.05916667,29.59958333,42,2025,October
Donnagar Mouza,North 24 Pgs.,10/17/2025,22.663128,88.453942,171.25,81.38166667,166.9883333,71.33291667,29.95958333,42,2025,October
Donnagar Mouza,North 24 Pgs.,10/18/2025,22.663128,88.453942,160.9166667,77.29666667,158.37375,73.20625,30.56958333,42,2025,October
Donnagar Mouza,North 24 Pgs.,10/19/2025,22.663128,88.453942,124.7916667,62.64625,127.5370833,74.47416667,31.04625,42,2025,October
Donnagar Mouza,North 24 Pgs.,10/20/2025,22.663128,88.453942,128.9166667,63.72125,122.5933333,73.33958333,31.43583333,43,2025,October
Donnagar Mouza,North 24 Pgs.,10/21/2025,22.663128,88.453942,155.5,74.66,143.0633333,70.33708333,31.08833333,43,2025,October
Donnagar Mouza,North 24 Pgs.,10/22/2025,22.663128,88.453942,175.2916667,82.44625,164.4416667,71.4025,30.6175,43,2025,October
Donnagar Mouza,North 24 Pgs.,10/23/2025,22.663128,88.453942,155.7916667,71.78541667,143.8583333,68.05833333,31.01166667,43,2025,October
Donnagar Mouza,North 24 Pgs.,10/24/2025,22.663128,88.453942,162.4166667,77.75916667,161.6879167,71.74625,30.49916667,43,2025,October
Donnagar Mouza,North 24 Pgs.,10/25/2025,22.663128,88.453942,155.75,74.65958333,148.5545833,72.64125,30.55166667,43,2025,October
Donnagar Mouza,North 24 Pgs.,10/26/2025,22.663128,88.453942,127.9583333,65.31333333,126.7020833,76.04791667,30.47958333,43,2025,October
Donnagar Mouza,North 24 Pgs.,10/27/2025,22.663128,88.453942,141.5416667,69.73666667,135.2741667,73.56416667,31.07583333,44,2025,October
Donnagar Mouza,North 24 Pgs.,10/28/2025,22.663128,88.453942,107.0833333,53.11958333,98.56708333,78.52708333,30.20666667,44,2025,October
Donnagar Mouza,North 24 Pgs.,10/29/2025,22.663128,88.453942,61.625,34.61666667,61.53583333,91.35666667,27.28041667,44,2025,October
Donnagar Mouza,North 24 Pgs.,10/30/2025,22.663128,88.453942,53.54166667,29.50041667,53.6075,85.46625,29.02583333,44,2025,October
Donnagar Mouza,North 24 Pgs.,10/31/2025,22.663128,88.453942,64.79166667,34.19166667,64.71708333,79.3975,30.3025,44,2025,October
Donnagar Mouza,North 24 Pgs.,11/1/2025,22.663128,88.453942,82,42.53,83.5525,79.085,30.50416667,44,2025,November
Donnagar Mouza,North 24 Pgs.,11/2/2025,22.663128,88.453942,61.33333333,31.36791667,61.22916667,78.20583333,27.92541667,44,2025,November
Donnagar Mouza,North 24 Pgs.,11/3/2025,22.663128,88.453942,129.4166667,62.37916667,127.8004167,71.9475,28.07625,45,2025,November
Donnagar Mouza,North 24 Pgs.,11/4/2025,22.663128,88.453942,281.375,118.8741667,223.0325,76.7375,27.13458333,45,2025,November
Donnagar Mouza,North 24 Pgs.,11/5/2025,22.663128,88.453942,273.625,115.6033333,193.9379167,70.70583333,28.17291667,45,2025,November
Donnagar Mouza,North 24 Pgs.,11/6/2025,22.663128,88.453942,221.0833333,97.26625,139.52875,77.30833333,28.11875,45,2025,November
Donnagar Mouza,North 24 Pgs.,11/7/2025,22.663128,88.453942,196.375,88.93,123.06625,73.27791667,28.50333333,45,2025,November
Donnagar Mouza,North 24 Pgs.,11/8/2025,22.663128,88.453942,97.04166667,55.62,85.57166667,60.37041667,27.09541667,45,2025,November
Donnagar Mouza,North 24 Pgs.,11/9/2025,22.663128,88.453942,105.125,58.61,99.07583333,60.58958333,25.55583333,45,2025,November
Donnagar Mouza,North 24 Pgs.,11/10/2025,22.663128,88.453942,167.75,80.33833333,127.1433333,68.32708333,25.41541667,46,2025,November
Donnagar Mouza,North 24 Pgs.,11/11/2025,22.663128,88.453942,172.7916667,82.18791667,137.79625,66.32791667,24.60458333,46,2025,November
Donnagar Mouza,North 24 Pgs.,11/12/2025,22.663128,88.453942,232.5,100.88,162.4708333,67.41375,23.87333333,46,2025,November
Donnagar Mouza,North 24 Pgs.,11/13/2025,22.663128,88.453942,221,97.54833333,156.50125,69.495,23.91791667,46,2025,November
Donnagar Mouza,North 24 Pgs.,11/14/2025,22.663128,88.453942,234.25,108.6895833,168.6879167,69.96958333,23.71083333,46,2025,November
Donnagar Mouza,North 24 Pgs.,11/15/2025,22.663128,88.453942,209.9166667,94.54291667,147.8591667,71.15416667,24.18291667,46,2025,November
Donnagar Mouza,North 24 Pgs.,11/16/2025,22.663128,88.453942,182.7083333,84.7775,126.1004167,69.38666667,24.35916667,46,2025,November
Donnagar Mouza,North 24 Pgs.,11/17/2025,22.663128,88.453942,185.9583333,85.60083333,130.3083333,70.62291667,24.54791667,47,2025,November
Donnagar Mouza,North 24 Pgs.,11/18/2025,22.663128,88.453942,155.375,74.94166667,117.9791667,69.69791667,25.1075,47,2025,November
Donnagar Mouza,North 24 Pgs.,11/19/2025,22.663128,88.453942,117.5833333,62.25791667,96.55208333,67.31875,25.67208333,47,2025,November
Donnagar Mouza,North 24 Pgs.,11/20/2025,22.663128,88.453942,156.0833333,76.15958333,120.6720833,66.96166667,25.765,47,2025,November
Donnagar Mouza,North 24 Pgs.,11/21/2025,22.663128,88.453942,205.5416667,93.53708333,149.75375,69.41666667,25.08041667,47,2025,November
Donnagar Mouza,North 24 Pgs.,11/22/2025,22.663128,88.453942,277.7916667,118.0445833,186.2520833,72.1975,24.54666667,47,2025,November
Donnagar Mouza,North 24 Pgs.,11/23/2025,22.663128,88.453942,249,107.6233333,162.7208333,72.09083333,24.44958333,47,2025,November
Donnagar Mouza,North 24 Pgs.,11/24/2025,22.663128,88.453942,231.875,100.3916667,158.3604167,70.40208333,23.61958333,48,2025,November
Donnagar Mouza,North 24 Pgs.,11/25/2025,22.663128,88.453942,264.0416667,112.77625,180.5825,69.0475,22.80541667,48,2025,November
Donnagar Mouza,North 24 Pgs.,11/26/2025,22.663128,88.453942,224,98.02291667,155.9445833,65.05,22.64916667,48,2025,November
Donnagar Mouza,North 24 Pgs.,11/27/2025,22.663128,88.453942,208.9166667,93.42,144.4383333,69.78,23.62958333,48,2025,November
Donnagar Mouza,North 24 Pgs.,11/28/2025,22.663128,88.453942,143.625,70.67916667,103.26625,69.73583333,24.18416667,48,2025,November
Donnagar Mouza,North 24 Pgs.,11/29/2025,22.663128,88.453942,80.45833333,48.12625,65.62791667,71.66083333,23.68041667,48,2025,November
Donnagar Mouza,North 24 Pgs.,11/30/2025,22.663128,88.453942,77.54166667,46.43541667,60.11583333,72.37125,23.67416667,48,2025,November
Donnagar Mouza,North 24 Pgs.,12/1/2025,22.663128,88.453942,84,50.51,61.47,87.88,20.39,49,2025,December
Duttapukur-II G.P.,North 24 Pgs.,8/31/2025,22.76072,88.548069,49.625,27.2225,49.64,79.01208333,31.73541667,35,2025,August
Duttapukur-II G.P.,North 24 Pgs.,9/1/2025,22.76072,88.548069,68.41666667,35.8125,68.50375,78.38875,32.715,36,2025,September
Duttapukur-II G.P.,North 24 Pgs.,9/2/2025,22.76072,88.548069,32.95833333,18.96416667,32.96,87.47333333,28.47375,36,2025,September
Duttapukur-II G.P.,North 24 Pgs.,9/3/2025,22.76072,88.548069,34.70833333,19.755,34.59083333,86.46708333,28.5525,36,2025,September
Duttapukur-II G.P.,North 24 Pgs.,9/4/2025,22.76072,88.548069,36.54166667,20.88541667,36.60583333,84.58083333,29.73166667,36,2025,September
Duttapukur-II G.P.,North 24 Pgs.,9/5/2025,22.76072,88.548069,53.04166667,29.01541667,53.01791667,80.23541667,31.15041667,36,2025,September
Duttapukur-II G.P.,North 24 Pgs.,9/6/2025,22.76072,88.548069,59.66666667,31.30208333,59.70583333,77.22083333,32.005,36,2025,September
Duttapukur-II G.P.,North 24 Pgs.,9/7/2025,22.76072,88.548069,56.0952381,29.88857143,56.03904762,76.1352381,32.17952381,36,2025,September
Duttapukur-II G.P.,North 24 Pgs.,9/8/2025,22.76072,88.548069,41,24.33,34.17,70.75,27.48,37,2025,September
Duttapukur-II G.P.,North 24 Pgs.,9/9/2025,22.76072,88.548069,62,22.83,58.335,67.98,32.935,37,2025,September
Duttapukur-II G.P.,North 24 Pgs.,9/10/2025,22.76072,88.548069,60.45454545,36.27636364,42.49636364,72.93545455,35.50727273,37,2025,September
Duttapukur-II G.P.,North 24 Pgs.,9/11/2025,22.76072,88.548069,53.33333333,31.81208333,38.68041667,78.27291667,33.47458333,37,2025,September
Duttapukur-II G.P.,North 24 Pgs.,9/12/2025,22.76072,88.548069,41.29166667,23.64666667,41.38125,78.98708333,31.67666667,37,2025,September
Duttapukur-II G.P.,North 24 Pgs.,9/13/2025,22.76072,88.548069,40.41666667,23.05875,40.44458333,78.11291667,33.15125,37,2025,September
Duttapukur-II G.P.,North 24 Pgs.,9/14/2025,22.76072,88.548069,40.91666667,23.40541667,40.89083333,85.93958333,29.35833333,37,2025,September
Duttapukur-II G.P.,North 24 Pgs.,9/15/2025,22.76072,88.548069,42.125,24.21416667,42.07458333,86.73125,29.05375,38,2025,September
Duttapukur-II G.P.,North 24 Pgs.,9/16/2025,22.76072,88.548069,40,22.93375,39.875,85.9625,28.82875,38,2025,September
Duttapukur-II G.P.,North 24 Pgs.,10/6/2025,22.76072,88.548069,104,60.13,106.12,59.24,26.33,41,2025,October
Duttapukur-II G.P.,North 24 Pgs.,10/8/2025,22.76072,88.548069,74,41.54111111,71.35777778,85.65666667,27.62777778,41,2025,October
Duttapukur-II G.P.,North 24 Pgs.,10/9/2025,22.76072,88.548069,79.08333333,42.9625,78.92041667,80.32333333,29.66291667,41,2025,October
Duttapukur-II G.P.,North 24 Pgs.,10/10/2025,22.76072,88.548069,85.7,46.488,85.995,80.918,29.3865,41,2025,October
Duttapukur-II G.P.,North 24 Pgs.,10/11/2025,22.76072,88.548069,72.31578947,38.38421053,72.44368421,83.41473684,28.19473684,41,2025,October
Duttapukur-II G.P.,North 24 Pgs.,10/12/2025,22.76072,88.548069,83.70833333,42.28916667,84.31625,75.85625,30.15,41,2025,October
Duttapukur-II G.P.,North 24 Pgs.,10/13/2025,22.76072,88.548069,96.58333333,49.25666667,97.93708333,73.29958333,29.92708333,42,2025,October
Duttapukur-II G.P.,North 24 Pgs.,10/14/2025,22.76072,88.548069,100.5217391,51.56869565,102.0791304,72.49869565,29.61608696,42,2025,October
Duttapukur-II G.P.,North 24 Pgs.,10/15/2025,22.76072,88.548069,99.25,52.29041667,100.8758333,70.925,29.37666667,42,2025,October
Duttapukur-II G.P.,North 24 Pgs.,10/16/2025,22.76072,88.548069,102.2777778,54.05333333,104.2394444,69.70444444,29.39333333,42,2025,October
Duttapukur-II G.P.,North 24 Pgs.,10/17/2025,22.76072,88.548069,111.1,58.804,113.744,66.681,31.299,42,2025,October
Duttapukur-II G.P.,North 24 Pgs.,10/18/2025,22.76072,88.548069,109.6666667,58.74125,110.2725,74.51875,30.33416667,42,2025,October
Duttapukur-II G.P.,North 24 Pgs.,10/19/2025,22.76072,88.548069,92.91666667,50.7425,93.815,75.1225,30.66208333,42,2025,October
Duttapukur-II G.P.,North 24 Pgs.,10/20/2025,22.76072,88.548069,99,53.18708333,99.37666667,73.78,31.08583333,43,2025,October
Duttapukur-II G.P.,North 24 Pgs.,10/21/2025,22.76072,88.548069,106.625,57.5825,106.1604167,71.60125,30.8175,43,2025,October
Duttapukur-II G.P.,North 24 Pgs.,10/22/2025,22.76072,88.548069,109,58.49958333,109.2875,71.90791667,30.37583333,43,2025,October
Duttapukur-II G.P.,North 24 Pgs.,10/23/2025,22.76072,88.548069,97.45833333,51.95708333,97.08041667,69.39208333,30.64041667,43,2025,October
Duttapukur-II G.P.,North 24 Pgs.,10/24/2025,22.76072,88.548069,106.1666667,56.98041667,107.52,71.10333333,30.33125,43,2025,October
Duttapukur-II G.P.,North 24 Pgs.,10/25/2025,22.76072,88.548069,114.9583333,61.15,112.5779167,73.3825,30.12541667,43,2025,October
Duttapukur-II G.P.,North 24 Pgs.,10/26/2025,22.76072,88.548069,107.0416667,55.30416667,102.2004167,74.90125,30.24166667,43,2025,October
Duttapukur-II G.P.,North 24 Pgs.,10/27/2025,22.76072,88.548069,105.0833333,57.1825,103.8075,73.15,30.87333333,44,2025,October
Duttapukur-II G.P.,North 24 Pgs.,10/28/2025,22.76072,88.548069,78.16666667,43.38666667,78.785,76.93458333,29.85958333,44,2025,October
Duttapukur-II G.P.,North 24 Pgs.,10/29/2025,22.76072,88.548069,53.83333333,29.38416667,53.83208333,85.6075,27.52375,44,2025,October
Duttapukur-II G.P.,North 24 Pgs.,10/30/2025,22.76072,88.548069,43.125,23.98958333,43.215,82.04083333,28.74583333,44,2025,October
Duttapukur-II G.P.,North 24 Pgs.,10/31/2025,22.76072,88.548069,51.08333333,27.94083333,51.05708333,79.73416667,29.6075,44,2025,October
Duttapukur-II G.P.,North 24 Pgs.,11/1/2025,22.76072,88.548069,65.375,34.33666667,65.40875,79.62791667,29.995,44,2025,November
Duttapukur-II G.P.,North 24 Pgs.,11/2/2025,22.76072,88.548069,55.45833333,28.92333333,55.5175,78.0375,27.73416667,44,2025,November
Duttapukur-II G.P.,North 24 Pgs.,11/3/2025,22.76072,88.548069,92.29166667,48.69916667,93.105,72.17125,27.76416667,45,2025,November
Duttapukur-II G.P.,North 24 Pgs.,11/4/2025,22.76072,88.548069,179.125,83.7125,154.3208333,75.975,26.9925,45,2025,November
Duttapukur-II G.P.,North 24 Pgs.,11/5/2025,22.76072,88.548069,182,84.38166667,156.0504167,72.46875,27.59666667,45,2025,November
Duttapukur-II G.P.,North 24 Pgs.,11/6/2025,22.76072,88.548069,169.8333333,80.12083333,148.395,75.18375,28.19666667,45,2025,November
Duttapukur-II G.P.,North 24 Pgs.,11/7/2025,22.76072,88.548069,147.7916667,74.0425,137.6741667,72.47958333,28.56583333,45,2025,November
Duttapukur-II G.P.,North 24 Pgs.,11/8/2025,22.76072,88.548069,96.30434783,50.69826087,97.1426087,62.92478261,26.82,45,2025,November
Duttapukur-II G.P.,North 24 Pgs.,11/9/2025,22.76072,88.548069,101.125,52.59416667,101.6425,61.97666667,25.44666667,45,2025,November
Duttapukur-II G.P.,North 24 Pgs.,11/10/2025,22.76072,88.548069,130,68.46208333,129.0295833,66.9775,25.51666667,46,2025,November
Duttapukur-II G.P.,North 24 Pgs.,11/11/2025,22.76072,88.548069,126.75,66.05958333,124.0695833,63.88,24.905,46,2025,November
Duttapukur-II G.P.,North 24 Pgs.,11/12/2025,22.76072,88.548069,164.5652174,79.32086957,149.2152174,66.18347826,24.02695652,46,2025,November
Duttapukur-II G.P.,North 24 Pgs.,11/13/2025,22.76072,88.548069,160.5833333,77.98583333,143.76125,66.93166667,24.2175,46,2025,November
Duttapukur-II G.P.,North 24 Pgs.,11/14/2025,22.76072,88.548069,152.3571429,75.25285714,136.8414286,70.78428571,23.09142857,46,2025,November
Duttapukur-II G.P.,North 24 Pgs.,11/15/2025,22.76072,88.548069,128.3636364,64.79545455,128.8309091,63.58181818,26.23181818,46,2025,November
Duttapukur-II G.P.,North 24 Pgs.,11/16/2025,22.76072,88.548069,130,67.80625,124.7883333,68.53958333,24.32875,46,2025,November
Duttapukur-II G.P.,North 24 Pgs.,11/17/2025,22.76072,88.548069,134.4166667,67.97875,124.1354167,68.93708333,24.69166667,47,2025,November
Duttapukur-II G.P.,North 24 Pgs.,11/18/2025,22.76072,88.548069,101.5416667,55.11125,101.05625,68.9175,24.82875,47,2025,November
Duttapukur-II G.P.,North 24 Pgs.,11/19/2025,22.76072,88.548069,98.875,51.87458333,96.11583333,66.98541667,25.31,47,2025,November
Duttapukur-II G.P.,North 24 Pgs.,11/20/2025,22.76072,88.548069,115.8333333,59.21708333,109.4904167,66.68083333,25.43125,47,2025,November
Duttapukur-II G.P.,North 24 Pgs.,11/21/2025,22.76072,88.548069,136.5,68.85541667,126.835,69.39958333,24.86916667,47,2025,November
Duttapukur-II G.P.,North 24 Pgs.,11/22/2025,22.76072,88.548069,182,84.14708333,154.9291667,72.0075,24.27083333,47,2025,November
Duttapukur-II G.P.,North 24 Pgs.,11/23/2025,22.76072,88.548069,160.0416667,76.61625,138.4945833,71.15208333,24.24583333,47,2025,November
Duttapukur-II G.P.,North 24 Pgs.,11/24/2025,22.76072,88.548069,140.1666667,71.93583333,129.82,68.05333333,23.74166667,48,2025,November
Duttapukur-II G.P.,North 24 Pgs.,11/25/2025,22.76072,88.548069,145.25,72.7275,131.3829167,67.41916667,22.63708333,48,2025,November
Duttapukur-II G.P.,North 24 Pgs.,11/26/2025,22.76072,88.548069,133.9166667,69.47583333,127.0608333,65.015,22.69625,48,2025,November
Duttapukur-II G.P.,North 24 Pgs.,11/27/2025,22.76072,88.548069,124.0434783,63.31130435,116.6226087,68.51,23.49086957,48,2025,November
Duttapukur-II G.P.,North 24 Pgs.,11/28/2025,22.76072,88.548069,125.375,63.53833333,116.63625,69.52166667,23.73125,48,2025,November
Duttapukur-II G.P.,North 24 Pgs.,11/29/2025,22.76072,88.548069,129.9090909,68.66363636,124.1527273,79.03454545,20.92454545,48,2025,November
Electrosteel Casting Limited,North 24 Pgs.,8/31/2025,22.716265,88.3744,58,34.8,49.71,80.04,31.39,35,2025,August
Electrosteel Casting Limited,North 24 Pgs.,9/1/2025,22.716265,88.3744,50.91666667,30.52041667,44.07041667,78.58833333,32.2275,36,2025,September
Electrosteel Casting Limited,North 24 Pgs.,9/2/2025,22.716265,88.3744,35.9047619,21.51047619,32.2147619,86.89047619,29.23714286,36,2025,September
Electrosteel Casting Limited,North 24 Pgs.,9/3/2025,22.716265,88.3744,34.41666667,20.69666667,31.37666667,88.9525,28.64208333,36,2025,September
Electrosteel Casting Limited,North 24 Pgs.,9/4/2025,22.716265,88.3744,34.83333333,20.89375,31.51416667,84.65125,30.02958333,36,2025,September
Electrosteel Casting Limited,North 24 Pgs.,9/5/2025,22.716265,88.3744,40.29166667,24.09583333,35.87375,79.03333333,31.31375,36,2025,September
Electrosteel Casting Limited,North 24 Pgs.,9/6/2025,22.716265,88.3744,48.20833333,28.88125,42.16791667,75.45583333,32.20666667,36,2025,September
Electrosteel Casting Limited,North 24 Pgs.,9/7/2025,22.716265,88.3744,49.58333333,29.80541667,43.69333333,76.77041667,31.71375,36,2025,September
Electrosteel Casting Limited,North 24 Pgs.,9/8/2025,22.716265,88.3744,47.04166667,28.25708333,41.91333333,74.07041667,32.22791667,37,2025,September
Electrosteel Casting Limited,North 24 Pgs.,9/9/2025,22.716265,88.3744,46.95833333,28.18791667,41.91916667,74.32833333,32.39333333,37,2025,September
Electrosteel Casting Limited,North 24 Pgs.,9/10/2025,22.716265,88.3744,46.04166667,27.67541667,41.48625,73.26291667,32.74291667,37,2025,September
Electrosteel Casting Limited,North 24 Pgs.,9/11/2025,22.716265,88.3744,42.625,25.53833333,38.55208333,76.69541667,32.20208333,37,2025,September
Electrosteel Casting Limited,North 24 Pgs.,9/12/2025,22.716265,88.3744,38.2173913,22.96608696,35.15913043,80.35521739,31.17956522,37,2025,September
Electrosteel Casting Limited,North 24 Pgs.,9/13/2025,22.716265,88.3744,35.6,21.32,32.768,77.854,31.498,37,2025,September
Electrosteel Casting Limited,North 24 Pgs.,10/14/2025,22.716265,88.3744,55.33333333,33.14111111,46.62666667,69.70333333,30.29666667,42,2025,October
Electrosteel Casting Limited,North 24 Pgs.,10/15/2025,22.716265,88.3744,53.95454545,32.31545455,44.71818182,68.89227273,29.47318182,42,2025,October
Electrosteel Casting Limited,North 24 Pgs.,10/16/2025,22.716265,88.3744,67.08333333,39.71833333,53.87,68.34833333,29.38208333,42,2025,October
Electrosteel Casting Limited,North 24 Pgs.,10/17/2025,22.716265,88.3744,72.83333333,43.39375,57.93541667,70.6425,29.59541667,42,2025,October
Electrosteel Casting Limited,North 24 Pgs.,10/18/2025,22.716265,88.3744,66.33333333,39.49,53.67083333,73.25916667,30.645,42,2025,October
Electrosteel Casting Limited,North 24 Pgs.,10/19/2025,22.716265,88.3744,56.04166667,33.61791667,46.86208333,74.39791667,31.02958333,42,2025,October
Electrosteel Casting Limited,North 24 Pgs.,10/20/2025,22.716265,88.3744,63.69565217,36.21913043,49.19478261,76.82,30.71869565,43,2025,October
Electrosteel Casting Limited,North 24 Pgs.,10/21/2025,22.716265,88.3744,74.91304348,42.6,56.49956522,72.4673913,30.48869565,43,2025,October
Electrosteel Casting Limited,North 24 Pgs.,10/22/2025,22.716265,88.3744,70.04166667,42,56.29208333,71.88375,30.70541667,43,2025,October
Electrosteel Casting Limited,North 24 Pgs.,10/23/2025,22.716265,88.3744,61.125,36.65125,50.41041667,68.86125,31.81,43,2025,October
Electrosteel Casting Limited,North 24 Pgs.,10/24/2025,22.716265,88.3744,62.66666667,37.57833333,50.86583333,68.03458333,30.53041667,43,2025,October
Electrosteel Casting Limited,North 24 Pgs.,10/25/2025,22.716265,88.3744,67.5,40.51333333,54.10541667,70.25333333,30.50458333,43,2025,October
Electrosteel Casting Limited,North 24 Pgs.,10/26/2025,22.716265,88.3744,66,39.34956522,52.86173913,76.91217391,30.06347826,43,2025,October
Electrosteel Casting Limited,North 24 Pgs.,10/27/2025,22.716265,88.3744,59.04166667,35.36958333,48.05458333,73.17791667,30.81166667,44,2025,October
Electrosteel Casting Limited,North 24 Pgs.,10/28/2025,22.716265,88.3744,50.29166667,30.1975,42.02958333,75.18666667,30.50833333,44,2025,October
Electrosteel Casting Limited,North 24 Pgs.,10/29/2025,22.716265,88.3744,32.125,19.30125,29.07625,87.909375,27.826875,44,2025,October
Electrosteel Casting Limited,North 24 Pgs.,10/30/2025,22.716265,88.3744,35.65,21.359,31.7625,85.1475,28.876,44,2025,October
Electrosteel Casting Limited,North 24 Pgs.,10/31/2025,22.716265,88.3744,39.70833333,23.79041667,35.0625,80.90208333,29.98125,44,2025,October
Electrosteel Casting Limited,North 24 Pgs.,11/1/2025,22.716265,88.3744,43.04166667,25.79125,37.75625,80.30291667,30.20375,44,2025,November
Electrosteel Casting Limited,North 24 Pgs.,11/2/2025,22.716265,88.3744,34.33333333,20.57958333,30.61333333,79.99833333,27.52625,44,2025,November
Electrosteel Casting Limited,North 24 Pgs.,11/3/2025,22.716265,88.3744,55.375,33.20916667,45.43416667,71.67666667,27.9425,45,2025,November
Electrosteel Casting Limited,North 24 Pgs.,11/4/2025,22.716265,88.3744,114.173913,63.67521739,80.20826087,74.45521739,27.20695652,45,2025,November
Electrosteel Casting Limited,North 24 Pgs.,11/5/2025,22.716265,88.3744,114.0454545,62.67863636,79.40727273,73.20545455,27.445,45,2025,November
Electrosteel Casting Limited,North 24 Pgs.,11/6/2025,22.716265,88.3744,109.875,58.71,75.00041667,73.98458333,28.4525,45,2025,November
Electrosteel Casting Limited,North 24 Pgs.,11/7/2025,22.716265,88.3744,82.7826087,49.26913043,64.19608696,71.03347826,28.77521739,45,2025,November
Electrosteel Casting Limited,North 24 Pgs.,11/8/2025,22.716265,88.3744,50.79166667,30.51375,42.25541667,56.90875,27.455,45,2025,November
Electrosteel Casting Limited,North 24 Pgs.,11/9/2025,22.716265,88.3744,56.33333333,33.74625,45.725,56.92125,26.25583333,45,2025,November
Electrosteel Casting Limited,North 24 Pgs.,11/10/2025,22.716265,88.3744,77.625,46.37833333,60.31458333,62.62083333,26.20541667,46,2025,November
Electrosteel Casting Limited,North 24 Pgs.,11/11/2025,22.716265,88.3744,79.33333333,47.23,61.06708333,58.64708333,25.60916667,46,2025,November
Electrosteel Casting Limited,North 24 Pgs.,11/12/2025,22.716265,88.3744,101.9166667,56.99875,72.17666667,59.35083333,24.99625,46,2025,November
Electrosteel Casting Limited,North 24 Pgs.,11/13/2025,22.716265,88.3744,90,51.84708333,65.98416667,61.76416667,25.02166667,46,2025,November
Electrosteel Casting Limited,North 24 Pgs.,11/14/2025,22.716265,88.3744,86.20833333,50.56666667,64.94625,62.50083333,25.02875,46,2025,November
Electrosteel Casting Limited,North 24 Pgs.,11/15/2025,22.716265,88.3744,69.35294118,41.65058824,54.06941176,63.31176471,24.95235294,46,2025,November
Electrosteel Casting Limited,North 24 Pgs.,11/20/2025,22.716265,88.3744,77.09090909,44.09818182,58.15818182,54.45090909,28.07181818,47,2025,November
Electrosteel Casting Limited,North 24 Pgs.,11/21/2025,22.716265,88.3744,101.2083333,55.31875,70.62416667,63.31083333,25.94458333,47,2025,November
Electrosteel Casting Limited,North 24 Pgs.,11/22/2025,22.716265,88.3744,127.5416667,66.14166667,83.18333333,66.14083333,25.3325,47,2025,November
Electrosteel Casting Limited,North 24 Pgs.,11/23/2025,22.716265,88.3744,118.5416667,61.94291667,77.83208333,68.15666667,24.95208333,47,2025,November
Electrosteel Casting Limited,North 24 Pgs.,11/24/2025,22.716265,88.3744,105.0434783,59.4026087,74.90782609,65.27913043,24.46521739,48,2025,November
Electrosteel Casting Limited,North 24 Pgs.,11/25/2025,22.716265,88.3744,106.9583333,60.16583333,75.69666667,60.47166667,23.86791667,48,2025,November
Electrosteel Casting Limited,North 24 Pgs.,11/26/2025,22.716265,88.3744,85.70833333,51.35,65.34916667,57.56791667,23.60625,48,2025,November
Electrosteel Casting Limited,North 24 Pgs.,11/27/2025,22.716265,88.3744,80.33333333,45.90083333,59.44875,64.51791667,24.22083333,48,2025,November
Electrosteel Casting Limited,North 24 Pgs.,11/28/2025,22.716265,88.3744,99.54166667,54.10666667,70.2575,65.27583333,24.92875,48,2025,November
Electrosteel Casting Limited,North 24 Pgs.,11/29/2025,22.716265,88.3744,99.20833333,54.15708333,70.16125,65.87333333,24.53541667,48,2025,November
Electrosteel Casting Limited,North 24 Pgs.,11/30/2025,22.716265,88.3744,98.79166667,55.56583333,70.85125,67.49791667,24.20333333,48,2025,November
Electrosteel Casting Limited,North 24 Pgs.,12/1/2025,22.716265,88.3744,141,72.25,90.11,77.99,22.57,49,2025,December
Garulia Municipality,North 24 Pgs.,8/31/2025,22.8237222,88.3656453,53.29166667,29.00416667,53.29625,75.66291667,31.38541667,35,2025,August
Garulia Municipality,North 24 Pgs.,9/1/2025,22.8237222,88.3656453,68.54166667,37.67416667,68.39958333,75.88458333,32.07125,36,2025,September
Garulia Municipality,North 24 Pgs.,9/2/2025,22.8237222,88.3656453,42.58333333,23.20625,42.52166667,82.87208333,28.73583333,36,2025,September
Garulia Municipality,North 24 Pgs.,9/3/2025,22.8237222,88.3656453,36.66666667,19.74708333,36.53041667,82.63416667,28.57208333,36,2025,September
Garulia Municipality,North 24 Pgs.,9/4/2025,22.8237222,88.3656453,43.08333333,23.5275,43.11041667,79.64916667,29.85333333,36,2025,September
Garulia Municipality,North 24 Pgs.,9/5/2025,22.8237222,88.3656453,64.125,34.6875,63.9525,69.68375,32.7525,36,2025,September
Garulia Municipality,North 24 Pgs.,9/7/2025,22.8237222,88.3656453,62.91666667,33.57583333,62.90333333,66.42166667,33.635,36,2025,September
Garulia Municipality,North 24 Pgs.,9/8/2025,22.8237222,88.3656453,64.20833333,33.6575,64.095,72.69208333,32.01708333,37,2025,September
Garulia Municipality,North 24 Pgs.,9/9/2025,22.8237222,88.3656453,74.70833333,39.69708333,74.92291667,74.21416667,32.00083333,37,2025,September
Garulia Municipality,North 24 Pgs.,9/10/2025,22.8237222,88.3656453,68.29166667,36.83625,68.23458333,76.81,31.71416667,37,2025,September
Garulia Municipality,North 24 Pgs.,9/11/2025,22.8237222,88.3656453,67.125,37.02416667,67.05916667,78.28541667,31.66291667,37,2025,September
Garulia Municipality,North 24 Pgs.,9/12/2025,22.8237222,88.3656453,62.125,34.16875,61.79708333,84.44875,29.945,37,2025,September
Garulia Municipality,North 24 Pgs.,9/13/2025,22.8237222,88.3656453,48.54166667,26.47541667,48.54958333,78.17458333,31.3825,37,2025,September
Garulia Municipality,North 24 Pgs.,9/14/2025,22.8237222,88.3656453,50.29166667,27.63958333,50.26625,86.20416667,29.41416667,37,2025,September
Garulia Municipality,North 24 Pgs.,9/15/2025,22.8237222,88.3656453,53.54166667,29.7425,53.62375,89.67583333,28.65916667,38,2025,September
Garulia Municipality,North 24 Pgs.,9/16/2025,22.8237222,88.3656453,57.75,32.14833333,57.69083333,88.70041667,28.6325,38,2025,September
Garulia Municipality,North 24 Pgs.,9/17/2025,22.8237222,88.3656453,62.45833333,34.53416667,62.465,85.75416667,29.67,38,2025,September
Garulia Municipality,North 24 Pgs.,9/18/2025,22.8237222,88.3656453,61.41666667,33.76083333,61.28958333,78.745,31.79958333,38,2025,September
Garulia Municipality,North 24 Pgs.,9/19/2025,22.8237222,88.3656453,83.625,46.67875,83.61625,85.49708333,30.58458333,38,2025,September
Garulia Municipality,North 24 Pgs.,9/20/2025,22.8237222,88.3656453,95.25,54.07416667,96.06125,89.40375,29.3625,38,2025,September
Garulia Municipality,North 24 Pgs.,9/21/2025,22.8237222,88.3656453,102.5416667,57.49208333,101.9841667,82.2325,31.01583333,38,2025,September
Garulia Municipality,North 24 Pgs.,9/22/2025,22.8237222,88.3656453,77.625,43.5,77.6325,86.20041667,29.52083333,39,2025,September
Garulia Municipality,North 24 Pgs.,9/23/2025,22.8237222,88.3656453,55.70833333,31.22666667,55.69333333,88.96333333,28.71291667,39,2025,September
Garulia Municipality,North 24 Pgs.,9/24/2025,22.8237222,88.3656453,61.79166667,34.11458333,61.7125,81.26583333,30.85708333,39,2025,September
Garulia Municipality,North 24 Pgs.,9/25/2025,22.8237222,88.3656453,60.16666667,33.39375,60.13541667,82.40916667,30.89333333,39,2025,September
Garulia Municipality,North 24 Pgs.,9/26/2025,22.8237222,88.3656453,48.79166667,26.8175,48.72333333,83.58333333,30.52041667,39,2025,September
Garulia Municipality,North 24 Pgs.,9/27/2025,22.8237222,88.3656453,48.70833333,26.84208333,48.69375,81.23583333,30.875,39,2025,September
Garulia Municipality,North 24 Pgs.,9/28/2025,22.8237222,88.3656453,53.04166667,29.1525,53.09208333,78.50625,31.74958333,39,2025,September
Garulia Municipality,North 24 Pgs.,9/29/2025,22.8237222,88.3656453,63.70833333,35.08875,63.5625,80.22166667,31.5475,40,2025,September
Garulia Municipality,North 24 Pgs.,9/30/2025,22.8237222,88.3656453,71.04166667,39.56625,71.14875,78.47541667,31.87333333,40,2025,September
Garulia Municipality,North 24 Pgs.,10/1/2025,22.8237222,88.3656453,57.45833333,31.73083333,57.51333333,80.58625,30.64166667,40,2025,October
Garulia Municipality,North 24 Pgs.,10/2/2025,22.8237222,88.3656453,39.375,22.07666667,39.38291667,91.89541667,28.12833333,40,2025,October
Garulia Municipality,North 24 Pgs.,10/3/2025,22.8237222,88.3656453,48.29166667,26.90416667,48.32416667,94.05333333,27.9525,40,2025,October
Garulia Municipality,North 24 Pgs.,10/4/2025,22.8237222,88.3656453,53,29.21875,53.01458333,88.54125,29.46833333,40,2025,October
Garulia Municipality,North 24 Pgs.,10/5/2025,22.8237222,88.3656453,50.54166667,28.035,50.525,89.74833333,28.34458333,40,2025,October
Garulia Municipality,North 24 Pgs.,10/6/2025,22.8237222,88.3656453,87.08333333,48.54208333,86.49208333,87.68625,28.56458333,41,2025,October
Garulia Municipality,North 24 Pgs.,10/7/2025,22.8237222,88.3656453,86.5,48.8225,86.62875,84.3675,29.47208333,41,2025,October
Garulia Municipality,North 24 Pgs.,10/8/2025,22.8237222,88.3656453,103.7083333,56.3625,99.79916667,88.67583333,28.35,41,2025,October
Garulia Municipality,North 24 Pgs.,10/9/2025,22.8237222,88.3656453,109.4583333,60.60041667,107.3220833,87.04083333,28.73625,41,2025,October
Garulia Municipality,North 24 Pgs.,10/10/2025,22.8237222,88.3656453,90,50.89083333,90.23375,88.58541667,28.155,41,2025,October
Garulia Municipality,North 24 Pgs.,10/11/2025,22.8237222,88.3656453,86.75,48.16,87.59083333,80.91,29.40291667,41,2025,October
Garulia Municipality,North 24 Pgs.,10/12/2025,22.8237222,88.3656453,93.79166667,51.765,93.64875,78.75166667,29.63166667,41,2025,October
Garulia Municipality,North 24 Pgs.,10/13/2025,22.8237222,88.3656453,96.04166667,53.17416667,96.385,73.62625,29.73916667,42,2025,October
Garulia Municipality,North 24 Pgs.,10/14/2025,22.8237222,88.3656453,105.3333333,58.87208333,106.8475,73.45083333,29.63375,42,2025,October
Garulia Municipality,North 24 Pgs.,10/15/2025,22.8237222,88.3656453,106.0416667,59.79541667,107.41625,71.185,29.30833333,42,2025,October
Garulia Municipality,North 24 Pgs.,10/16/2025,22.8237222,88.3656453,107.1666667,59.56541667,106.6979167,71.36333333,28.68125,42,2025,October
Garulia Municipality,North 24 Pgs.,10/17/2025,22.8237222,88.3656453,151.4583333,75.45541667,134.6,74.65708333,29.15041667,42,2025,October
Garulia Municipality,North 24 Pgs.,10/18/2025,22.8237222,88.3656453,138.4583333,71.00708333,127.6316667,74.17958333,30.31125,42,2025,October
Garulia Municipality,North 24 Pgs.,10/19/2025,22.8237222,88.3656453,131.5833333,67.20166667,120.8283333,76.25583333,30.85,42,2025,October
Garulia Municipality,North 24 Pgs.,10/20/2025,22.8237222,88.3656453,122.9166667,63.77166667,113.82375,76.23416667,30.92791667,43,2025,October
Garulia Municipality,North 24 Pgs.,10/21/2025,22.8237222,88.3656453,143.75,72.69,128.9820833,73.00166667,30.50541667,43,2025,October
Garulia Municipality,North 24 Pgs.,10/22/2025,22.8237222,88.3656453,146.5416667,73.95083333,132.0766667,74.155,29.95,43,2025,October
Garulia Municipality,North 24 Pgs.,10/23/2025,22.8237222,88.3656453,114.8333333,60.27291667,107.77625,71.18458333,30.23791667,43,2025,October
Garulia Municipality,North 24 Pgs.,10/24/2025,22.8237222,88.3656453,118.2916667,63.22166667,112.3879167,70.83,30.04166667,43,2025,October
Garulia Municipality,North 24 Pgs.,10/25/2025,22.8237222,88.3656453,172.875,82.41375,147.67,73.93166667,29.89583333,43,2025,October
Garulia Municipality,North 24 Pgs.,10/26/2025,22.8237222,88.3656453,145.1666667,72.71291667,130.36375,76.71625,29.98916667,43,2025,October
Garulia Municipality,North 24 Pgs.,10/27/2025,22.8237222,88.3656453,170.9166667,81.57833333,149.28,72.49,31.03291667,44,2025,October
Garulia Municipality,North 24 Pgs.,10/28/2025,22.8237222,88.3656453,123.8333333,61.56291667,110.8995833,75.88416667,30.40333333,44,2025,October
Garulia Municipality,North 24 Pgs.,10/29/2025,22.8237222,88.3656453,70.08333333,38.48583333,70.19041667,90.0525,27.2875,44,2025,October
Garulia Municipality,North 24 Pgs.,10/30/2025,22.8237222,88.3656453,52.16666667,28.89041667,52.1125,86.87458333,28.19208333,44,2025,October
Garulia Municipality,North 24 Pgs.,10/31/2025,22.8237222,88.3656453,60.29166667,33.39708333,60.31208333,81.86958333,29.775,44,2025,October
Garulia Municipality,North 24 Pgs.,11/1/2025,22.8237222,88.3656453,67.29166667,37.58958333,67.32875,81.63458333,29.86666667,44,2025,November
Garulia Municipality,North 24 Pgs.,11/2/2025,22.8237222,88.3656453,57.66666667,31.87666667,57.12833333,81.03625,27.28541667,44,2025,November
Garulia Municipality,North 24 Pgs.,11/3/2025,22.8237222,88.3656453,109.25,56.115,100.2183333,74.35833333,27.54833333,45,2025,November
Garulia Municipality,North 24 Pgs.,11/4/2025,22.8237222,88.3656453,253,107.15375,189.0570833,77.71041667,26.81791667,45,2025,November
Garulia Municipality,North 24 Pgs.,11/5/2025,22.8237222,88.3656453,235.6666667,102.5770833,163.12375,75.47458333,26.98333333,45,2025,November
Garulia Municipality,North 24 Pgs.,11/6/2025,22.8237222,88.3656453,199.375,89.81166667,114.05625,75.29375,28.02875,45,2025,November
Garulia Municipality,North 24 Pgs.,11/7/2025,22.8237222,88.3656453,178.2916667,83.50916667,106.025,72.57708333,28.33208333,45,2025,November
Garulia Municipality,North 24 Pgs.,11/8/2025,22.8237222,88.3656453,92.20833333,54.1975,71.59416667,61.03166667,26.78083333,45,2025,November
Garulia Municipality,North 24 Pgs.,11/9/2025,22.8237222,88.3656453,100.5416667,57.64125,79.56791667,60.9475,25.42833333,45,2025,November
Garulia Municipality,North 24 Pgs.,11/10/2025,22.8237222,88.3656453,151.875,75.56458333,100.975,66.84,25.21083333,46,2025,November
Garulia Municipality,North 24 Pgs.,11/11/2025,22.8237222,88.3656453,145.125,73.43541667,101.4979167,65.24458333,24.29125,46,2025,November
Garulia Municipality,North 24 Pgs.,11/12/2025,22.8237222,88.3656453,181.2083333,84.34458333,118.7025,65.305,23.68458333,46,2025,November
Garulia Municipality,North 24 Pgs.,11/13/2025,22.8237222,88.3656453,182.5416667,84.805,118.1245833,66.84791667,23.85833333,46,2025,November
Garulia Municipality,North 24 Pgs.,11/14/2025,22.8237222,88.3656453,169.4166667,80.72375,111.73375,67.87166667,24.01083333,46,2025,November
Garulia Municipality,North 24 Pgs.,11/15/2025,22.8237222,88.3656453,198.25,90.46583333,125.7395833,66.1625,24.69708333,46,2025,November
Garulia Municipality,North 24 Pgs.,11/16/2025,22.8237222,88.3656453,189.1666667,87.24208333,119.9295833,68.31958333,24.19375,46,2025,November
Garulia Municipality,North 24 Pgs.,11/17/2025,22.8237222,88.3656453,153.5833333,75.1825,101.1575,67.38333333,24.92791667,47,2025,November
Garulia Municipality,North 24 Pgs.,11/18/2025,22.8237222,88.3656453,131.875,66.75875,91.7925,67.0225,25.31083333,47,2025,November
Garulia Municipality,North 24 Pgs.,11/19/2025,22.8237222,88.3656453,128.75,66.76458333,89.82041667,67.55291667,25.50583333,47,2025,November
Garulia Municipality,North 24 Pgs.,11/20/2025,22.8237222,88.3656453,147.9166667,73.87958333,99.8175,66.25083333,25.22458333,47,2025,November
Garulia Municipality,North 24 Pgs.,11/21/2025,22.8237222,88.3656453,180.8333333,84.255,113.7191667,67.5575,24.86125,47,2025,November
Garulia Municipality,North 24 Pgs.,11/22/2025,22.8237222,88.3656453,248.6666667,104.7933333,143.4525,70.32916667,24.33125,47,2025,November
Garulia Municipality,North 24 Pgs.,11/23/2025,22.8237222,88.3656453,231.0833333,100.745,139.0191667,70.39833333,24.39,47,2025,November
Garulia Municipality,North 24 Pgs.,11/24/2025,22.8237222,88.3656453,218.9166667,95.64125,130.07625,69.68916667,23.72666667,48,2025,November
Garulia Municipality,North 24 Pgs.,11/25/2025,22.8237222,88.3656453,213.1666667,93.97833333,134.8258333,65.61541667,22.64541667,48,2025,November
Garulia Municipality,North 24 Pgs.,11/26/2025,22.8237222,88.3656453,182.4583333,84.73,122.8358333,62.45458333,22.665,48,2025,November
Garulia Municipality,North 24 Pgs.,11/27/2025,22.8237222,88.3656453,155.6666667,74.82875,106.1841667,69.53125,23.53041667,48,2025,November
Garulia Municipality,North 24 Pgs.,11/28/2025,22.8237222,88.3656453,161.5,77.55583333,108.7058333,69.27,24.25625,48,2025,November
Garulia Municipality,North 24 Pgs.,11/29/2025,22.8237222,88.3656453,162.7083333,78.63583333,110.055,70.81125,23.4725,48,2025,November
Garulia Municipality,North 24 Pgs.,11/30/2025,22.8237222,88.3656453,156.375,76.925,109.26375,82.03875,19.8075,48,2025,November
Gobardanga College,North 24 Pgs.,8/31/2025,22.8820946,88.7576054,46.58333333,26.165,46.64916667,78.25333333,33.35208333,35,2025,August
Gobardanga College,North 24 Pgs.,9/1/2025,22.8820946,88.7576054,57.5,32.1225,57.51666667,80.75125,33.18541667,36,2025,September
Gobardanga College,North 24 Pgs.,9/2/2025,22.8820946,88.7576054,38.65217391,22.77695652,38.61043478,90.85347826,28.59478261,36,2025,September
Gobardanga College,North 24 Pgs.,9/3/2025,22.8820946,88.7576054,36.68181818,21.63045455,36.65363636,90.23363636,28.42090909,36,2025,September
Gobardanga College,North 24 Pgs.,9/4/2025,22.8820946,88.7576054,40.375,23.49416667,40.34916667,86.27333333,30.58041667,36,2025,September
Gobardanga College,North 24 Pgs.,9/5/2025,22.8820946,88.7576054,50.83333333,28.92583333,50.81416667,84.055,31.335,36,2025,September
Gobardanga College,North 24 Pgs.,9/6/2025,22.8820946,88.7576054,56.375,31.65583333,56.385,79.21125,31.78791667,36,2025,September
Gobardanga College,North 24 Pgs.,9/7/2025,22.8820946,88.7576054,60.79166667,34.29291667,60.79541667,78.83791667,32.08083333,36,2025,September
Gobardanga College,North 24 Pgs.,9/8/2025,22.8820946,88.7576054,101.2083333,58.12166667,102.12125,76.86,32.545,37,2025,September
Gobardanga College,North 24 Pgs.,9/9/2025,22.8820946,88.7576054,92.75,52.95958333,93.12958333,78.31041667,32.20916667,37,2025,September
Gobardanga College,North 24 Pgs.,9/10/2025,22.8820946,88.7576054,55,31.13708333,55.13541667,77.71666667,32.24041667,37,2025,September
Gobardanga College,North 24 Pgs.,9/11/2025,22.8820946,88.7576054,52,29.78916667,52.04208333,81.00125,31.8075,37,2025,September
Gobardanga College,North 24 Pgs.,9/12/2025,22.8820946,88.7576054,47.70833333,27.35791667,47.66541667,83.20166667,31.33,37,2025,September
Gobardanga College,North 24 Pgs.,9/13/2025,22.8820946,88.7576054,47.66666667,27.73666667,47.77583333,83.62083333,30.96666667,37,2025,September
Gobardanga College,North 24 Pgs.,9/14/2025,22.8820946,88.7576054,48.16666667,28.07875,48.16791667,89.51208333,29.53708333,37,2025,September
Gobardanga College,North 24 Pgs.,9/15/2025,22.8820946,88.7576054,45.79166667,26.75375,45.80666667,92.00875,28.82958333,38,2025,September
Gobardanga College,North 24 Pgs.,9/16/2025,22.8820946,88.7576054,47.5,27.65875,47.48458333,90.905,28.50208333,38,2025,September
Gobardanga College,North 24 Pgs.,9/17/2025,22.8820946,88.7576054,48.875,28.23166667,48.87708333,86.95375,30.01875,38,2025,September
Gobardanga College,North 24 Pgs.,9/18/2025,22.8820946,88.7576054,55.41666667,31.5475,55.435,80.94041667,31.71083333,38,2025,September
Gobardanga College,North 24 Pgs.,9/19/2025,22.8820946,88.7576054,67.04166667,38.20833333,67.05458333,84.60583333,31.41833333,38,2025,September
Gobardanga College,North 24 Pgs.,9/20/2025,22.8820946,88.7576054,77.625,44.54,77.59416667,91.135,29.38416667,38,2025,September
Gobardanga College,North 24 Pgs.,9/21/2025,22.8820946,88.7576054,82.54166667,47.32625,82.49916667,84.20166667,30.985,38,2025,September
Gobardanga College,North 24 Pgs.,9/22/2025,22.8820946,88.7576054,61.95833333,35.89916667,62.00041667,89.71166667,29.07791667,39,2025,September
Gobardanga College,North 24 Pgs.,9/23/2025,22.8820946,88.7576054,47.79166667,27.82875,47.69208333,87.1325,29.425,39,2025,September
Gobardanga College,North 24 Pgs.,9/24/2025,22.8820946,88.7576054,48.91666667,28.40916667,49.00208333,81.72833333,31.20583333,39,2025,September
Gobardanga College,North 24 Pgs.,9/25/2025,22.8820946,88.7576054,51.95833333,29.94,51.85541667,81.305,31.61125,39,2025,September
Gobardanga College,North 24 Pgs.,9/26/2025,22.8820946,88.7576054,45.29166667,26.41916667,45.32375,81.63666667,31.23666667,39,2025,September
Gobardanga College,North 24 Pgs.,9/27/2025,22.8820946,88.7576054,45.625,26.45166667,45.58958333,81.00125,31.4425,39,2025,September
Gobardanga College,North 24 Pgs.,9/28/2025,22.8820946,88.7576054,46.41666667,26.62958333,46.32625,80.05291667,31.79916667,39,2025,September
Gobardanga College,North 24 Pgs.,9/29/2025,22.8820946,88.7576054,54.29166667,30.49833333,54.29833333,79.80416667,32.08958333,40,2025,September
Gobardanga College,North 24 Pgs.,9/30/2025,22.8820946,88.7576054,65.83333333,37.11291667,65.82541667,81.53708333,31.64541667,40,2025,September
Gobardanga College,North 24 Pgs.,10/1/2025,22.8820946,88.7576054,53,30.27458333,52.94958333,86.32166667,29.69375,40,2025,October
Gobardanga College,North 24 Pgs.,10/2/2025,22.8820946,88.7576054,45.375,26.59166667,45.40875,92.11333333,28.24791667,40,2025,October
Gobardanga College,North 24 Pgs.,10/3/2025,22.8820946,88.7576054,53.70833333,31.23,53.79083333,93.815,28.09875,40,2025,October
Gobardanga College,North 24 Pgs.,10/4/2025,22.8820946,88.7576054,57,32.7375,56.96875,88.8275,29.57375,40,2025,October
Gobardanga College,North 24 Pgs.,10/5/2025,22.8820946,88.7576054,51.45833333,29.88583333,51.37375,90.26833333,28.26291667,40,2025,October
Gobardanga College,North 24 Pgs.,10/6/2025,22.8820946,88.7576054,65.08333333,37.63458333,65.04458333,87.71166667,28.77583333,41,2025,October
Gobardanga College,North 24 Pgs.,10/7/2025,22.8820946,88.7576054,76.04166667,43.89916667,76.07041667,85.18,29.29583333,41,2025,October
Gobardanga College,North 24 Pgs.,10/8/2025,22.8820946,88.7576054,67.65217391,39.1073913,67.76565217,85.62173913,29.25347826,41,2025,October
Gobardanga College,North 24 Pgs.,10/9/2025,22.8820946,88.7576054,77.33333333,44.55875,77.30041667,86.14666667,29.45208333,41,2025,October
Gobardanga College,North 24 Pgs.,10/10/2025,22.8820946,88.7576054,68.125,39.32666667,68.1275,88.45416667,28.3425,41,2025,October
Gobardanga College,North 24 Pgs.,10/11/2025,22.8820946,88.7576054,63.20833333,36.37458333,63.18875,85.6375,29.15583333,41,2025,October
Gobardanga College,North 24 Pgs.,10/12/2025,22.8820946,88.7576054,67.66666667,38.09125,67.62375,80.24708333,30.05916667,41,2025,October
Gobardanga College,North 24 Pgs.,10/13/2025,22.8820946,88.7576054,79.91666667,44.66541667,79.91458333,78.39583333,29.56333333,42,2025,October
Gobardanga College,North 24 Pgs.,10/14/2025,22.8820946,88.7576054,87.58333333,49.01625,87.68125,76.73208333,29.31458333,42,2025,October
Gobardanga College,North 24 Pgs.,10/15/2025,22.8820946,88.7576054,92.29166667,52.01541667,92.69708333,76.84166667,28.97208333,42,2025,October
Gobardanga College,North 24 Pgs.,10/16/2025,22.8820946,88.7576054,93.875,52.6425,94.48166667,77.225,28.86625,42,2025,October
Gobardanga College,North 24 Pgs.,10/17/2025,22.8820946,88.7576054,96.375,54.56375,97.16166667,77.42958333,29.55875,42,2025,October
Gobardanga College,North 24 Pgs.,10/18/2025,22.8820946,88.7576054,94.70833333,54.13208333,95.74,78.975,30.35916667,42,2025,October
Gobardanga College,North 24 Pgs.,10/19/2025,22.8820946,88.7576054,85.45833333,48.14166667,85.46875,80.04708333,30.54666667,42,2025,October
Gobardanga College,North 24 Pgs.,10/20/2025,22.8820946,88.7576054,101.6666667,55.02083333,97.55375,80.29125,30.29666667,43,2025,October
Gobardanga College,North 24 Pgs.,10/21/2025,22.8820946,88.7576054,91.375,51.91666667,91.81791667,79.14083333,30.0375,43,2025,October
Gobardanga College,North 24 Pgs.,10/22/2025,22.8820946,88.7576054,92.75,51.90333333,91.76208333,79.58083333,29.6525,43,2025,October
Gobardanga College,North 24 Pgs.,10/23/2025,22.8820946,88.7576054,87.91666667,48.96125,87.1875,75.79125,30.16291667,43,2025,October
Gobardanga College,North 24 Pgs.,10/24/2025,22.8820946,88.7576054,89.125,50.59875,89.66625,77.41166667,29.8825,43,2025,October
Gobardanga College,North 24 Pgs.,10/25/2025,22.8820946,88.7576054,102.125,57.27583333,101.3204167,78.93833333,30.40458333,43,2025,October
Gobardanga College,North 24 Pgs.,10/26/2025,22.8820946,88.7576054,112.8333333,61.075,108.4875,79.80875,30.22333333,43,2025,October
Gobardanga College,North 24 Pgs.,10/27/2025,22.8820946,88.7576054,123.3333333,66.66125,117.1429167,79.31125,30.71541667,44,2025,October
Gobardanga College,North 24 Pgs.,10/28/2025,22.8820946,88.7576054,100.9166667,56.47,98.28291667,77.40208333,30.60083333,44,2025,October
Gobardanga College,North 24 Pgs.,10/29/2025,22.8820946,88.7576054,83.08333333,47.97875,83.08,91.49291667,27.4875,44,2025,October
Gobardanga College,North 24 Pgs.,10/30/2025,22.8820946,88.7576054,77.5,45.06083333,77.56,85.29958333,29.4625,44,2025,October
Gobardanga College,North 24 Pgs.,10/31/2025,22.8820946,88.7576054,105.6666667,61.36625,105.9316667,82.88833333,30.04375,44,2025,October
Gobardanga College,North 24 Pgs.,11/1/2025,22.8820946,88.7576054,75.33333333,43.22875,75.48333333,84.615,29.79083333,44,2025,November
Gobardanga College,North 24 Pgs.,11/2/2025,22.8820946,88.7576054,54.375,31.14958333,54.44,85.45166667,26.94125,44,2025,November
Gobardanga College,North 24 Pgs.,11/3/2025,22.8820946,88.7576054,84.5,47.34958333,83.64375,79.5,27.37625,45,2025,November
Gobardanga College,North 24 Pgs.,11/4/2025,22.8820946,88.7576054,156.7083333,77.02916667,135.9895833,83.46833333,26.52291667,45,2025,November
Gobardanga College,North 24 Pgs.,11/5/2025,22.8820946,88.7576054,147.6666667,73.45083333,129.5145833,77.97416667,27.60333333,45,2025,November
Gobardanga College,North 24 Pgs.,11/6/2025,22.8820946,88.7576054,148.5416667,74.02625,130.9345833,78.79083333,28.58041667,45,2025,November
Gobardanga College,North 24 Pgs.,11/7/2025,22.8820946,88.7576054,123.6666667,65.78041667,116.2391667,79.06166667,28.29958333,45,2025,November
Gobardanga College,North 24 Pgs.,11/8/2025,22.8820946,88.7576054,95.54166667,52.65833333,95.05666667,69.38875,26.42458333,45,2025,November
Gobardanga College,North 24 Pgs.,11/9/2025,22.8820946,88.7576054,88.41666667,49.155,88.38041667,71.58708333,24.80875,45,2025,November
Gobardanga College,North 24 Pgs.,11/10/2025,22.8820946,88.7576054,109.8333333,61.58833333,109.8191667,76.89166667,24.73041667,46,2025,November
Gobardanga College,North 24 Pgs.,11/11/2025,22.8820946,88.7576054,103.7916667,58.36208333,104.12125,75.18958333,23.98958333,46,2025,November
Gobardanga College,North 24 Pgs.,11/12/2025,22.8820946,88.7576054,123.7083333,66.57375,118.5279167,75.71166667,23.24625,46,2025,November
Gobardanga College,North 24 Pgs.,11/13/2025,22.8820946,88.7576054,116.75,64.31708333,114.0475,76.255,23.255,46,2025,November
Gobardanga College,North 24 Pgs.,11/14/2025,22.8820946,88.7576054,109.1333333,61.05066667,107.1986667,77.90933333,22.91866667,46,2025,November
Gobardanga College,North 24 Pgs.,11/15/2025,22.8820946,88.7576054,101.7142857,57.43142857,102.5364286,67.17928571,27.36285714,46,2025,November
Gobardanga College,North 24 Pgs.,11/16/2025,22.8820946,88.7576054,102.75,56.95458333,101.9479167,76.82708333,24.78916667,46,2025,November
Gobardanga College,North 24 Pgs.,11/17/2025,22.8820946,88.7576054,93.70833333,51.71,92.20083333,77.10666667,25.33375,47,2025,November
Gobardanga College,North 24 Pgs.,11/18/2025,22.8820946,88.7576054,73.04166667,40.89458333,73.05458333,75.42916667,25.36208333,47,2025,November
Gobardanga College,North 24 Pgs.,11/19/2025,22.8820946,88.7576054,69.25,38.6525,69.19541667,74.35875,26.26166667,47,2025,November
Gobardanga College,North 24 Pgs.,11/20/2025,22.8820946,88.7576054,74,41.83416667,74.05333333,74.86041667,25.61833333,47,2025,November
Gobardanga College,North 24 Pgs.,11/21/2025,22.8820946,88.7576054,81.95833333,46.47125,82.32083333,76.37416667,25.32125,47,2025,November
Gobardanga College,North 24 Pgs.,11/22/2025,22.8820946,88.7576054,102.2916667,58.06875,103.7533333,78.96,24.30791667,47,2025,November
Gobardanga College,North 24 Pgs.,11/23/2025,22.8820946,88.7576054,101.4583333,57.88333333,102.9120833,77.71041667,24.73291667,47,2025,November
Gobardanga College,North 24 Pgs.,11/24/2025,22.8820946,88.7576054,113.75,63.41875,113.02,77.3475,24.24208333,48,2025,November
Gobardanga College,North 24 Pgs.,11/25/2025,22.8820946,88.7576054,119.25,65.04041667,115.3279167,76.87041667,22.51291667,48,2025,November
Gobardanga College,North 24 Pgs.,11/26/2025,22.8820946,88.7576054,105.375,59.49583333,105.3704167,77.39208333,21.54541667,48,2025,November
Gobardanga College,North 24 Pgs.,11/27/2025,22.8820946,88.7576054,84.33333333,47.63041667,84.33083333,77.4025,23.31166667,48,2025,November
Gobardanga College,North 24 Pgs.,11/28/2025,22.8820946,88.7576054,79.125,44.34041667,79.20833333,76.41958333,23.88958333,48,2025,November
Gobardanga College,North 24 Pgs.,11/29/2025,22.8820946,88.7576054,88.16666667,49.48625,88.38416667,79.36625,24.18041667,48,2025,November
Gobardanga College,North 24 Pgs.,11/30/2025,22.8820946,88.7576054,101.9583333,57.57583333,102.02875,79.74166667,22.58333333,48,2025,November
Gobardanga College,North 24 Pgs.,12/1/2025,22.8820946,88.7576054,107,61.63,109.86,96.64,18.48,49,2025,December
Habra College,North 24 Pgs.,8/31/2025,22.835104,88.639679,35.875,19.87,35.79,72.63416667,33.08041667,35,2025,August
Habra College,North 24 Pgs.,9/1/2025,22.835104,88.639679,42.75,24.05958333,42.74833333,74.35916667,33.765,36,2025,September
Habra College,North 24 Pgs.,9/2/2025,22.835104,88.639679,32.55555556,17.49611111,32.61,82.51444444,31.18888889,36,2025,September
Habra College,North 24 Pgs.,9/3/2025,22.835104,88.639679,30.95652174,16.89217391,31.00869565,82.35608696,30.15782609,36,2025,September
Habra College,North 24 Pgs.,9/4/2025,22.835104,88.639679,32.29166667,17.795,32.22916667,78.71333333,31.14166667,36,2025,September
Habra College,North 24 Pgs.,9/5/2025,22.835104,88.639679,38.16666667,21.2325,38.18791667,76.26416667,32.84625,36,2025,September
Habra College,North 24 Pgs.,9/6/2025,22.835104,88.639679,40.66666667,22.6975,40.71333333,71.8925,33.56083333,36,2025,September
Habra College,North 24 Pgs.,9/7/2025,22.835104,88.639679,38.5,21.66625,38.45833333,71.36708333,33.26041667,36,2025,September
Habra College,North 24 Pgs.,9/8/2025,22.835104,88.639679,37.66666667,21.13333333,37.7625,69.15666667,33.68916667,37,2025,September
Habra College,North 24 Pgs.,9/9/2025,22.835104,88.639679,39.5,22.26875,39.49791667,69.64208333,33.355,37,2025,September
Habra College,North 24 Pgs.,9/10/2025,22.835104,88.639679,38.95833333,22.03125,38.93458333,69.30125,33.53208333,37,2025,September
Habra College,North 24 Pgs.,9/11/2025,22.835104,88.639679,37.45833333,21.27166667,37.40833333,71.19375,33.56666667,37,2025,September
Habra College,North 24 Pgs.,9/12/2025,22.835104,88.639679,36.41666667,20.22,36.40458333,75.19708333,32.65916667,37,2025,September
Habra College,North 24 Pgs.,9/13/2025,22.835104,88.639679,35.08333333,19.37416667,35.06125,74.52375,32.61166667,37,2025,September
Habra College,North 24 Pgs.,9/14/2025,22.835104,88.639679,35.45833333,19.45041667,35.4525,80.52041667,30.47166667,37,2025,September
Habra College,North 24 Pgs.,9/15/2025,22.835104,88.639679,36.73684211,20.14368421,36.57052632,84.03052632,29.57210526,38,2025,September
Habra College,North 24 Pgs.,9/16/2025,22.835104,88.639679,35,19.51,34.91681818,83.28954545,29.66090909,38,2025,September
Habra College,North 24 Pgs.,9/17/2025,22.835104,88.639679,36.41666667,20.26041667,36.41291667,78.99791667,31.61583333,38,2025,September
Habra College,North 24 Pgs.,9/18/2025,22.835104,88.639679,38.08333333,21.7275,38.11791667,73.93208333,32.86833333,38,2025,September
Habra College,North 24 Pgs.,9/19/2025,22.835104,88.639679,49.75,27.955,49.745,78.45958333,32.20291667,38,2025,September
Habra College,North 24 Pgs.,9/20/2025,22.835104,88.639679,58.75,32.99583333,58.76833333,82.65958333,30.41458333,38,2025,September
Habra College,North 24 Pgs.,9/21/2025,22.835104,88.639679,65.08333333,36.84875,65.09458333,77.03583333,31.95875,38,2025,September
Habra College,North 24 Pgs.,9/22/2025,22.835104,88.639679,48.91666667,27.635,48.92166667,80.26083333,30.575,39,2025,September
Habra College,North 24 Pgs.,9/23/2025,22.835104,88.639679,40.52380952,22.67571429,40.41095238,81.19,30.54571429,39,2025,September
Habra College,North 24 Pgs.,9/24/2025,22.835104,88.639679,40.33333333,22.75125,40.30916667,74.50458333,32.57791667,39,2025,September
Habra College,North 24 Pgs.,9/25/2025,22.835104,88.639679,40.41666667,22.65541667,40.40916667,74.24541667,32.1575,39,2025,September
Habra College,North 24 Pgs.,9/26/2025,22.835104,88.639679,34.625,19.31958333,34.65791667,74.0575,32.47583333,39,2025,September
Habra College,North 24 Pgs.,9/27/2025,22.835104,88.639679,35.125,19.90833333,35.13625,73.10291667,32.90375,39,2025,September
Habra College,North 24 Pgs.,9/28/2025,22.835104,88.639679,34.33333333,19.6325,34.40833333,71.0375,33.18708333,39,2025,September
Habra College,North 24 Pgs.,9/29/2025,22.835104,88.639679,39.83333333,22.38166667,39.80041667,71.99875,33.17375,40,2025,September
Habra College,North 24 Pgs.,9/30/2025,22.835104,88.639679,46.125,25.90083333,46.07291667,74.74083333,32.99125,40,2025,September
Habra College,North 24 Pgs.,10/1/2025,22.835104,88.639679,38.625,21.39375,38.56916667,76.33625,31.96,40,2025,October
Habra College,North 24 Pgs.,10/2/2025,22.835104,88.639679,30.3125,16.65625,30.2675,81.205,30.15875,40,2025,October
Habra College,North 24 Pgs.,10/3/2025,22.835104,88.639679,37.35714286,21.135,37.17214286,83.84214286,29.95714286,40,2025,October
Habra College,North 24 Pgs.,10/4/2025,22.835104,88.639679,34.70833333,19.74416667,34.73166667,80.22375,30.57583333,40,2025,October
Habra College,North 24 Pgs.,10/5/2025,22.835104,88.639679,33.08695652,18.41173913,32.99,80.88608696,29.82565217,40,2025,October
Habra College,North 24 Pgs.,10/6/2025,22.835104,88.639679,46.875,26.37208333,46.89666667,79.13833333,30.37375,41,2025,October
Habra College,North 24 Pgs.,10/7/2025,22.835104,88.639679,52.16666667,29.59791667,52.15833333,76.14291667,30.71041667,41,2025,October
Habra College,North 24 Pgs.,10/8/2025,22.835104,88.639679,50.29411765,28.73176471,50.39,76.40294118,30.76588235,41,2025,October
Habra College,North 24 Pgs.,10/9/2025,22.835104,88.639679,59.33333333,33.94083333,59.33416667,75.92833333,30.93416667,41,2025,October
Habra College,North 24 Pgs.,10/10/2025,22.835104,88.639679,62.08333333,35.09875,62.22125,80.70791667,30.1775,41,2025,October
Habra College,North 24 Pgs.,10/11/2025,22.835104,88.639679,55.79166667,31.07458333,55.83125,76.99125,30.27541667,41,2025,October
Habra College,North 24 Pgs.,10/12/2025,22.835104,88.639679,59.375,32.76333333,59.39,72.9675,31.03,41,2025,October
Habra College,North 24 Pgs.,10/13/2025,22.835104,88.639679,70.29166667,39.17458333,70.27375,71.11291667,31.48125,42,2025,October
Habra College,North 24 Pgs.,10/14/2025,22.835104,88.639679,72.5,40.85833333,72.38458333,69.98083333,30.5825,42,2025,October
Habra College,North 24 Pgs.,10/15/2025,22.835104,88.639679,78.70833333,44.3875,78.62125,69.80583333,30.40583333,42,2025,October
Habra College,North 24 Pgs.,10/16/2025,22.835104,88.639679,78.20833333,43.27125,78.09458333,68.20708333,30.49708333,42,2025,October
Habra College,North 24 Pgs.,10/17/2025,22.835104,88.639679,77.29166667,43.04166667,77.38708333,69.54416667,30.89375,42,2025,October
Habra College,North 24 Pgs.,10/18/2025,22.835104,88.639679,72.83333333,41.07625,72.76875,71.74375,31.93375,42,2025,October
Habra College,North 24 Pgs.,10/19/2025,22.835104,88.639679,60.41666667,34.06916667,60.45208333,71.04958333,32.46458333,42,2025,October
Habra College,North 24 Pgs.,10/20/2025,22.835104,88.639679,71.58333333,40.41333333,71.31875,71.26416667,32.12708333,43,2025,October
Habra College,North 24 Pgs.,10/21/2025,22.835104,88.639679,65.95833333,37.63875,65.90708333,70.06458333,31.33916667,43,2025,October
Habra College,North 24 Pgs.,10/22/2025,22.835104,88.639679,69.33333333,39.19375,69.42041667,69.2125,31.33083333,43,2025,October
Habra College,North 24 Pgs.,10/23/2025,22.835104,88.639679,62.25,35.35208333,62.26916667,67.42125,31.82291667,43,2025,October
Habra College,North 24 Pgs.,10/24/2025,22.835104,88.639679,66.70833333,37.6575,66.67458333,68.12375,31.66958333,43,2025,October
Habra College,North 24 Pgs.,10/25/2025,22.835104,88.639679,68.58333333,38.72333333,68.51,70.6875,31.23916667,43,2025,October
Habra College,North 24 Pgs.,10/26/2025,22.835104,88.639679,57.91666667,32.80458333,57.94041667,70.57833333,31.22166667,43,2025,October
Habra College,North 24 Pgs.,10/27/2025,22.835104,88.639679,65.08333333,37.16458333,65.04916667,70.46291667,32.04666667,44,2025,October
Habra College,North 24 Pgs.,10/28/2025,22.835104,88.639679,52.79166667,30.0525,52.74833333,70.72166667,31.26041667,44,2025,October
Habra College,North 24 Pgs.,10/29/2025,22.835104,88.639679,36.43478261,20.22304348,36.29608696,81.32478261,29.29652174,44,2025,October
Habra College,North 24 Pgs.,10/30/2025,22.835104,88.639679,34.56521739,19.06652174,34.41521739,77.86782609,30.43391304,44,2025,October
Habra College,North 24 Pgs.,10/31/2025,22.835104,88.639679,37.45833333,20.98125,37.53458333,74.9825,31.71375,44,2025,October
Habra College,North 24 Pgs.,11/1/2025,22.835104,88.639679,40.95833333,23.15625,40.96958333,75.91291667,30.90291667,44,2025,November
Habra College,North 24 Pgs.,11/2/2025,22.835104,88.639679,36.83333333,20.26041667,36.83666667,75.52166667,28.66875,44,2025,November
Habra College,North 24 Pgs.,11/3/2025,22.835104,88.639679,62.16666667,34.67916667,62.1975,70.44083333,28.61541667,45,2025,November
Habra College,North 24 Pgs.,11/4/2025,22.835104,88.639679,101.0833333,57.21916667,100.7079167,72.70416667,28.44,45,2025,November
Habra College,North 24 Pgs.,11/5/2025,22.835104,88.639679,102.2916667,57.31291667,101.3670833,69.65583333,28.64625,45,2025,November
Habra College,North 24 Pgs.,11/6/2025,22.835104,88.639679,97.08333333,54.8,96.82791667,70.41583333,29.70875,45,2025,November
Habra College,North 24 Pgs.,11/7/2025,22.835104,88.639679,85.95833333,48.98666667,86.03416667,69.31416667,29.99625,45,2025,November
Habra College,North 24 Pgs.,11/8/2025,22.835104,88.639679,59.70833333,33.7125,59.83625,61.04333333,28.61541667,45,2025,November
Habra College,North 24 Pgs.,11/9/2025,22.835104,88.639679,57.875,31.80458333,57.835,60.15125,28.19208333,45,2025,November
Habra College,North 24 Pgs.,11/10/2025,22.835104,88.639679,80.91666667,45.23416667,80.97833333,64.33666667,27.02166667,46,2025,November
Habra College,North 24 Pgs.,11/11/2025,22.835104,88.639679,77.95833333,43.2625,77.98125,61.94375,26.25375,46,2025,November
Habra College,North 24 Pgs.,11/12/2025,22.835104,88.639679,90.54166667,50.79458333,90.94208333,63.72166667,25.41458333,46,2025,November
Habra College,North 24 Pgs.,11/13/2025,22.835104,88.639679,87.83333333,49.46958333,87.80333333,64.80541667,25.08875,46,2025,November
Habra College,North 24 Pgs.,11/14/2025,22.835104,88.639679,79.79166667,44.66208333,79.7875,65.73708333,25.83416667,46,2025,November
Habra College,North 24 Pgs.,11/15/2025,22.835104,88.639679,73.625,41.39208333,73.595,65.6625,25.54083333,46,2025,November
Habra College,North 24 Pgs.,11/16/2025,22.835104,88.639679,75.91666667,42.81958333,76.07125,65.87833333,26.00583333,46,2025,November
Habra College,North 24 Pgs.,11/17/2025,22.835104,88.639679,70.875,39.81708333,70.93166667,65.72416667,26.40875,47,2025,November
Habra College,North 24 Pgs.,11/18/2025,22.835104,88.639679,58.75,33.05666667,58.84291667,64.4525,26.23833333,47,2025,November
Habra College,North 24 Pgs.,11/19/2025,22.835104,88.639679,54.625,30.56208333,54.71666667,63.93791667,27.10166667,47,2025,November
Habra College,North 24 Pgs.,11/20/2025,22.835104,88.639679,60.29166667,33.61791667,60.24333333,63.55,27.53916667,47,2025,November
Habra College,North 24 Pgs.,11/21/2025,22.835104,88.639679,73.83333333,40.95583333,74.06041667,65.71333333,25.74541667,47,2025,November
Habra College,North 24 Pgs.,11/22/2025,22.835104,88.639679,88.58333333,49.90208333,89.33916667,67.21791667,25.78916667,47,2025,November
Habra College,North 24 Pgs.,11/23/2025,22.835104,88.639679,81.625,46.08916667,81.73,66.94958333,26.50083333,47,2025,November
Habra College,North 24 Pgs.,11/24/2025,22.835104,88.639679,84.69565217,48.06,85.06652174,66.33304348,24.64782609,48,2025,November
Habra College,North 24 Pgs.,11/25/2025,22.835104,88.639679,86.75,48.72458333,86.99833333,65.335,24.96458333,48,2025,November
Habra College,North 24 Pgs.,11/26/2025,22.835104,88.639679,77.33333333,43.71458333,77.37041667,64.2675,23.46125,48,2025,November
Habra College,North 24 Pgs.,11/27/2025,22.835104,88.639679,67.16666667,37.94541667,67.15,64.98125,25.45333333,48,2025,November
Habra College,North 24 Pgs.,11/28/2025,22.835104,88.639679,64.43478261,36.3926087,64.49173913,66.21043478,25.2473913,48,2025,November
Habra College,North 24 Pgs.,11/29/2025,22.835104,88.639679,80.70833333,44.21208333,79.02958333,67.56416667,25.04041667,48,2025,November
Habra College,North 24 Pgs.,11/30/2025,22.835104,88.639679,79.75,45.265,80.155,68.05375,25.83041667,48,2025,November
Habra College,North 24 Pgs.,12/1/2025,22.835104,88.639679,87,48.94,87.48,82.13,21.04,49,2025,December
Halisahar Municipality ,North 24 Pgs.,8/31/2025,22.937878,88.413593,53.70833333,28.73875,53.69041667,88.13458333,30.21,35,2025,August
Halisahar Municipality ,North 24 Pgs.,9/1/2025,22.937878,88.413593,64.45833333,35.625,64.40375,87.63333333,31.11541667,36,2025,September
Halisahar Municipality ,North 24 Pgs.,9/2/2025,22.937878,88.413593,39.33333333,21.58583333,39.35375,94.14708333,28.14,36,2025,September
Halisahar Municipality ,North 24 Pgs.,9/3/2025,22.937878,88.413593,36.25,19.87833333,36.20291667,92.18416667,28.32416667,36,2025,September
Halisahar Municipality ,North 24 Pgs.,9/4/2025,22.937878,88.413593,43.5,23.48083333,43.53458333,87.13041667,30.09875,36,2025,September
Halisahar Municipality ,North 24 Pgs.,9/5/2025,22.937878,88.413593,60.58333333,32.24666667,60.6425,84.65375,30.7575,36,2025,September
Halisahar Municipality ,North 24 Pgs.,9/6/2025,22.937878,88.413593,75.79166667,39.83833333,75.75833333,82.98041667,31.30958333,36,2025,September
Halisahar Municipality ,North 24 Pgs.,9/7/2025,22.937878,88.413593,74.04166667,39.59333333,74.08,84.59208333,30.73375,36,2025,September
Halisahar Municipality ,North 24 Pgs.,9/8/2025,22.937878,88.413593,63.95833333,33.7575,64.05708333,80.55916667,31.36583333,37,2025,September
Halisahar Municipality ,North 24 Pgs.,9/9/2025,22.937878,88.413593,73.08333333,39.03,73.24916667,82.14333333,31.0625,37,2025,September
Halisahar Municipality ,North 24 Pgs.,9/10/2025,22.937878,88.413593,65.83333333,35.80333333,65.77083333,81.68208333,31.60833333,37,2025,September
Halisahar Municipality ,North 24 Pgs.,9/11/2025,22.937878,88.413593,79.77777778,43.93111111,79.89111111,92.83111111,29.58777778,37,2025,September
Halisahar Municipality ,North 24 Pgs.,9/13/2025,22.937878,88.413593,49.76923077,27.38846154,49.61230769,80.17615385,31.71076923,37,2025,September
Halisahar Municipality ,North 24 Pgs.,9/14/2025,22.937878,88.413593,53.83333333,29.605,53.92541667,93.5525,28.6575,37,2025,September
Halisahar Municipality ,North 24 Pgs.,9/15/2025,22.937878,88.413593,53.79166667,29.95333333,53.83333333,96.335,27.79333333,38,2025,September
Halisahar Municipality ,North 24 Pgs.,9/16/2025,22.937878,88.413593,55.75,31.47875,55.79666667,95.89625,27.7525,38,2025,September
Halisahar Municipality ,North 24 Pgs.,9/17/2025,22.937878,88.413593,63.625,35.07583333,63.765,93.33291667,28.77833333,38,2025,September
Halisahar Municipality ,North 24 Pgs.,9/18/2025,22.937878,88.413593,61.20833333,33.77541667,61.07083333,86.8525,30.55416667,38,2025,September
Halisahar Municipality ,North 24 Pgs.,9/19/2025,22.937878,88.413593,82.5,45.64458333,82.66208333,91.5525,29.64125,38,2025,September
Halisahar Municipality ,North 24 Pgs.,9/20/2025,22.937878,88.413593,101.5416667,56.71708333,102.12125,92.28458333,29.20208333,38,2025,September
Halisahar Municipality ,North 24 Pgs.,9/21/2025,22.937878,88.413593,109.2916667,60.9125,108.0025,87.88333333,30.24625,38,2025,September
Halisahar Municipality ,North 24 Pgs.,9/22/2025,22.937878,88.413593,79.45833333,44.46125,79.45916667,91.45166667,29.04041667,39,2025,September
Halisahar Municipality ,North 24 Pgs.,9/23/2025,22.937878,88.413593,56.625,31.6975,56.61791667,94.01541667,28.35708333,39,2025,September
Halisahar Municipality ,North 24 Pgs.,9/24/2025,22.937878,88.413593,63.04166667,34.36666667,62.93791667,85.84125,30.39333333,39,2025,September
Halisahar Municipality ,North 24 Pgs.,9/25/2025,22.937878,88.413593,66.58333333,36.24958333,66.52166667,88.73333333,30.0975,39,2025,September
Halisahar Municipality ,North 24 Pgs.,9/26/2025,22.937878,88.413593,53.04166667,27.79791667,53.07541667,84.38583333,30.79791667,39,2025,September
Halisahar Municipality ,North 24 Pgs.,9/27/2025,22.937878,88.413593,54.66666667,30.15458333,54.81958333,82.035,31.42083333,39,2025,September
Halisahar Municipality ,North 24 Pgs.,9/28/2025,22.937878,88.413593,51.5,28.20791667,51.53958333,83.3825,31.13791667,39,2025,September
Halisahar Municipality ,North 24 Pgs.,9/29/2025,22.937878,88.413593,64.79166667,35.9375,64.70083333,85.57166667,30.81375,40,2025,September
Halisahar Municipality ,North 24 Pgs.,9/30/2025,22.937878,88.413593,76,42.59708333,75.98541667,87.72875,30.62291667,40,2025,September
Halisahar Municipality ,North 24 Pgs.,10/1/2025,22.937878,88.413593,56.625,31.61083333,56.69875,85.75666667,30.07291667,40,2025,October
Halisahar Municipality ,North 24 Pgs.,10/2/2025,22.937878,88.413593,40.58333333,22.98291667,40.60541667,94.7275,28.00208333,40,2025,October
Halisahar Municipality ,North 24 Pgs.,10/3/2025,22.937878,88.413593,47.375,26.70625,47.415,97.38791667,27.71916667,40,2025,October
Halisahar Municipality ,North 24 Pgs.,10/4/2025,22.937878,88.413593,56.33333333,30.61333333,56.305,90.75458333,29.52375,40,2025,October
Halisahar Municipality ,North 24 Pgs.,10/5/2025,22.937878,88.413593,50.54166667,28.21875,50.45916667,93.86791667,27.75208333,40,2025,October
Halisahar Municipality ,North 24 Pgs.,10/6/2025,22.937878,88.413593,83.75,46.21,83.30583333,92.27083333,27.92208333,41,2025,October
Halisahar Municipality ,North 24 Pgs.,10/7/2025,22.937878,88.413593,92.54166667,51.99958333,91.88916667,88.92166667,28.80083333,41,2025,October
Halisahar Municipality ,North 24 Pgs.,10/8/2025,22.937878,88.413593,97.45833333,53.70291667,95.87166667,91.41208333,28.20541667,41,2025,October
Halisahar Municipality ,North 24 Pgs.,10/9/2025,22.937878,88.413593,105.5416667,58.55416667,104.6279167,88.23708333,28.64666667,41,2025,October
Halisahar Municipality ,North 24 Pgs.,10/10/2025,22.937878,88.413593,94.375,52.785,94.04958333,92.61125,27.63916667,41,2025,October
Halisahar Municipality ,North 24 Pgs.,10/11/2025,22.937878,88.413593,84.45833333,45.66291667,84.97,85.57,28.61041667,41,2025,October
Halisahar Municipality ,North 24 Pgs.,10/12/2025,22.937878,88.413593,102.25,55.48791667,104.5341667,83.66458333,28.86208333,41,2025,October
Halisahar Municipality ,North 24 Pgs.,10/13/2025,22.937878,88.413593,101.9583333,55.89166667,103.7345833,79.64083333,28.80666667,42,2025,October
Halisahar Municipality ,North 24 Pgs.,10/14/2025,22.937878,88.413593,111.875,61.73916667,114.6141667,80.43625,28.405,42,2025,October
Halisahar Municipality ,North 24 Pgs.,10/15/2025,22.937878,88.413593,115.5833333,63.70833333,116.52,79.07125,28.10541667,42,2025,October
Halisahar Municipality ,North 24 Pgs.,10/16/2025,22.937878,88.413593,113.1666667,61.36333333,112.6325,76.47625,27.8975,42,2025,October
Halisahar Municipality ,North 24 Pgs.,10/17/2025,22.937878,88.413593,134.25,70.0925,127.33,78.83916667,28.54833333,42,2025,October
Halisahar Municipality ,North 24 Pgs.,10/18/2025,22.937878,88.413593,132.125,68.91,124.715,80.30708333,29.51166667,42,2025,October
Halisahar Municipality ,North 24 Pgs.,10/19/2025,22.937878,88.413593,135.2916667,68.00625,122.7325,81.06625,30.36083333,42,2025,October
Halisahar Municipality ,North 24 Pgs.,10/20/2025,22.937878,88.413593,133.6666667,67.50791667,120.5175,82.26958333,30.11916667,43,2025,October
Halisahar Municipality ,North 24 Pgs.,10/21/2025,22.937878,88.413593,143.6666667,72.415,129.3279167,79.62583333,29.49083333,43,2025,October
Halisahar Municipality ,North 24 Pgs.,10/22/2025,22.937878,88.413593,156.4583333,76.96083333,138.7104167,79.85333333,29.14125,43,2025,October
Halisahar Municipality ,North 24 Pgs.,10/23/2025,22.937878,88.413593,115.6666667,60.67791667,108.9520833,77.105,29.50375,43,2025,October
Halisahar Municipality ,North 24 Pgs.,10/24/2025,22.937878,88.413593,120.375,63.8125,114.03875,76.73,29.42833333,43,2025,October
Halisahar Municipality ,North 24 Pgs.,10/25/2025,22.937878,88.413593,143.9583333,73.0475,132.5095833,77.31375,29.68458333,43,2025,October
Halisahar Municipality ,North 24 Pgs.,10/26/2025,22.937878,88.413593,125.2916667,66.05375,118.5183333,79.64625,29.98458333,43,2025,October
Halisahar Municipality ,North 24 Pgs.,10/27/2025,22.937878,88.413593,137.1666667,70.33125,127.15125,77.59125,30.45375,44,2025,October
Halisahar Municipality ,North 24 Pgs.,10/28/2025,22.937878,88.413593,105.7916667,54.50416667,97.33791667,79.46375,30.04958333,44,2025,October
Halisahar Municipality ,North 24 Pgs.,10/29/2025,22.937878,88.413593,56.54166667,31.6275,56.515,92.51375,27.21666667,44,2025,October
Halisahar Municipality ,North 24 Pgs.,10/30/2025,22.937878,88.413593,48.91666667,27.40583333,48.92958333,90.25125,27.97291667,44,2025,October
Halisahar Municipality ,North 24 Pgs.,10/31/2025,22.937878,88.413593,58.66666667,32.625,58.55958333,86.81208333,29.02125,44,2025,October
Halisahar Municipality ,North 24 Pgs.,11/1/2025,22.937878,88.413593,66.79166667,37.58,66.72166667,88.42916667,28.755,44,2025,November
Halisahar Municipality ,North 24 Pgs.,11/2/2025,22.937878,88.413593,49.375,28.06791667,49.41541667,88.23625,26.16666667,44,2025,November
Halisahar Municipality ,North 24 Pgs.,11/3/2025,22.937878,88.413593,115.125,58.01333333,103.625,81.56208333,26.5925,45,2025,November
Halisahar Municipality ,North 24 Pgs.,11/4/2025,22.937878,88.413593,263.8333333,109.8666667,196.15875,84.27208333,25.97416667,45,2025,November
Halisahar Municipality ,North 24 Pgs.,11/5/2025,22.937878,88.413593,181.7083333,79.71416667,139.91875,81.29291667,26.405,45,2025,November
Halisahar Municipality ,North 24 Pgs.,11/6/2025,22.937878,88.413593,43.20833333,25.90583333,39.97541667,80.59666667,27.3925,45,2025,November
Halisahar Municipality ,North 24 Pgs.,11/7/2025,22.937878,88.413593,41.33333333,24.82125,37.02125,79.345,27.48666667,45,2025,November
Halisahar Municipality ,North 24 Pgs.,11/8/2025,22.937878,88.413593,30.08333333,18.05458333,17.63041667,68.47208333,25.88125,45,2025,November
Halisahar Municipality ,North 24 Pgs.,11/9/2025,22.937878,88.413593,29.54166667,17.76083333,18.37958333,66.97458333,24.72666667,45,2025,November
Halisahar Municipality ,North 24 Pgs.,11/10/2025,22.937878,88.413593,35.58333333,21.37625,27.56541667,71.10583333,24.86416667,46,2025,November
Halisahar Municipality ,North 24 Pgs.,11/11/2025,22.937878,88.413593,34.70833333,20.84,27.23708333,68.05541667,24.25958333,46,2025,November
Halisahar Municipality ,North 24 Pgs.,11/12/2025,22.937878,88.413593,39.58333333,23.7425,36.9325,68.62791667,23.71541667,46,2025,November
Halisahar Municipality ,North 24 Pgs.,11/13/2025,22.937878,88.413593,40.625,24.33833333,37.61333333,70.69416667,24.06583333,46,2025,November
Halisahar Municipality ,North 24 Pgs.,11/14/2025,22.937878,88.413593,39.125,23.45458333,34.30541667,72.58583333,23.95125,46,2025,November
Halisahar Municipality ,North 24 Pgs.,11/15/2025,22.937878,88.413593,37.125,22.29458333,30.84375,72.02875,24.23333333,46,2025,November
Halisahar Municipality ,North 24 Pgs.,11/16/2025,22.937878,88.413593,40.29166667,24.01291667,36.13,73.78833333,23.95125,46,2025,November
Halisahar Municipality ,North 24 Pgs.,11/17/2025,22.937878,88.413593,37.20833333,22.40541667,30.5575,72.91416667,24.60208333,47,2025,November
Halisahar Municipality ,North 24 Pgs.,11/18/2025,22.937878,88.413593,33.33333333,19.99583333,23.32916667,73.18875,24.85083333,47,2025,November
Halisahar Municipality ,North 24 Pgs.,11/19/2025,22.937878,88.413593,41.66666667,25,33.11541667,70.94583333,25.14041667,47,2025,November
Halisahar Municipality ,North 24 Pgs.,11/20/2025,22.937878,88.413593,63.95833333,38.36291667,48.1275,71.43083333,24.57333333,47,2025,November
Halisahar Municipality ,North 24 Pgs.,11/21/2025,22.937878,88.413593,79.75,46.24333333,57.20208333,72.51208333,24.27833333,47,2025,November
Halisahar Municipality ,North 24 Pgs.,11/22/2025,22.937878,88.413593,87.75,52.15916667,65.77875,75.14708333,24.00125,47,2025,November
Halisahar Municipality ,North 24 Pgs.,11/23/2025,22.937878,88.413593,69.95833333,42.00583333,50.02625,74.48375,24.14666667,47,2025,November
Halisahar Municipality ,North 24 Pgs.,11/24/2025,22.937878,88.413593,77.66666667,46.51166667,56.78833333,73.63083333,23.3575,48,2025,November
Halisahar Municipality ,North 24 Pgs.,11/25/2025,22.937878,88.413593,75.45833333,45.20416667,59.76291667,69.31416667,22.52041667,48,2025,November
Halisahar Municipality ,North 24 Pgs.,11/26/2025,22.937878,88.413593,67.33333333,40.46208333,55.22916667,68.28833333,22.40041667,48,2025,November
Halisahar Municipality ,North 24 Pgs.,11/27/2025,22.937878,88.413593,66.16666667,39.75666667,49.8325,75.89541667,23.14625,48,2025,November
Halisahar Municipality ,North 24 Pgs.,11/28/2025,22.937878,88.413593,74.33333333,44.64041667,54.71375,75.52208333,23.76166667,48,2025,November
Halisahar Municipality ,North 24 Pgs.,11/29/2025,22.937878,88.413593,81.54166667,48.02875,60.69833333,75.27083333,23.24791667,48,2025,November
Halisahar Municipality ,North 24 Pgs.,11/30/2025,22.937878,88.413593,88.04166667,52.64625,67.30416667,74.52416667,23.25083333,48,2025,November
Halisahar Municipality ,North 24 Pgs.,12/1/2025,22.937878,88.413593,110,62.85,73.13,87.85,21.89,49,2025,December
"Icchapur Nilganj, (Kapasia)",North 24 Pgs.,8/31/2025,22.714498,88.434732,58.29166667,29.105,58.57166667,83.65916667,31.06708333,35,2025,August
"Icchapur Nilganj, (Kapasia)",North 24 Pgs.,9/1/2025,22.714498,88.434732,86.125,41.04875,88.54291667,83.37,31.99125,36,2025,September
"Icchapur Nilganj, (Kapasia)",North 24 Pgs.,9/2/2025,22.714498,88.434732,40.08333333,21.50708333,40.16125,91.42875,28.47416667,36,2025,September
"Icchapur Nilganj, (Kapasia)",North 24 Pgs.,9/3/2025,22.714498,88.434732,35.75,19.16791667,35.75416667,92.39458333,28.22666667,36,2025,September
"Icchapur Nilganj, (Kapasia)",North 24 Pgs.,9/4/2025,22.714498,88.434732,42.25,22.68583333,42.3575,88.99041667,29.45333333,36,2025,September
"Icchapur Nilganj, (Kapasia)",North 24 Pgs.,9/5/2025,22.714498,88.434732,62.20833333,31.85541667,62.23833333,82.965,30.77708333,36,2025,September
"Icchapur Nilganj, (Kapasia)",North 24 Pgs.,9/6/2025,22.714498,88.434732,78.5,37.16,78.42458333,78.02875,31.90583333,36,2025,September
"Icchapur Nilganj, (Kapasia)",North 24 Pgs.,9/7/2025,22.714498,88.434732,80.04166667,36.29166667,80.26416667,78.255,31.63958333,36,2025,September
"Icchapur Nilganj, (Kapasia)",North 24 Pgs.,9/8/2025,22.714498,88.434732,87.66666667,38.09416667,89.44458333,75.9675,31.99666667,37,2025,September
"Icchapur Nilganj, (Kapasia)",North 24 Pgs.,9/9/2025,22.714498,88.434732,88.16666667,39.64958333,89.63333333,76.91583333,31.93458333,37,2025,September
"Icchapur Nilganj, (Kapasia)",North 24 Pgs.,9/10/2025,22.714498,88.434732,82.83333333,38.85666667,84.07291667,75.00125,32.3775,37,2025,September
"Icchapur Nilganj, (Kapasia)",North 24 Pgs.,9/11/2025,22.714498,88.434732,67.33333333,33.80458333,68.05,81.78041667,31.39875,37,2025,September
"Icchapur Nilganj, (Kapasia)",North 24 Pgs.,9/12/2025,22.714498,88.434732,57.625,29.96541667,57.55041667,81.73708333,31.18291667,37,2025,September
"Icchapur Nilganj, (Kapasia)",North 24 Pgs.,9/13/2025,22.714498,88.434732,52.16666667,27.22291667,52.07916667,80.24875,31.17875,37,2025,September
"Icchapur Nilganj, (Kapasia)",North 24 Pgs.,9/14/2025,22.714498,88.434732,54.25,29.39708333,54.18208333,91.69458333,28.84666667,37,2025,September
"Icchapur Nilganj, (Kapasia)",North 24 Pgs.,9/15/2025,22.714498,88.434732,54.95833333,29.55416667,54.9475,91.75166667,28.695,38,2025,September
"Icchapur Nilganj, (Kapasia)",North 24 Pgs.,9/16/2025,22.714498,88.434732,61.79166667,33.80583333,61.79833333,93.195,28.25875,38,2025,September
"Icchapur Nilganj, (Kapasia)",North 24 Pgs.,9/17/2025,22.714498,88.434732,60.95833333,33.32,60.90333333,86.35541667,29.76583333,38,2025,September
"Icchapur Nilganj, (Kapasia)",North 24 Pgs.,9/18/2025,22.714498,88.434732,62.29166667,33.17541667,62.27833333,79.72333333,31.72041667,38,2025,September
"Icchapur Nilganj, (Kapasia)",North 24 Pgs.,9/19/2025,22.714498,88.434732,83.41666667,43.90958333,83.87666667,84.3175,31.18833333,38,2025,September
"Icchapur Nilganj, (Kapasia)",North 24 Pgs.,9/20/2025,22.714498,88.434732,85.375,46.2475,85.90291667,90.80333333,29.35041667,38,2025,September
"Icchapur Nilganj, (Kapasia)",North 24 Pgs.,9/21/2025,22.714498,88.434732,105.9166667,58.53208333,105.0841667,84.2875,30.92291667,38,2025,September
"Icchapur Nilganj, (Kapasia)",North 24 Pgs.,9/22/2025,22.714498,88.434732,75.125,41.61291667,75.16916667,88.28916667,29.32041667,39,2025,September
"Icchapur Nilganj, (Kapasia)",North 24 Pgs.,9/23/2025,22.714498,88.434732,63,34.90083333,63.12916667,92.44333333,28.33458333,39,2025,September
"Icchapur Nilganj, (Kapasia)",North 24 Pgs.,9/24/2025,22.714498,88.434732,64.125,35.12041667,64.10166667,84.53666667,30.5825,39,2025,September
"Icchapur Nilganj, (Kapasia)",North 24 Pgs.,9/25/2025,22.714498,88.434732,61.33333333,33.10708333,61.33291667,84.64666667,30.74791667,39,2025,September
"Icchapur Nilganj, (Kapasia)",North 24 Pgs.,9/26/2025,22.714498,88.434732,49.45833333,26.98916667,49.4525,86.92875,30.32375,39,2025,September
"Icchapur Nilganj, (Kapasia)",North 24 Pgs.,9/27/2025,22.714498,88.434732,49.25,26.06458333,49.24416667,83.42833333,30.95875,39,2025,September
"Icchapur Nilganj, (Kapasia)",North 24 Pgs.,9/28/2025,22.714498,88.434732,54.45833333,26.25166667,54.37916667,79.92083333,31.5975,39,2025,September
"Icchapur Nilganj, (Kapasia)",North 24 Pgs.,9/29/2025,22.714498,88.434732,79.5,38.21375,82.10416667,81.73541667,31.60208333,40,2025,September
"Icchapur Nilganj, (Kapasia)",North 24 Pgs.,9/30/2025,22.714498,88.434732,88.83333333,41.98875,91.6175,80.91458333,31.68375,40,2025,September
"Icchapur Nilganj, (Kapasia)",North 24 Pgs.,10/1/2025,22.714498,88.434732,68.41666667,32.14833333,68.41041667,82.62291667,30.52666667,40,2025,October
"Icchapur Nilganj, (Kapasia)",North 24 Pgs.,10/2/2025,22.714498,88.434732,39.04166667,20.75,39.03583333,93.34208333,28.39916667,40,2025,October
"Icchapur Nilganj, (Kapasia)",North 24 Pgs.,10/3/2025,22.714498,88.434732,50.95833333,26.69333333,50.9725,95.11958333,28.28833333,40,2025,October
"Icchapur Nilganj, (Kapasia)",North 24 Pgs.,10/4/2025,22.714498,88.434732,52.5,28.55291667,52.57916667,88.90416667,29.73125,40,2025,October
"Icchapur Nilganj, (Kapasia)",North 24 Pgs.,10/5/2025,22.714498,88.434732,51.95833333,28.22875,51.98416667,90.29916667,28.35458333,40,2025,October
"Icchapur Nilganj, (Kapasia)",North 24 Pgs.,10/6/2025,22.714498,88.434732,84.5,46.60208333,83.85875,90.27708333,28.43583333,41,2025,October
"Icchapur Nilganj, (Kapasia)",North 24 Pgs.,10/7/2025,22.714498,88.434732,86.5,48.21791667,86.585,86.52708333,29.22833333,41,2025,October
"Icchapur Nilganj, (Kapasia)",North 24 Pgs.,10/8/2025,22.714498,88.434732,91.16666667,50.68833333,90.82916667,89.31375,28.69416667,41,2025,October
"Icchapur Nilganj, (Kapasia)",North 24 Pgs.,10/9/2025,22.714498,88.434732,97.41666667,54.25541667,97.29208333,88.57875,28.93541667,41,2025,October
"Icchapur Nilganj, (Kapasia)",North 24 Pgs.,10/10/2025,22.714498,88.434732,94.75,52.97583333,94.9775,90.17708333,28.38583333,41,2025,October
"Icchapur Nilganj, (Kapasia)",North 24 Pgs.,10/11/2025,22.714498,88.434732,86.25,47.72833333,87.04583333,84.7025,29.45875,41,2025,October
"Icchapur Nilganj, (Kapasia)",North 24 Pgs.,10/12/2025,22.714498,88.434732,92.75,51.07541667,93.96833333,82.14125,29.62875,41,2025,October
"Icchapur Nilganj, (Kapasia)",North 24 Pgs.,10/13/2025,22.714498,88.434732,109.125,59.215,111.1158333,79.63958333,29.30291667,42,2025,October
"Icchapur Nilganj, (Kapasia)",North 24 Pgs.,10/14/2025,22.714498,88.434732,115.3333333,61.84458333,121.0254167,78.28875,29.09041667,42,2025,October
"Icchapur Nilganj, (Kapasia)",North 24 Pgs.,10/15/2025,22.714498,88.434732,123.125,64.92041667,128.95625,76.60541667,28.77333333,42,2025,October
"Icchapur Nilganj, (Kapasia)",North 24 Pgs.,10/16/2025,22.714498,88.434732,135.4583333,69.0975,143.5141667,77.19,28.18333333,42,2025,October
"Icchapur Nilganj, (Kapasia)",North 24 Pgs.,10/17/2025,22.714498,88.434732,160.9583333,78.28875,159.53,78.04958333,28.95208333,42,2025,October
"Icchapur Nilganj, (Kapasia)",North 24 Pgs.,10/18/2025,22.714498,88.434732,154.5833333,74.97375,161.6808333,79.67916667,30.01208333,42,2025,October
"Icchapur Nilganj, (Kapasia)",North 24 Pgs.,10/19/2025,22.714498,88.434732,151.2083333,67.22666667,166.56,79.61625,30.62041667,42,2025,October
"Icchapur Nilganj, (Kapasia)",North 24 Pgs.,10/20/2025,22.714498,88.434732,164.375,74.09125,171.44875,80.09041667,30.47416667,43,2025,October
"Icchapur Nilganj, (Kapasia)",North 24 Pgs.,10/21/2025,22.714498,88.434732,184.9166667,84.92791667,179.6908333,78.1575,29.97416667,43,2025,October
"Icchapur Nilganj, (Kapasia)",North 24 Pgs.,10/22/2025,22.714498,88.434732,171.9583333,81.55291667,170.4979167,78.9625,29.43541667,43,2025,October
"Icchapur Nilganj, (Kapasia)",North 24 Pgs.,10/23/2025,22.714498,88.434732,153.5416667,70.85291667,155.7133333,76.19041667,29.77375,43,2025,October
"Icchapur Nilganj, (Kapasia)",North 24 Pgs.,10/24/2025,22.714498,88.434732,159.125,76.195,158.0175,77.87583333,29.56541667,43,2025,October
"Icchapur Nilganj, (Kapasia)",North 24 Pgs.,10/25/2025,22.714498,88.434732,161.9166667,75.59333333,168.9470833,77.27125,30.005,43,2025,October
"Icchapur Nilganj, (Kapasia)",North 24 Pgs.,10/26/2025,22.714498,88.434732,131.375,65.42875,140.79125,80.29666667,29.96916667,43,2025,October
"Icchapur Nilganj, (Kapasia)",North 24 Pgs.,10/27/2025,22.714498,88.434732,148.625,70.16166667,158.1204167,78.75708333,30.29375,44,2025,October
"Icchapur Nilganj, (Kapasia)",North 24 Pgs.,10/28/2025,22.714498,88.434732,100.4166667,51.54708333,101.8283333,81.915,29.595,44,2025,October
"Icchapur Nilganj, (Kapasia)",North 24 Pgs.,10/29/2025,22.714498,88.434732,59.33333333,32.3575,59.33666667,93.99666667,27.015,44,2025,October
"Icchapur Nilganj, (Kapasia)",North 24 Pgs.,10/30/2025,22.714498,88.434732,50.29166667,27.38583333,50.33208333,89.35708333,28.36666667,44,2025,October
"Icchapur Nilganj, (Kapasia)",North 24 Pgs.,10/31/2025,22.714498,88.434732,61.45833333,33.28375,61.41875,84.21375,29.31875,44,2025,October
"Icchapur Nilganj, (Kapasia)",North 24 Pgs.,11/1/2025,22.714498,88.434732,73.375,40.45208333,73.315,83.84875,29.66875,44,2025,November
"Icchapur Nilganj, (Kapasia)",North 24 Pgs.,11/2/2025,22.714498,88.434732,57.2,31.149,57.202,90.764,25.991,44,2025,November
"Icchapur Nilganj, (Kapasia)",North 24 Pgs.,11/4/2025,22.714498,88.434732,262,108.5827273,201.3718182,80.16,27.61272727,45,2025,November
"Icchapur Nilganj, (Kapasia)",North 24 Pgs.,11/5/2025,22.714498,88.434732,239.9166667,102.1458333,192.0554167,78.3875,26.76833333,45,2025,November
"Icchapur Nilganj, (Kapasia)",North 24 Pgs.,11/6/2025,22.714498,88.434732,220.0833333,96.04291667,191.22875,81.95458333,27.6525,45,2025,November
"Icchapur Nilganj, (Kapasia)",North 24 Pgs.,11/7/2025,22.714498,88.434732,205,91.49666667,179.7641667,79.49833333,27.77458333,45,2025,November
"Icchapur Nilganj, (Kapasia)",North 24 Pgs.,11/8/2025,22.714498,88.434732,129.1666667,62.52208333,142.1554167,68.96041667,26.06916667,45,2025,November
"Icchapur Nilganj, (Kapasia)",North 24 Pgs.,11/9/2025,22.714498,88.434732,133.25,64.95458333,142.27875,70.65375,24.44083333,45,2025,November
"Icchapur Nilganj, (Kapasia)",North 24 Pgs.,11/10/2025,22.714498,88.434732,175.875,82.72041667,166.0816667,74.67125,24.51333333,46,2025,November
"Icchapur Nilganj, (Kapasia)",North 24 Pgs.,11/11/2025,22.714498,88.434732,166.3333333,79.49291667,163.0029167,72.49708333,23.72583333,46,2025,November
"Icchapur Nilganj, (Kapasia)",North 24 Pgs.,11/12/2025,22.714498,88.434732,207.5416667,92.25125,190.4770833,73.02458333,23.1075,46,2025,November
"Icchapur Nilganj, (Kapasia)",North 24 Pgs.,11/13/2025,22.714498,88.434732,215.0833333,94.86791667,202.6541667,74.17083333,23.46125,46,2025,November
"Icchapur Nilganj, (Kapasia)",North 24 Pgs.,11/14/2025,22.714498,88.434732,202.1666667,90.48166667,190.1325,74.1725,23.37916667,46,2025,November
"Icchapur Nilganj, (Kapasia)",North 24 Pgs.,11/15/2025,22.714498,88.434732,180.9583333,84.23333333,176.4575,75.47375,23.64333333,46,2025,November
"Icchapur Nilganj, (Kapasia)",North 24 Pgs.,11/16/2025,22.714498,88.434732,192.2083333,87.82416667,181.4329167,74.565,23.6125,46,2025,November
"Icchapur Nilganj, (Kapasia)",North 24 Pgs.,11/17/2025,22.714498,88.434732,177.7916667,81.60583333,166.4454167,75.44541667,24.05541667,47,2025,November
"Icchapur Nilganj, (Kapasia)",North 24 Pgs.,11/18/2025,22.714498,88.434732,144.5,69.35916667,140.4258333,74.26125,24.305,47,2025,November
"Icchapur Nilganj, (Kapasia)",North 24 Pgs.,11/19/2025,22.714498,88.434732,128.0833333,61.90416667,131.86625,72.45375,24.78625,47,2025,November
"Icchapur Nilganj, (Kapasia)",North 24 Pgs.,11/20/2025,22.714498,88.434732,160.875,75.19875,156.05625,72.78833333,24.58833333,47,2025,November
"Icchapur Nilganj, (Kapasia)",North 24 Pgs.,11/21/2025,22.714498,88.434732,190.875,87.545,178.0333333,75.08208333,24.1675,47,2025,November
"Icchapur Nilganj, (Kapasia)",North 24 Pgs.,11/22/2025,22.714498,88.434732,228.4583333,98.53041667,198.7954167,76.5875,23.63083333,47,2025,November
"Icchapur Nilganj, (Kapasia)",North 24 Pgs.,11/23/2025,22.714498,88.434732,209.0416667,92.70416667,191.6058333,76.75125,23.65,47,2025,November
"Icchapur Nilganj, (Kapasia)",North 24 Pgs.,11/24/2025,22.714498,88.434732,208.9166667,92.69958333,189.13875,74.7925,22.99791667,48,2025,November
"Icchapur Nilganj, (Kapasia)",North 24 Pgs.,11/25/2025,22.714498,88.434732,218.5,95.64291667,190.4779167,74.85125,21.80208333,48,2025,November
"Icchapur Nilganj, (Kapasia)",North 24 Pgs.,11/26/2025,22.714498,88.434732,186.9166667,86.06416667,174.27625,73.68208333,21.53083333,48,2025,November
"Icchapur Nilganj, (Kapasia)",North 24 Pgs.,11/27/2025,22.714498,88.434732,147.4782609,71.18695652,145.7230435,75.03043478,22.71478261,48,2025,November
"Icchapur Nilganj, (Kapasia)",North 24 Pgs.,11/28/2025,22.714498,88.434732,141.7916667,68.9825,138.6633333,74.91208333,23.2275,48,2025,November
"Icchapur Nilganj, (Kapasia)",North 24 Pgs.,11/29/2025,22.714498,88.434732,156.9583333,74.79041667,150.89,76.6525,22.76958333,48,2025,November
"Icchapur Nilganj, (Kapasia)",North 24 Pgs.,11/30/2025,22.714498,88.434732,167.1666667,79.94083333,157.1329167,77.51125,22.78416667,48,2025,November
"Icchapur Nilganj, (Kapasia)",North 24 Pgs.,12/1/2025,22.714498,88.434732,140,71.92,132.53,89.51,19.1,49,2025,December
"Icchapur Nilganj, (Taldhoria)",North 24 Pgs.,8/31/2025,22.708953,88.438222,64.70833333,33.55916667,64.72875,74.29875,32.70125,35,2025,August
"Icchapur Nilganj, (Taldhoria)",North 24 Pgs.,9/1/2025,22.708953,88.438222,92.25,45.01541667,91.45666667,73.86083333,33.5025,36,2025,September
"Icchapur Nilganj, (Taldhoria)",North 24 Pgs.,9/2/2025,22.708953,88.438222,43.04166667,24.2675,43.01208333,83.21166667,30.02291667,36,2025,September
"Icchapur Nilganj, (Taldhoria)",North 24 Pgs.,9/3/2025,22.708953,88.438222,37.29166667,20.76333333,37.23958333,83.71625,29.73875,36,2025,September
"Icchapur Nilganj, (Taldhoria)",North 24 Pgs.,9/4/2025,22.708953,88.438222,45.375,24.57375,45.27416667,80.31333333,30.98791667,36,2025,September
"Icchapur Nilganj, (Taldhoria)",North 24 Pgs.,9/5/2025,22.708953,88.438222,70.25,35.79958333,70.37291667,74.28166667,32.38833333,36,2025,September
"Icchapur Nilganj, (Taldhoria)",North 24 Pgs.,9/6/2025,22.708953,88.438222,79.33333333,38.87208333,79.34958333,69.7075,33.27166667,36,2025,September
"Icchapur Nilganj, (Taldhoria)",North 24 Pgs.,9/7/2025,22.708953,88.438222,73.83333333,36.93416667,73.87625,69.51666667,33.07833333,36,2025,September
"Icchapur Nilganj, (Taldhoria)",North 24 Pgs.,9/8/2025,22.708953,88.438222,75.25,36.1475,75.28583333,67.40708333,33.44541667,37,2025,September
"Icchapur Nilganj, (Taldhoria)",North 24 Pgs.,9/9/2025,22.708953,88.438222,82.33333333,40.02083333,82.70625,68.08375,33.49083333,37,2025,September
"Icchapur Nilganj, (Taldhoria)",North 24 Pgs.,9/10/2025,22.708953,88.438222,82.29166667,40.21166667,82.705,66.82083333,33.85333333,37,2025,September
"Icchapur Nilganj, (Taldhoria)",North 24 Pgs.,9/11/2025,22.708953,88.438222,74.5,39.94208333,74.70666667,74.32333333,32.73291667,37,2025,September
"Icchapur Nilganj, (Taldhoria)",North 24 Pgs.,9/12/2025,22.708953,88.438222,61.54166667,31.305,61.42666667,73.16,32.72666667,37,2025,September
"Icchapur Nilganj, (Taldhoria)",North 24 Pgs.,9/13/2025,22.708953,88.438222,55.75,28.51166667,55.71916667,72.185,32.54791667,37,2025,September
"Icchapur Nilganj, (Taldhoria)",North 24 Pgs.,9/14/2025,22.708953,88.438222,68.54166667,37.90166667,68.75708333,84.08625,30.07541667,37,2025,September
"Icchapur Nilganj, (Taldhoria)",North 24 Pgs.,9/15/2025,22.708953,88.438222,67.95833333,37.33708333,67.67291667,83.61958333,29.95416667,38,2025,September
"Icchapur Nilganj, (Taldhoria)",North 24 Pgs.,9/16/2025,22.708953,88.438222,71.41666667,39.52875,71.3325,84.59458333,29.66625,38,2025,September
"Icchapur Nilganj, (Taldhoria)",North 24 Pgs.,9/17/2025,22.708953,88.438222,70.16666667,38.48875,70.24541667,78.24333333,31.16166667,38,2025,September
"Icchapur Nilganj, (Taldhoria)",North 24 Pgs.,9/18/2025,22.708953,88.438222,76.41666667,40.61458333,76.50291667,71.49666667,33.13208333,38,2025,September
"Icchapur Nilganj, (Taldhoria)",North 24 Pgs.,9/19/2025,22.708953,88.438222,99.75,54.33291667,99.7675,76.26625,32.61041667,38,2025,September
"Icchapur Nilganj, (Taldhoria)",North 24 Pgs.,9/20/2025,22.708953,88.438222,125.0833333,64.38208333,116.9283333,81.8275,30.87041667,38,2025,September
"Icchapur Nilganj, (Taldhoria)",North 24 Pgs.,9/21/2025,22.708953,88.438222,136.6666667,70.78666667,127.0333333,76.22791667,32.32083333,38,2025,September
"Icchapur Nilganj, (Taldhoria)",North 24 Pgs.,9/22/2025,22.708953,88.438222,87.375,48.27375,86.36041667,79.8275,30.83041667,39,2025,September
"Icchapur Nilganj, (Taldhoria)",North 24 Pgs.,9/23/2025,22.708953,88.438222,69.95833333,39.84333333,70.17708333,84.24166667,29.64708333,39,2025,September
"Icchapur Nilganj, (Taldhoria)",North 24 Pgs.,9/24/2025,22.708953,88.438222,72.75,40.06958333,72.72125,76.60583333,32.02541667,39,2025,September
"Icchapur Nilganj, (Taldhoria)",North 24 Pgs.,9/25/2025,22.708953,88.438222,70.33333333,37.85375,70.43875,76.47958333,32.11708333,39,2025,September
"Icchapur Nilganj, (Taldhoria)",North 24 Pgs.,9/26/2025,22.708953,88.438222,55.33333333,31.33416667,55.405,78.88875,31.78875,39,2025,September
"Icchapur Nilganj, (Taldhoria)",North 24 Pgs.,9/27/2025,22.708953,88.438222,51.70833333,27.78916667,51.695,75.32541667,32.47291667,39,2025,September
"Icchapur Nilganj, (Taldhoria)",North 24 Pgs.,9/28/2025,22.708953,88.438222,56.91666667,28.78583333,56.92625,71.41,32.93041667,39,2025,September
"Icchapur Nilganj, (Taldhoria)",North 24 Pgs.,9/29/2025,22.708953,88.438222,75,39.32916667,75.40125,72.15083333,33.18083333,40,2025,September
"Icchapur Nilganj, (Taldhoria)",North 24 Pgs.,9/30/2025,22.708953,88.438222,80.58333333,43.0225,80.33,72.52041667,33.19541667,40,2025,September
"Icchapur Nilganj, (Taldhoria)",North 24 Pgs.,10/1/2025,22.708953,88.438222,61.875,32.75166667,61.80166667,73.91291667,32.08208333,40,2025,October
"Icchapur Nilganj, (Taldhoria)",North 24 Pgs.,10/2/2025,22.708953,88.438222,37.66666667,21.13541667,37.7825,84.81666667,29.795,40,2025,October
"Icchapur Nilganj, (Taldhoria)",North 24 Pgs.,10/3/2025,22.708953,88.438222,52.95833333,29.25416667,53.04583333,86.97375,29.52833333,40,2025,October
"Icchapur Nilganj, (Taldhoria)",North 24 Pgs.,10/4/2025,22.708953,88.438222,58.625,32.08416667,58.62916667,80.68458333,31.14583333,40,2025,October
"Icchapur Nilganj, (Taldhoria)",North 24 Pgs.,10/5/2025,22.708953,88.438222,56.16666667,31.44666667,56.1725,81.65333333,29.75291667,40,2025,October
"Icchapur Nilganj, (Taldhoria)",North 24 Pgs.,10/6/2025,22.708953,88.438222,93.83333333,51.88291667,92.65583333,81.98,29.82583333,41,2025,October
"Icchapur Nilganj, (Taldhoria)",North 24 Pgs.,10/7/2025,22.708953,88.438222,101.25,54.78375,98.3025,78.50875,30.71375,41,2025,October
"Icchapur Nilganj, (Taldhoria)",North 24 Pgs.,10/8/2025,22.708953,88.438222,104.2916667,57.88875,102.26875,80.3575,30.28375,41,2025,October
"Icchapur Nilganj, (Taldhoria)",North 24 Pgs.,10/9/2025,22.708953,88.438222,113.625,62.45083333,110.86875,80.11666667,30.48708333,41,2025,October
"Icchapur Nilganj, (Taldhoria)",North 24 Pgs.,10/10/2025,22.708953,88.438222,130.8947368,66.94736842,118.4815789,81.58842105,30.25315789,41,2025,October
"Icchapur Nilganj, (Taldhoria)",North 24 Pgs.,10/11/2025,22.708953,88.438222,86.125,48.17458333,86.66916667,76.51166667,30.9875,41,2025,October
"Icchapur Nilganj, (Taldhoria)",North 24 Pgs.,10/12/2025,22.708953,88.438222,95.33333333,51.77791667,94.76916667,73.11125,31.43583333,41,2025,October
"Icchapur Nilganj, (Taldhoria)",North 24 Pgs.,10/13/2025,22.708953,88.438222,115.9583333,60.47041667,112.2716667,70.885,30.97916667,42,2025,October
"Icchapur Nilganj, (Taldhoria)",North 24 Pgs.,10/14/2025,22.708953,88.438222,113.125,60.72083333,114.5083333,69.75,30.74625,42,2025,October
"Icchapur Nilganj, (Taldhoria)",North 24 Pgs.,10/15/2025,22.708953,88.438222,121.4583333,63.92541667,120.20125,67.82333333,30.41416667,42,2025,October
"Icchapur Nilganj, (Taldhoria)",North 24 Pgs.,10/16/2025,22.708953,88.438222,129.4583333,65.94458333,123.8858333,67.90166667,30.07708333,42,2025,October
"Icchapur Nilganj, (Taldhoria)",North 24 Pgs.,10/17/2025,22.708953,88.438222,148.9166667,74.00625,137.1633333,68.87333333,30.57166667,42,2025,October
"Icchapur Nilganj, (Taldhoria)",North 24 Pgs.,10/18/2025,22.708953,88.438222,133.2083333,67.23875,125.4433333,69.9575,31.51666667,42,2025,October
"Icchapur Nilganj, (Taldhoria)",North 24 Pgs.,10/19/2025,22.708953,88.438222,108.2916667,56.60541667,108.1416667,69.23333333,32.22916667,42,2025,October
"Icchapur Nilganj, (Taldhoria)",North 24 Pgs.,10/20/2025,22.708953,88.438222,115.9583333,58.95083333,110.6233333,70.035,32.2225,43,2025,October
"Icchapur Nilganj, (Taldhoria)",North 24 Pgs.,10/21/2025,22.708953,88.438222,163.25,76.8625,142.9058333,68.84583333,31.63583333,43,2025,October
"Icchapur Nilganj, (Taldhoria)",North 24 Pgs.,10/22/2025,22.708953,88.438222,158.0416667,76.11333333,142.8691667,68.835,31.14916667,43,2025,October
"Icchapur Nilganj, (Taldhoria)",North 24 Pgs.,10/23/2025,22.708953,88.438222,135.1666667,64.58291667,122.14125,65.92,31.63916667,43,2025,October
"Icchapur Nilganj, (Taldhoria)",North 24 Pgs.,10/24/2025,22.708953,88.438222,125.375,64.05833333,118.4175,67.485,31.23208333,43,2025,October
"Icchapur Nilganj, (Taldhoria)",North 24 Pgs.,10/25/2025,22.708953,88.438222,119.4583333,61,114.50375,67.28041667,31.71333333,43,2025,October
"Icchapur Nilganj, (Taldhoria)",North 24 Pgs.,10/26/2025,22.708953,88.438222,110.0416667,58.29791667,107.9391667,70.71,31.58541667,43,2025,October
"Icchapur Nilganj, (Taldhoria)",North 24 Pgs.,10/27/2025,22.708953,88.438222,121.25,61.64291667,114.1720833,69.36125,31.88708333,44,2025,October
"Icchapur Nilganj, (Taldhoria)",North 24 Pgs.,10/28/2025,22.708953,88.438222,91.79166667,48.54416667,88.78625,72.81416667,31.18916667,44,2025,October
"Icchapur Nilganj, (Taldhoria)",North 24 Pgs.,10/29/2025,22.708953,88.438222,59.625,33.87041667,59.64375,85.28666667,28.3725,44,2025,October
"Icchapur Nilganj, (Taldhoria)",North 24 Pgs.,10/30/2025,22.708953,88.438222,50.125,28.78,50.11791667,80.24833333,29.98541667,44,2025,October
"Icchapur Nilganj, (Taldhoria)",North 24 Pgs.,10/31/2025,22.708953,88.438222,54.16666667,30.37625,54.17125,75.2475,31.05958333,44,2025,October
"Icchapur Nilganj, (Taldhoria)",North 24 Pgs.,11/1/2025,22.708953,88.438222,63.04166667,35.18416667,62.97916667,75.21,31.2575,44,2025,November
"Icchapur Nilganj, (Taldhoria)",North 24 Pgs.,11/2/2025,22.708953,88.438222,52.20833333,28.72958333,52.14666667,75.62125,28.6775,44,2025,November
"Icchapur Nilganj, (Taldhoria)",North 24 Pgs.,11/3/2025,22.708953,88.438222,95.58333333,50.47958333,93.125,69.98666667,28.815,45,2025,November
"Icchapur Nilganj, (Taldhoria)",North 24 Pgs.,11/4/2025,22.708953,88.438222,194.9583333,88.5175,161.6158333,73.72833333,27.84625,45,2025,November
"Icchapur Nilganj, (Taldhoria)",North 24 Pgs.,11/5/2025,22.708953,88.438222,164.7916667,78.86291667,143.7633333,68.72458333,28.82166667,45,2025,November
"Icchapur Nilganj, (Taldhoria)",North 24 Pgs.,11/6/2025,22.708953,88.438222,133.0416667,66.82791667,121.6420833,71.72166667,29.45791667,45,2025,November
"Icchapur Nilganj, (Taldhoria)",North 24 Pgs.,11/7/2025,22.708953,88.438222,108.9583333,59.35625,107.6941667,69.7425,29.79583333,45,2025,November
"Icchapur Nilganj, (Taldhoria)",North 24 Pgs.,11/8/2025,22.708953,88.438222,65.75,35.36,65.66375,59.10791667,28.28708333,45,2025,November
"Icchapur Nilganj, (Taldhoria)",North 24 Pgs.,11/9/2025,22.708953,88.438222,68.04166667,36.64916667,68.15875,59.44625,26.68416667,45,2025,November
"Icchapur Nilganj, (Taldhoria)",North 24 Pgs.,11/10/2025,22.708953,88.438222,86.70833333,47.44041667,86.94708333,64.60458333,26.60041667,46,2025,November
"Icchapur Nilganj, (Taldhoria)",North 24 Pgs.,11/11/2025,22.708953,88.438222,75.58333333,41.73541667,75.64625,61.7225,25.81291667,46,2025,November
"Icchapur Nilganj, (Taldhoria)",North 24 Pgs.,11/12/2025,22.708953,88.438222,81.66666667,45.48291667,81.73708333,62.52,25.10541667,46,2025,November
"Icchapur Nilganj, (Taldhoria)",North 24 Pgs.,11/13/2025,22.708953,88.438222,71.33333333,40.39208333,71.31166667,64.41666667,25.3875,46,2025,November
"Icchapur Nilganj, (Taldhoria)",North 24 Pgs.,11/14/2025,22.708953,88.438222,55.91666667,32.34083333,55.85416667,64.19541667,25.28625,46,2025,November
"Icchapur Nilganj, (Taldhoria)",North 24 Pgs.,11/15/2025,22.708953,88.438222,40.875,24.22875,40.86333333,65.50333333,25.62208333,46,2025,November
"Icchapur Nilganj, (Taldhoria)",North 24 Pgs.,11/16/2025,22.708953,88.438222,36.08333333,21.56875,36.02166667,65.05208333,25.56041667,46,2025,November
"Icchapur Nilganj, (Taldhoria)",North 24 Pgs.,11/17/2025,22.708953,88.438222,65.33333333,34.31958333,63.05833333,65.74083333,25.88875,47,2025,November
"Icchapur Nilganj, (Taldhoria)",North 24 Pgs.,11/18/2025,22.708953,88.438222,163.5,73.50208333,144.9979167,66.77,25.42416667,47,2025,November
"Icchapur Nilganj, (Taldhoria)",North 24 Pgs.,11/19/2025,22.708953,88.438222,142.75,66.81416667,133.2229167,64.90541667,26.00416667,47,2025,November
"Icchapur Nilganj, (Taldhoria)",North 24 Pgs.,11/20/2025,22.708953,88.438222,187.625,83.24333333,162.1029167,65.04291667,25.90208333,47,2025,November
"Icchapur Nilganj, (Taldhoria)",North 24 Pgs.,11/21/2025,22.708953,88.438222,208.4166667,92.41958333,177.0608333,67.13833333,25.3275,47,2025,November
"Icchapur Nilganj, (Taldhoria)",North 24 Pgs.,11/22/2025,22.708953,88.438222,256.875,114.2170833,215.1895833,69.25333333,24.75875,47,2025,November
"Icchapur Nilganj, (Taldhoria)",North 24 Pgs.,11/23/2025,22.708953,88.438222,258.4166667,112.00125,210.1816667,69.73833333,24.74125,47,2025,November
"Icchapur Nilganj, (Taldhoria)",North 24 Pgs.,11/24/2025,22.708953,88.438222,251.25,105.5145833,205.02625,67.805,24.07333333,48,2025,November
"Icchapur Nilganj, (Taldhoria)",North 24 Pgs.,11/25/2025,22.708953,88.438222,262.5,111.1979167,217.0433333,66.81583333,23.02458333,48,2025,November
"Icchapur Nilganj, (Taldhoria)",North 24 Pgs.,11/26/2025,22.708953,88.438222,218.7083333,95.65125,187.1991667,64.82291667,22.75333333,48,2025,November
"Icchapur Nilganj, (Taldhoria)",North 24 Pgs.,11/27/2025,22.708953,88.438222,184.25,81.42,159.7733333,66.5975,24.01458333,48,2025,November
"Icchapur Nilganj, (Taldhoria)",North 24 Pgs.,11/28/2025,22.708953,88.438222,174.4583333,78.64916667,154.0675,66.88,24.67625,48,2025,November
"Icchapur Nilganj, (Taldhoria)",North 24 Pgs.,11/29/2025,22.708953,88.438222,203.9583333,89.92166667,174.22875,68.24208333,24.20541667,48,2025,November
"Icchapur Nilganj, (Taldhoria)",North 24 Pgs.,11/30/2025,22.708953,88.438222,220.7916667,96.52125,182.6866667,69.25,24.0675,48,2025,November
"Icchapur Nilganj, (Taldhoria)",North 24 Pgs.,12/1/2025,22.708953,88.438222,240,102.1,182.56,80.28,20.18,49,2025,December
"Ichhapur Nilganj, (Sadarpur)",North 24 Pgs.,8/31/2025,22.752763,88.39136,59.45833333,28.52875,59.78708333,78.05791667,31.98541667,35,2025,August
"Ichhapur Nilganj, (Sadarpur)",North 24 Pgs.,9/1/2025,22.752763,88.39136,87.04166667,39.99791667,89.37583333,77.99041667,32.71958333,36,2025,September
"Ichhapur Nilganj, (Sadarpur)",North 24 Pgs.,9/2/2025,22.752763,88.39136,44,21.96583333,44.01458333,85.745,29.30791667,36,2025,September
"Ichhapur Nilganj, (Sadarpur)",North 24 Pgs.,9/3/2025,22.752763,88.39136,41.95833333,21.13541667,42.01916667,86.33041667,29.06083333,36,2025,September
"Ichhapur Nilganj, (Sadarpur)",North 24 Pgs.,9/4/2025,22.752763,88.39136,46,23.21458333,45.97625,82.715,30.41458333,36,2025,September
"Ichhapur Nilganj, (Sadarpur)",North 24 Pgs.,9/5/2025,22.752763,88.39136,64.58333333,30.40333333,64.57708333,77.26708333,31.87083333,36,2025,September
"Ichhapur Nilganj, (Sadarpur)",North 24 Pgs.,9/6/2025,22.752763,88.39136,73.875,33.82958333,73.95416667,73.04541667,32.75375,36,2025,September
"Ichhapur Nilganj, (Sadarpur)",North 24 Pgs.,9/7/2025,22.752763,88.39136,71.58333333,32.49958333,71.51916667,73.35833333,32.53833333,36,2025,September
"Ichhapur Nilganj, (Sadarpur)",North 24 Pgs.,9/8/2025,22.752763,88.39136,76.93333333,33.998,77.8,74.63666667,32.18866667,37,2025,September
"Ichhapur Nilganj, (Sadarpur)",North 24 Pgs.,9/9/2025,22.752763,88.39136,75.85714286,34.00857143,75.81285714,73.2,32.19428571,37,2025,September
"Ichhapur Nilganj, (Sadarpur)",North 24 Pgs.,9/10/2025,22.752763,88.39136,75.33333333,34.44833333,75.17958333,70.98083333,32.97458333,37,2025,September
"Ichhapur Nilganj, (Sadarpur)",North 24 Pgs.,9/11/2025,22.752763,88.39136,77.36363636,35.93181818,77.91454545,81.99636364,31.18454545,37,2025,September
"Ichhapur Nilganj, (Sadarpur)",North 24 Pgs.,9/18/2025,22.752763,88.39136,74.85714286,35.10142857,74.82,76.52714286,32.21142857,38,2025,September
"Ichhapur Nilganj, (Sadarpur)",North 24 Pgs.,9/19/2025,22.752763,88.39136,66.14285714,33.88571429,66.15142857,87.69142857,29.85857143,38,2025,September
"Ichhapur Nilganj, (Sadarpur)",North 24 Pgs.,9/23/2025,22.752763,88.39136,59.5,31.234,59.597,83.231,30.324,39,2025,September
"Ichhapur Nilganj, (Sadarpur)",North 24 Pgs.,9/24/2025,22.752763,88.39136,74.79166667,35.98833333,74.95125,78.98416667,31.39541667,39,2025,September
"Ichhapur Nilganj, (Sadarpur)",North 24 Pgs.,9/25/2025,22.752763,88.39136,64.75,32.45458333,64.76291667,78.78083333,31.59833333,39,2025,September
"Ichhapur Nilganj, (Sadarpur)",North 24 Pgs.,9/26/2025,22.752763,88.39136,48.5,25.66791667,48.57208333,81.28583333,31.16458333,39,2025,September
"Ichhapur Nilganj, (Sadarpur)",North 24 Pgs.,9/27/2025,22.752763,88.39136,56.66666667,30.78791667,56.5825,80.90291667,31.10583333,39,2025,September
"Ichhapur Nilganj, (Sadarpur)",North 24 Pgs.,9/28/2025,22.752763,88.39136,54.375,26.5325,54.41333333,76.68958333,32.19875,39,2025,September
"Ichhapur Nilganj, (Sadarpur)",North 24 Pgs.,9/29/2025,22.752763,88.39136,71.375,34.73666667,71.86541667,75.97166667,32.44041667,40,2025,September
"Ichhapur Nilganj, (Sadarpur)",North 24 Pgs.,9/30/2025,22.752763,88.39136,75.33333333,36.69333333,75.55958333,75.92666667,32.36833333,40,2025,September
"Ichhapur Nilganj, (Sadarpur)",North 24 Pgs.,10/1/2025,22.752763,88.39136,59.75,29.12625,59.67041667,79.44375,30.96166667,40,2025,October
"Ichhapur Nilganj, (Sadarpur)",North 24 Pgs.,10/2/2025,22.752763,88.39136,34.54166667,19.46666667,34.49833333,88.94875,28.9175,40,2025,October
"Ichhapur Nilganj, (Sadarpur)",North 24 Pgs.,10/3/2025,22.752763,88.39136,38.83333333,22.55166667,38.92291667,91.39291667,28.62125,40,2025,October
"Ichhapur Nilganj, (Sadarpur)",North 24 Pgs.,10/4/2025,22.752763,88.39136,43.95833333,24.65416667,43.9675,85.84083333,30.02208333,40,2025,October
"Ichhapur Nilganj, (Sadarpur)",North 24 Pgs.,10/5/2025,22.752763,88.39136,47.04166667,25.44208333,46.90666667,85.69291667,28.98583333,40,2025,October
"Ichhapur Nilganj, (Sadarpur)",North 24 Pgs.,10/6/2025,22.752763,88.39136,73.33333333,39.38166667,73.51,84.75541667,29.06916667,41,2025,October
"Ichhapur Nilganj, (Sadarpur)",North 24 Pgs.,10/7/2025,22.752763,88.39136,78,40.5725,78.13041667,79.40666667,30.25583333,41,2025,October
"Ichhapur Nilganj, (Sadarpur)",North 24 Pgs.,10/8/2025,22.752763,88.39136,81.04166667,42.95833333,80.88458333,82.57333333,29.71333333,41,2025,October
"Ichhapur Nilganj, (Sadarpur)",North 24 Pgs.,10/9/2025,22.752763,88.39136,84.375,45.85125,84.6175,79.63833333,30.30958333,41,2025,October
"Ichhapur Nilganj, (Sadarpur)",North 24 Pgs.,10/10/2025,22.752763,88.39136,83.625,45.20041667,84.04291667,83.44333333,29.25375,41,2025,October
"Ichhapur Nilganj, (Sadarpur)",North 24 Pgs.,10/11/2025,22.752763,88.39136,81.25,43.71625,81.431875,79.465625,30.03875,41,2025,October
"Ichhapur Nilganj, (Sadarpur)",North 24 Pgs.,10/12/2025,22.752763,88.39136,87.20833333,45.50375,88.385,75.57875,30.49916667,41,2025,October
"Ichhapur Nilganj, (Sadarpur)",North 24 Pgs.,10/13/2025,22.752763,88.39136,94.83333333,47.33722222,95.705,71.48944444,30.62833333,42,2025,October
"Ichhapur Nilganj, (Sadarpur)",North 24 Pgs.,10/15/2025,22.752763,88.39136,129.125,63.02,143.77875,72.075,28.77875,42,2025,October
"Ichhapur Nilganj, (Sadarpur)",North 24 Pgs.,10/16/2025,22.752763,88.39136,114.1666667,57.66291667,121.2216667,72.3875,28.78708333,42,2025,October
"Ichhapur Nilganj, (Sadarpur)",North 24 Pgs.,10/17/2025,22.752763,88.39136,128.875,66.6325,140.4033333,73.47541667,29.49375,42,2025,October
"Ichhapur Nilganj, (Sadarpur)",North 24 Pgs.,10/18/2025,22.752763,88.39136,123.0416667,62.94,131.5379167,75.99041667,30.35208333,42,2025,October
"Ichhapur Nilganj, (Sadarpur)",North 24 Pgs.,10/19/2025,22.752763,88.39136,102.9333333,51.408,106.3,75.75866667,30.822,42,2025,October
"Ichhapur Nilganj, (Sadarpur)",North 24 Pgs.,10/22/2025,22.752763,88.39136,72.71428571,37.97142857,73.24,79.83571429,28.82,43,2025,October
"Ichhapur Nilganj, (Sadarpur)",North 24 Pgs.,10/23/2025,22.752763,88.39136,49.5,26.61916667,49.51875,71.9275,30.3575,43,2025,October
"Ichhapur Nilganj, (Sadarpur)",North 24 Pgs.,10/24/2025,22.752763,88.39136,50.45833333,26.97541667,50.50416667,72.70708333,30.29833333,43,2025,October
"Ichhapur Nilganj, (Sadarpur)",North 24 Pgs.,10/25/2025,22.752763,88.39136,51.16666667,27.2325,51.12,74.20416667,30.40666667,43,2025,October
"Ichhapur Nilganj, (Sadarpur)",North 24 Pgs.,10/26/2025,22.752763,88.39136,45.54166667,24.56375,45.66,76.21458333,30.52,43,2025,October
"Ichhapur Nilganj, (Sadarpur)",North 24 Pgs.,10/27/2025,22.752763,88.39136,52.75,27.7125,52.70958333,74.68708333,31.00791667,44,2025,October
"Ichhapur Nilganj, (Sadarpur)",North 24 Pgs.,10/28/2025,22.752763,88.39136,41.875,23.16333333,41.87458333,77.24291667,30.31708333,44,2025,October
"Ichhapur Nilganj, (Sadarpur)",North 24 Pgs.,10/29/2025,22.752763,88.39136,30.70833333,17.85083333,30.715,89.14583333,27.64041667,44,2025,October
"Ichhapur Nilganj, (Sadarpur)",North 24 Pgs.,10/30/2025,22.752763,88.39136,29.70833333,17.40208333,29.66208333,84.16708333,29.11416667,44,2025,October
"Ichhapur Nilganj, (Sadarpur)",North 24 Pgs.,10/31/2025,22.752763,88.39136,31.04166667,17.89125,30.99,82.53166667,29.54666667,44,2025,October
"Ichhapur Nilganj, (Sadarpur)",North 24 Pgs.,11/1/2025,22.752763,88.39136,32.54166667,18.76166667,32.70583333,80.83583333,30.04416667,44,2025,November
"Ichhapur Nilganj, (Sadarpur)",North 24 Pgs.,11/2/2025,22.752763,88.39136,31.41666667,17.53875,31.39916667,79.16458333,27.615,44,2025,November
"Ichhapur Nilganj, (Sadarpur)",North 24 Pgs.,11/3/2025,22.752763,88.39136,46.04166667,24.87125,46.01916667,73.76875,27.54833333,45,2025,November
"Ichhapur Nilganj, (Sadarpur)",North 24 Pgs.,11/4/2025,22.752763,88.39136,67.125,35.96083333,67.145,77.70083333,26.81666667,45,2025,November
"Ichhapur Nilganj, (Sadarpur)",North 24 Pgs.,11/5/2025,22.752763,88.39136,66.16666667,35.23625,66.12416667,73.46708333,27.56541667,45,2025,November
"Ichhapur Nilganj, (Sadarpur)",North 24 Pgs.,11/6/2025,22.752763,88.39136,63.91666667,34.04,64.02041667,76.27166667,28.30291667,45,2025,November
"Ichhapur Nilganj, (Sadarpur)",North 24 Pgs.,11/7/2025,22.752763,88.39136,58.41666667,31.45291667,58.44708333,73.96791667,28.50625,45,2025,November
"Ichhapur Nilganj, (Sadarpur)",North 24 Pgs.,11/8/2025,22.752763,88.39136,41.66666667,22.4225,41.725,63.87291667,26.59,45,2025,November
"Ichhapur Nilganj, (Sadarpur)",North 24 Pgs.,11/9/2025,22.752763,88.39136,41.875,22.42458333,41.92541667,64.46166667,25.05541667,45,2025,November
"Ichhapur Nilganj, (Sadarpur)",North 24 Pgs.,11/10/2025,22.752763,88.39136,49.125,26.06958333,49.05541667,70.06875,24.925,46,2025,November
"Ichhapur Nilganj, (Sadarpur)",North 24 Pgs.,11/11/2025,22.752763,88.39136,43.75,23.49083333,43.68791667,69.2175,23.82666667,46,2025,November
"Ichhapur Nilganj, (Sadarpur)",North 24 Pgs.,11/12/2025,22.752763,88.39136,52.33333333,27.82875,52.36166667,69.79666667,23.34875,46,2025,November
"Ichhapur Nilganj, (Sadarpur)",North 24 Pgs.,11/13/2025,22.752763,88.39136,53.41666667,28.47041667,53.45083333,70.69125,23.64833333,46,2025,November
"Ichhapur Nilganj, (Sadarpur)",North 24 Pgs.,11/14/2025,22.752763,88.39136,51.91666667,27.74291667,51.95333333,70.3075,23.59375,46,2025,November
"Ichhapur Nilganj, (Sadarpur)",North 24 Pgs.,11/15/2025,22.752763,88.39136,47.54166667,25.54666667,47.49916667,70.95708333,24.12625,46,2025,November
"Ichhapur Nilganj, (Sadarpur)",North 24 Pgs.,11/16/2025,22.752763,88.39136,48.83333333,26.35958333,48.845,70.32083333,24.12583333,46,2025,November
"Ichhapur Nilganj, (Sadarpur)",North 24 Pgs.,11/17/2025,22.752763,88.39136,47.79166667,25.97291667,47.86166667,71.40208333,24.48458333,47,2025,November
"Ichhapur Nilganj, (Sadarpur)",North 24 Pgs.,11/18/2025,22.752763,88.39136,43.83333333,23.5925,43.90708333,70.39166667,24.69875,47,2025,November
"Ichhapur Nilganj, (Sadarpur)",North 24 Pgs.,11/19/2025,22.752763,88.39136,42.91666667,22.81458333,42.99291667,69.84833333,24.98041667,47,2025,November
"Ichhapur Nilganj, (Sadarpur)",North 24 Pgs.,11/20/2025,22.752763,88.39136,47.95238095,25.4752381,47.96619048,67.22666667,25.54333333,47,2025,November
"Ichhapur Nilganj, (Sadarpur)",North 24 Pgs.,11/21/2025,22.752763,88.39136,55.76923077,29.26230769,55.81615385,63.07923077,26.9,47,2025,November
"Ichhapur Nilganj, (Sadarpur)",North 24 Pgs.,11/22/2025,22.752763,88.39136,63.33333333,33.60458333,63.37125,73.22583333,24.065,47,2025,November
"Ichhapur Nilganj, (Sadarpur)",North 24 Pgs.,11/23/2025,22.752763,88.39136,59.08333333,31.6075,59.13375,73.13875,24.17291667,47,2025,November
"Ichhapur Nilganj, (Sadarpur)",North 24 Pgs.,11/24/2025,22.752763,88.39136,59.45833333,31.475,59.4125,70.38458333,23.43416667,48,2025,November
"Ichhapur Nilganj, (Sadarpur)",North 24 Pgs.,11/25/2025,22.752763,88.39136,62.04166667,32.67041667,61.99666667,70.53125,22.21625,48,2025,November
"Ichhapur Nilganj, (Sadarpur)",North 24 Pgs.,11/26/2025,22.752763,88.39136,59.91666667,31.24875,59.93625,69.29125,21.89916667,48,2025,November
"Ichhapur Nilganj, (Sadarpur)",North 24 Pgs.,11/27/2025,22.752763,88.39136,51.33333333,26.98291667,51.3175,71.45958333,22.96833333,48,2025,November
"Ichhapur Nilganj, (Sadarpur)",North 24 Pgs.,11/28/2025,22.752763,88.39136,49.25,26.05083333,49.28958333,71.13333333,23.67125,48,2025,November
"Ichhapur Nilganj, (Sadarpur)",North 24 Pgs.,11/29/2025,22.752763,88.39136,52.08333333,27.52833333,52.05583333,72.25708333,23.50416667,48,2025,November
"Ichhapur Nilganj, (Sadarpur)",North 24 Pgs.,11/30/2025,22.752763,88.39136,58.45833333,30.92416667,58.35958333,72.87666667,23.5525,48,2025,November
"Ichhapur Nilganj, (Sadarpur)",North 24 Pgs.,12/1/2025,22.752763,88.39136,67,35.72,66.78,86.23,20.26,49,2025,December
Kachua Mouza,North 24 Pgs.,8/31/2025,22.665893,88.511211,69.75,38.37416667,68.14208333,76.48333333,31.43875,35,2025,August
Kachua Mouza,North 24 Pgs.,9/1/2025,22.665893,88.511211,95.41666667,49.725,89.0225,77.4375,31.95541667,36,2025,September
Kachua Mouza,North 24 Pgs.,9/2/2025,22.665893,88.511211,40,22.9325,40.02958333,83.9925,28.68625,36,2025,September
Kachua Mouza,North 24 Pgs.,9/3/2025,22.665893,88.511211,38.29166667,21.95916667,38.36291667,85.28916667,28.215,36,2025,September
Kachua Mouza,North 24 Pgs.,9/4/2025,22.665893,88.511211,47.08333333,26.94333333,46.97125,81.45583333,29.69291667,36,2025,September
Kachua Mouza,North 24 Pgs.,9/5/2025,22.665893,88.511211,65.125,36.40583333,65.25333333,77.84125,30.7075,36,2025,September
Kachua Mouza,North 24 Pgs.,9/6/2025,22.665893,88.511211,73.41666667,40.12666667,73.47458333,74.23375,31.91041667,36,2025,September
Kachua Mouza,North 24 Pgs.,9/7/2025,22.665893,88.511211,70.25,38.76708333,70.41916667,74.50208333,31.60458333,36,2025,September
Kachua Mouza,North 24 Pgs.,9/8/2025,22.665893,88.511211,67.625,36.76041667,67.73208333,71.49333333,32.13916667,37,2025,September
Kachua Mouza,North 24 Pgs.,9/9/2025,22.665893,88.511211,73.25,40.285,73.3325,72.31958333,31.91333333,37,2025,September
Kachua Mouza,North 24 Pgs.,9/10/2025,22.665893,88.511211,74.04166667,40.75541667,74.00333333,71.6775,32.25458333,37,2025,September
Kachua Mouza,North 24 Pgs.,9/11/2025,22.665893,88.511211,63.45833333,35.37291667,63.4925,72.98625,32.10416667,37,2025,September
Kachua Mouza,North 24 Pgs.,9/12/2025,22.665893,88.511211,54.83333333,30.80541667,54.7925,75.81833333,31.36375,37,2025,September
Kachua Mouza,North 24 Pgs.,9/13/2025,22.665893,88.511211,50.5,28.36833333,50.40583333,73.7475,31.55416667,37,2025,September
Kachua Mouza,North 24 Pgs.,9/14/2025,22.665893,88.511211,49.95833333,28.19041667,49.87583333,82.1525,29.65583333,37,2025,September
Kachua Mouza,North 24 Pgs.,9/15/2025,22.665893,88.511211,52.375,29.92166667,52.41791667,81.38791667,29.27416667,38,2025,September
Kachua Mouza,North 24 Pgs.,9/16/2025,22.665893,88.511211,55.66666667,31.7825,55.67,84.47666667,28.50083333,38,2025,September
Kachua Mouza,North 24 Pgs.,9/17/2025,22.665893,88.511211,58.625,33.30291667,58.59458333,81.11208333,29.49083333,38,2025,September
Kachua Mouza,North 24 Pgs.,9/18/2025,22.665893,88.511211,65.79166667,36.9875,65.77666667,75.30125,31.31833333,38,2025,September
Kachua Mouza,North 24 Pgs.,9/19/2025,22.665893,88.511211,98.875,53.14625,94.07375,76.39125,31.61541667,38,2025,September
Kachua Mouza,North 24 Pgs.,9/20/2025,22.665893,88.511211,96.20833333,54.16291667,95.6325,84.31333333,28.94041667,38,2025,September
Kachua Mouza,North 24 Pgs.,9/21/2025,22.665893,88.511211,125.875,66.30333333,117.0125,76.93708333,30.87625,38,2025,September
Kachua Mouza,North 24 Pgs.,9/22/2025,22.665893,88.511211,87.95833333,49.40666667,86.82791667,81.99083333,29.13125,39,2025,September
Kachua Mouza,North 24 Pgs.,9/23/2025,22.665893,88.511211,85.16666667,45.23458333,78.73625,83.86875,28.62208333,39,2025,September
Kachua Mouza,North 24 Pgs.,9/24/2025,22.665893,88.511211,80.66666667,45.30875,79.6925,77.57791667,30.49375,39,2025,September
Kachua Mouza,North 24 Pgs.,9/25/2025,22.665893,88.511211,67.20833333,37.76875,66.50125,75.60333333,31.1675,39,2025,September
Kachua Mouza,North 24 Pgs.,9/26/2025,22.665893,88.511211,52.20833333,29.66666667,52.15041667,79.60625,30.20125,39,2025,September
Kachua Mouza,North 24 Pgs.,9/27/2025,22.665893,88.511211,50.58333333,28.87958333,50.52375,78.24958333,30.58,39,2025,September
Kachua Mouza,North 24 Pgs.,9/28/2025,22.665893,88.511211,51.95833333,29.335,51.86166667,75.16416667,31.40375,39,2025,September
Kachua Mouza,North 24 Pgs.,9/29/2025,22.665893,88.511211,80.20833333,41.64208333,74.3825,74.93625,31.53666667,40,2025,September
Kachua Mouza,North 24 Pgs.,9/30/2025,22.665893,88.511211,100.625,51.56375,91.4575,75.34416667,31.29041667,40,2025,September
Kachua Mouza,North 24 Pgs.,10/1/2025,22.665893,88.511211,59.79166667,33.89791667,59.71166667,77.405,30.07291667,40,2025,October
Kachua Mouza,North 24 Pgs.,10/2/2025,22.665893,88.511211,37.83333333,21.88666667,37.85791667,85.60708333,28.30083333,40,2025,October
Kachua Mouza,North 24 Pgs.,10/3/2025,22.665893,88.511211,52.91666667,30.195,52.88916667,86.50791667,28.44125,40,2025,October
Kachua Mouza,North 24 Pgs.,10/4/2025,22.665893,88.511211,57.45833333,32.5675,57.48,82.075,29.56125,40,2025,October
Kachua Mouza,North 24 Pgs.,10/5/2025,22.665893,88.511211,59.625,33.15791667,58.63083333,83.4775,27.99291667,40,2025,October
Kachua Mouza,North 24 Pgs.,10/6/2025,22.665893,88.511211,102.5416667,54.56416667,96.55375,82.12541667,28.37333333,41,2025,October
Kachua Mouza,North 24 Pgs.,10/7/2025,22.665893,88.511211,89.83333333,50.85041667,89.57166667,79.83541667,28.7375,41,2025,October
Kachua Mouza,North 24 Pgs.,10/8/2025,22.665893,88.511211,101.0416667,56.43541667,99.44541667,80.83916667,28.69666667,41,2025,October
Kachua Mouza,North 24 Pgs.,10/9/2025,22.665893,88.511211,120.5,63.72333333,112.6,79.2125,28.94083333,41,2025,October
Kachua Mouza,North 24 Pgs.,10/10/2025,22.665893,88.511211,124.9,66.085,116.517,78.9665,29.117,41,2025,October
Kachua Mouza,North 24 Pgs.,10/11/2025,22.665893,88.511211,105.8333333,54.76625,98.04291667,78.64875,28.85333333,41,2025,October
Kachua Mouza,North 24 Pgs.,10/12/2025,22.665893,88.511211,116.8333333,59.76125,108.695,74.96916667,29.39833333,41,2025,October
Kachua Mouza,North 24 Pgs.,10/13/2025,22.665893,88.511211,122.7083333,65.25416667,118.0729167,73.42041667,28.89166667,42,2025,October
Kachua Mouza,North 24 Pgs.,10/14/2025,22.665893,88.511211,135.375,70.02916667,126.7504167,72.40416667,28.5975,42,2025,October
Kachua Mouza,North 24 Pgs.,10/15/2025,22.665893,88.511211,153.6666667,75.62291667,136.1408333,71.13875,28.23166667,42,2025,October
Kachua Mouza,North 24 Pgs.,10/16/2025,22.665893,88.511211,163.625,79.05375,142.5229167,71.33833333,28.09208333,42,2025,October
Kachua Mouza,North 24 Pgs.,10/17/2025,22.665893,88.511211,200.875,90.42083333,162.6795833,72.06791667,28.76625,42,2025,October
Kachua Mouza,North 24 Pgs.,10/18/2025,22.665893,88.511211,180.3333333,84.57416667,151.2391667,73.31583333,29.68583333,42,2025,October
Kachua Mouza,North 24 Pgs.,10/19/2025,22.665893,88.511211,142.7083333,70.65125,126.2370833,73.35958333,30.06583333,42,2025,October
Kachua Mouza,North 24 Pgs.,10/20/2025,22.665893,88.511211,154.5,74.84791667,132.82125,73.20166667,30.0975,43,2025,October
Kachua Mouza,North 24 Pgs.,10/21/2025,22.665893,88.511211,177.2083333,82.10708333,145.9758333,71.83041667,29.70666667,43,2025,October
Kachua Mouza,North 24 Pgs.,10/22/2025,22.665893,88.511211,191.375,88.41791667,158.08625,72.33458333,29.20833333,43,2025,October
Kachua Mouza,North 24 Pgs.,10/23/2025,22.665893,88.511211,181.3333333,82.96125,148.84625,69.76083333,29.68291667,43,2025,October
Kachua Mouza,North 24 Pgs.,10/24/2025,22.665893,88.511211,186.2916667,86.68333333,154.8025,71.9275,29.48875,43,2025,October
Kachua Mouza,North 24 Pgs.,10/25/2025,22.665893,88.511211,172.5416667,81.71291667,146.6108333,72.05583333,29.51791667,43,2025,October
Kachua Mouza,North 24 Pgs.,10/26/2025,22.665893,88.511211,158.7083333,77.47875,139.0154167,73.98041667,29.58041667,43,2025,October
Kachua Mouza,North 24 Pgs.,10/27/2025,22.665893,88.511211,169.3333333,79.88791667,141.3116667,71.83875,30.235,44,2025,October
Kachua Mouza,North 24 Pgs.,10/28/2025,22.665893,88.511211,134.5,65.54083333,115.7041667,75.70541667,29.475,44,2025,October
Kachua Mouza,North 24 Pgs.,10/29/2025,22.665893,88.511211,65.95833333,37.16833333,66.045,86.78666667,26.6925,44,2025,October
Kachua Mouza,North 24 Pgs.,10/30/2025,22.665893,88.511211,62.375,34.19833333,60.15083333,80.2275,28.64666667,44,2025,October
Kachua Mouza,North 24 Pgs.,10/31/2025,22.665893,88.511211,69.125,37.99041667,67.46958333,76.08708333,29.56666667,44,2025,October
Kachua Mouza,North 24 Pgs.,11/1/2025,22.665893,88.511211,81.45833333,45.65041667,80.94,76.40958333,29.6825,44,2025,November
Kachua Mouza,North 24 Pgs.,11/2/2025,22.665893,88.511211,70.20833333,38.85875,68.93333333,76.79291667,26.91333333,44,2025,November
Kachua Mouza,North 24 Pgs.,11/3/2025,22.665893,88.511211,149.9583333,70.27125,126.00125,72.20125,26.65041667,45,2025,November
Kachua Mouza,North 24 Pgs.,11/4/2025,22.665893,88.511211,279.0416667,117.9008333,210.3358333,75.99125,25.89166667,45,2025,November
Kachua Mouza,North 24 Pgs.,11/5/2025,22.665893,88.511211,278.8333333,118.4658333,196.6920833,71.63583333,26.9425,45,2025,November
Kachua Mouza,North 24 Pgs.,11/6/2025,22.665893,88.511211,252.875,110.3591667,142.9075,74.64958333,27.305,45,2025,November
Kachua Mouza,North 24 Pgs.,11/7/2025,22.665893,88.511211,247.9166667,105.0579167,133.9845833,71.70083333,27.7125,45,2025,November
Kachua Mouza,North 24 Pgs.,11/8/2025,22.665893,88.511211,128.9583333,67.78083333,93.80833333,61.91666667,26.04291667,45,2025,November
Kachua Mouza,North 24 Pgs.,11/9/2025,22.665893,88.511211,133.875,68.88458333,99.13333333,63.78791667,24.46333333,45,2025,November
Kachua Mouza,North 24 Pgs.,11/10/2025,22.665893,88.511211,210.5833333,94.16791667,130.9170833,68.72708333,24.38666667,46,2025,November
Kachua Mouza,North 24 Pgs.,11/11/2025,22.665893,88.511211,204.0416667,92.07083333,132.01125,67.88125,23.32916667,46,2025,November
Kachua Mouza,North 24 Pgs.,11/12/2025,22.665893,88.511211,267.2222222,124.1366667,181.0688889,68.45666667,23.08222222,46,2025,November
Kachua Mouza,North 24 Pgs.,11/13/2025,22.665893,88.511211,242,106.5558333,152.4254167,68.88458333,22.95833333,46,2025,November
Kachua Mouza,North 24 Pgs.,11/14/2025,22.665893,88.511211,233.6666667,104.6366667,150.3895833,69.10875,22.85708333,46,2025,November
Kachua Mouza,North 24 Pgs.,11/15/2025,22.665893,88.511211,216.1666667,98.69791667,140.4845833,70.13208333,23.24125,46,2025,November
Kachua Mouza,North 24 Pgs.,11/16/2025,22.665893,88.511211,214.6666667,96.44541667,136.1008333,69.36791667,23.195,46,2025,November
Kachua Mouza,North 24 Pgs.,11/17/2025,22.665893,88.511211,198,89.2925,126.0241667,69.7425,23.59833333,47,2025,November
Kachua Mouza,North 24 Pgs.,11/18/2025,22.665893,88.511211,162.0416667,76.31833333,111.0441667,69.51875,23.93708333,47,2025,November
Kachua Mouza,North 24 Pgs.,11/19/2025,22.665893,88.511211,137.2083333,67.81458333,98.32,67.19583333,24.59833333,47,2025,November
Kachua Mouza,North 24 Pgs.,11/20/2025,22.665893,88.511211,177.7916667,83.84041667,120.02125,67.74125,24.50833333,47,2025,November
Kachua Mouza,North 24 Pgs.,11/21/2025,22.665893,88.511211,199.5416667,91.425,129.3104167,70.2675,23.70958333,47,2025,November
Kachua Mouza,North 24 Pgs.,11/22/2025,22.665893,88.511211,272.6666667,116.9429167,165.3670833,71.63708333,23.265,47,2025,November
Kachua Mouza,North 24 Pgs.,11/23/2025,22.665893,88.511211,242.125,107.1620833,150.5191667,71.52541667,23.13916667,47,2025,November
Kachua Mouza,North 24 Pgs.,11/24/2025,22.665893,88.511211,243.9166667,104.42375,150.0079167,69.85333333,22.1375,48,2025,November
Kachua Mouza,North 24 Pgs.,11/25/2025,22.665893,88.511211,256.2916667,108.3641667,160.4179167,68.92083333,21.30958333,48,2025,November
Kachua Mouza,North 24 Pgs.,11/26/2025,22.665893,88.511211,243.8333333,107.70375,161.0795833,67.6525,21.30583333,48,2025,November
Kachua Mouza,North 24 Pgs.,11/27/2025,22.665893,88.511211,199.9583333,92.97583333,138.86375,69.34666667,22.48708333,48,2025,November
Kachua Mouza,North 24 Pgs.,11/28/2025,22.665893,88.511211,141.0833333,70.34291667,102.00375,68.34458333,22.88958333,48,2025,November
Kachua Mouza,North 24 Pgs.,11/29/2025,22.665893,88.511211,92.70833333,52.99,74.73958333,70.8675,22.27958333,48,2025,November
Kachua Mouza,North 24 Pgs.,11/30/2025,22.665893,88.511211,90.29166667,53.00666667,72.61625,71.83,22.30791667,48,2025,November
Kachua Mouza,North 24 Pgs.,12/1/2025,22.665893,88.511211,105,61.48,86.43,85.84,18.16,49,2025,December
Kadambagachi G.P. (Piragacha),North 24 Pgs.,8/31/2025,22.711107,88.522979,71.375,37.91083333,71.94041667,78.94208333,31.925,35,2025,August
Kadambagachi G.P. (Piragacha),North 24 Pgs.,9/1/2025,22.711107,88.522979,82.83333333,44.20833333,83.42625,77.49583333,32.89333333,36,2025,September
Kadambagachi G.P. (Piragacha),North 24 Pgs.,9/2/2025,22.711107,88.522979,45.375,24.56333333,45.21,88.25291667,28.75583333,36,2025,September
Kadambagachi G.P. (Piragacha),North 24 Pgs.,9/3/2025,22.711107,88.522979,41.29166667,22.72833333,41.32166667,88.47375,28.56333333,36,2025,September
Kadambagachi G.P. (Piragacha),North 24 Pgs.,9/4/2025,22.711107,88.522979,50.41666667,26.9775,50.45916667,84.79958333,29.99666667,36,2025,September
Kadambagachi G.P. (Piragacha),North 24 Pgs.,9/5/2025,22.711107,88.522979,71.41666667,37.46125,71.58291667,79.13791667,31.4925,36,2025,September
Kadambagachi G.P. (Piragacha),North 24 Pgs.,9/6/2025,22.711107,88.522979,77.875,40.35041667,77.8625,74.38041667,32.77125,36,2025,September
Kadambagachi G.P. (Piragacha),North 24 Pgs.,9/7/2025,22.711107,88.522979,73,37.93208333,72.91125,73.96791667,32.4475,36,2025,September
Kadambagachi G.P. (Piragacha),North 24 Pgs.,9/8/2025,22.711107,88.522979,74.41666667,38.6,74.86208333,70.805,32.94125,37,2025,September
Kadambagachi G.P. (Piragacha),North 24 Pgs.,9/9/2025,22.711107,88.522979,78.83333333,40.86625,78.83416667,71.79791667,32.76541667,37,2025,September
Kadambagachi G.P. (Piragacha),North 24 Pgs.,9/10/2025,22.711107,88.522979,76.75,40.4475,76.8,70.63958333,33.23166667,37,2025,September
Kadambagachi G.P. (Piragacha),North 24 Pgs.,9/11/2025,22.711107,88.522979,66.125,35.17791667,66.05083333,72.2675,33.01041667,37,2025,September
Kadambagachi G.P. (Piragacha),North 24 Pgs.,9/12/2025,22.711107,88.522979,59.20833333,31.52,59.1875,74.98666667,32.61291667,37,2025,September
Kadambagachi G.P. (Piragacha),North 24 Pgs.,9/13/2025,22.711107,88.522979,58.25,31.16333333,58.19166667,73.19583333,32.62833333,37,2025,September
Kadambagachi G.P. (Piragacha),North 24 Pgs.,9/14/2025,22.711107,88.522979,58.04166667,31.30166667,58.18166667,83.98916667,30.46625,37,2025,September
Kadambagachi G.P. (Piragacha),North 24 Pgs.,9/15/2025,22.711107,88.522979,59.5,31.95458333,59.51375,83.86041667,30.04958333,38,2025,September
Kadambagachi G.P. (Piragacha),North 24 Pgs.,9/16/2025,22.711107,88.522979,61.45833333,33.89833333,61.31208333,85.88875,29.34166667,38,2025,September
Kadambagachi G.P. (Piragacha),North 24 Pgs.,9/17/2025,22.711107,88.522979,63,34.51958333,62.9625,81.51416667,30.74166667,38,2025,September
Kadambagachi G.P. (Piragacha),North 24 Pgs.,9/18/2025,22.711107,88.522979,72.04166667,38.505,72.05875,75.63791667,32.4775,38,2025,September
Kadambagachi G.P. (Piragacha),North 24 Pgs.,9/19/2025,22.711107,88.522979,89.04166667,48.43666667,89.5875,77.29458333,32.52791667,38,2025,September
Kadambagachi G.P. (Piragacha),North 24 Pgs.,9/20/2025,22.711107,88.522979,95.45833333,52.36583333,96.36916667,82.74041667,30.57625,38,2025,September
Kadambagachi G.P. (Piragacha),North 24 Pgs.,9/21/2025,22.711107,88.522979,108.1666667,58.84333333,106.94375,76.87458333,32.02708333,38,2025,September
Kadambagachi G.P. (Piragacha),North 24 Pgs.,9/22/2025,22.711107,88.522979,85.04166667,46.65166667,85.09416667,81.65625,30.43291667,39,2025,September
Kadambagachi G.P. (Piragacha),North 24 Pgs.,9/23/2025,22.711107,88.522979,64.70833333,36.26958333,64.7325,84.64708333,29.82125,39,2025,September
Kadambagachi G.P. (Piragacha),North 24 Pgs.,9/24/2025,22.711107,88.522979,70.83333333,38.72958333,70.87291667,77.01875,31.92375,39,2025,September
Kadambagachi G.P. (Piragacha),North 24 Pgs.,9/25/2025,22.711107,88.522979,67.08333333,36.72541667,67.00166667,75.97541667,32.19333333,39,2025,September
Kadambagachi G.P. (Piragacha),North 24 Pgs.,9/26/2025,22.711107,88.522979,54.75,30.10333333,54.91375,80.23875,31.27458333,39,2025,September
Kadambagachi G.P. (Piragacha),North 24 Pgs.,9/27/2025,22.711107,88.522979,53.75,29.58416667,53.73708333,78.09291667,31.725,39,2025,September
Kadambagachi G.P. (Piragacha),North 24 Pgs.,9/28/2025,22.711107,88.522979,57.45833333,30.95166667,57.5175,74.775,32.64916667,39,2025,September
Kadambagachi G.P. (Piragacha),North 24 Pgs.,9/29/2025,22.711107,88.522979,70.625,38.20833333,70.805,73.34791667,33.09916667,40,2025,September
Kadambagachi G.P. (Piragacha),North 24 Pgs.,9/30/2025,22.711107,88.522979,77.375,42.94833333,77.7875,73.52625,32.97666667,40,2025,September
Kadambagachi G.P. (Piragacha),North 24 Pgs.,10/1/2025,22.711107,88.522979,63.25,34.77916667,63.32791667,77.73,31.34916667,40,2025,October
Kadambagachi G.P. (Piragacha),North 24 Pgs.,10/2/2025,22.711107,88.522979,38.625,21.84416667,38.59208333,87.81125,29.08041667,40,2025,October
Kadambagachi G.P. (Piragacha),North 24 Pgs.,10/3/2025,22.711107,88.522979,49.125,27.55041667,49.00333333,89.29208333,29.09416667,40,2025,October
Kadambagachi G.P. (Piragacha),North 24 Pgs.,10/4/2025,22.711107,88.522979,54.41666667,30.29875,54.45041667,84.73833333,30.42166667,40,2025,October
Kadambagachi G.P. (Piragacha),North 24 Pgs.,10/5/2025,22.711107,88.522979,52.20833333,28.8325,52.115,84.225,29.27041667,40,2025,October
Kadambagachi G.P. (Piragacha),North 24 Pgs.,10/6/2025,22.711107,88.522979,86.95833333,46.94833333,86.23291667,82.58916667,29.6775,41,2025,October
Kadambagachi G.P. (Piragacha),North 24 Pgs.,10/7/2025,22.711107,88.522979,86.375,47.34541667,86.35333333,79.30916667,30.28375,41,2025,October
Kadambagachi G.P. (Piragacha),North 24 Pgs.,10/8/2025,22.711107,88.522979,92.875,51.00666667,92.70583333,81.41791667,29.97875,41,2025,October
Kadambagachi G.P. (Piragacha),North 24 Pgs.,10/9/2025,22.711107,88.522979,100.625,55.89666667,102.1416667,79.43208333,30.54291667,41,2025,October
Kadambagachi G.P. (Piragacha),North 24 Pgs.,10/10/2025,22.711107,88.522979,108.2631579,59.08473684,106.4052632,80.88842105,30.14263158,41,2025,October
Kadambagachi G.P. (Piragacha),North 24 Pgs.,10/11/2025,22.711107,88.522979,89.29166667,49.07458333,90.66666667,77.79166667,30.54541667,41,2025,October
Kadambagachi G.P. (Piragacha),North 24 Pgs.,10/12/2025,22.711107,88.522979,92,49.0575,93.0575,72.91916667,31.32666667,41,2025,October
Kadambagachi G.P. (Piragacha),North 24 Pgs.,10/13/2025,22.711107,88.522979,104.7916667,57.37666667,107.73375,70.62916667,30.89291667,42,2025,October
Kadambagachi G.P. (Piragacha),North 24 Pgs.,10/14/2025,22.711107,88.522979,112.7916667,61.7575,115.3079167,69.41958333,30.69625,42,2025,October
Kadambagachi G.P. (Piragacha),North 24 Pgs.,10/15/2025,22.711107,88.522979,125.1666667,66.60916667,124.13125,67.72708333,30.37791667,42,2025,October
Kadambagachi G.P. (Piragacha),North 24 Pgs.,10/16/2025,22.711107,88.522979,127.4583333,67.65,126.3454167,68.29958333,30.03958333,42,2025,October
Kadambagachi G.P. (Piragacha),North 24 Pgs.,10/17/2025,22.711107,88.522979,145.8333333,73.72958333,135.6429167,69.49208333,30.56166667,42,2025,October
Kadambagachi G.P. (Piragacha),North 24 Pgs.,10/18/2025,22.711107,88.522979,143.375,71.76333333,132.3754167,71.695,31.25666667,42,2025,October
Kadambagachi G.P. (Piragacha),North 24 Pgs.,10/19/2025,22.711107,88.522979,114.2083333,59.665,110.6033333,72.65666667,31.51208333,42,2025,October
Kadambagachi G.P. (Piragacha),North 24 Pgs.,10/20/2025,22.711107,88.522979,110.75,58.45916667,106.5783333,71.44541667,31.66625,43,2025,October
Kadambagachi G.P. (Piragacha),North 24 Pgs.,10/21/2025,22.711107,88.522979,135.875,68.84375,124.665,69.6075,31.30166667,43,2025,October
Kadambagachi G.P. (Piragacha),North 24 Pgs.,10/22/2025,22.711107,88.522979,141.0833333,71.87875,131.2104167,69.69625,30.95125,43,2025,October
Kadambagachi G.P. (Piragacha),North 24 Pgs.,10/23/2025,22.711107,88.522979,131.25,65.18333333,119.3116667,66.49875,31.39291667,43,2025,October
Kadambagachi G.P. (Piragacha),North 24 Pgs.,10/24/2025,22.711107,88.522979,133.4166667,68.515,125.8241667,68.80125,31.13583333,43,2025,October
Kadambagachi G.P. (Piragacha),North 24 Pgs.,10/25/2025,22.711107,88.522979,143.125,71.42875,131.4633333,70.24416667,31.29833333,43,2025,October
Kadambagachi G.P. (Piragacha),North 24 Pgs.,10/26/2025,22.711107,88.522979,126.4583333,64.39666667,118.2045833,72.02416667,31.34166667,43,2025,October
Kadambagachi G.P. (Piragacha),North 24 Pgs.,10/27/2025,22.711107,88.522979,137.0416667,69.61958333,126.0841667,70.95,31.645,44,2025,October
Kadambagachi G.P. (Piragacha),North 24 Pgs.,10/28/2025,22.711107,88.522979,97.25,51.48458333,93.62708333,75.51625,30.59583333,44,2025,October
Kadambagachi G.P. (Piragacha),North 24 Pgs.,10/29/2025,22.711107,88.522979,61.70833333,34.035,61.67791667,87.21666667,28.04375,44,2025,October
Kadambagachi G.P. (Piragacha),North 24 Pgs.,10/30/2025,22.711107,88.522979,54.875,30.09125,54.90041667,80.4525,30.01166667,44,2025,October
Kadambagachi G.P. (Piragacha),North 24 Pgs.,10/31/2025,22.711107,88.522979,65.79166667,35.2425,65.82041667,75.96791667,30.96,44,2025,October
Kadambagachi G.P. (Piragacha),North 24 Pgs.,11/1/2025,22.711107,88.522979,76.04166667,41.50875,75.9375,76.84,31.00875,44,2025,November
Kadambagachi G.P. (Piragacha),North 24 Pgs.,11/2/2025,22.711107,88.522979,62.08333333,34.03666667,62.19083333,75.47875,28.67458333,44,2025,November
Kadambagachi G.P. (Piragacha),North 24 Pgs.,11/3/2025,22.711107,88.522979,112.5,57.07791667,104.2116667,68.98833333,28.79541667,45,2025,November
Kadambagachi G.P. (Piragacha),North 24 Pgs.,11/4/2025,22.711107,88.522979,224.9166667,97.42875,175.6945833,73.50166667,27.89291667,45,2025,November
Kadambagachi G.P. (Piragacha),North 24 Pgs.,11/5/2025,22.711107,88.522979,237.75,101.4183333,184.1275,69.0725,28.845,45,2025,November
Kadambagachi G.P. (Piragacha),North 24 Pgs.,11/6/2025,22.711107,88.522979,210.5,93.12333333,168.6970833,73.3425,29.205,45,2025,November
Kadambagachi G.P. (Piragacha),North 24 Pgs.,11/7/2025,22.711107,88.522979,182.2916667,84.6925,153.2516667,70.89,29.36083333,45,2025,November
Kadambagachi G.P. (Piragacha),North 24 Pgs.,11/8/2025,22.711107,88.522979,107.6666667,57.7175,108.9170833,62.03041667,27.28958333,45,2025,November
Kadambagachi G.P. (Piragacha),North 24 Pgs.,11/9/2025,22.711107,88.522979,117,60.33416667,114.33125,61.01958333,26.02666667,45,2025,November
Kadambagachi G.P. (Piragacha),North 24 Pgs.,11/10/2025,22.711107,88.522979,155.875,76.76666667,142.1658333,66.71041667,26.01791667,46,2025,November
Kadambagachi G.P. (Piragacha),North 24 Pgs.,11/11/2025,22.711107,88.522979,144.7916667,72.88583333,135.8120833,62.7025,25.615,46,2025,November
Kadambagachi G.P. (Piragacha),North 24 Pgs.,11/12/2025,22.711107,88.522979,193.0833333,87.955,163.3195833,64.14416667,24.79916667,46,2025,November
Kadambagachi G.P. (Piragacha),North 24 Pgs.,11/13/2025,22.711107,88.522979,185.5416667,85.68125,159.1779167,65.06125,25.01458333,46,2025,November
Kadambagachi G.P. (Piragacha),North 24 Pgs.,11/14/2025,22.711107,88.522979,171.125,80.79833333,149.2725,65.23625,24.99916667,46,2025,November
Kadambagachi G.P. (Piragacha),North 24 Pgs.,11/15/2025,22.711107,88.522979,156.7916667,76.81375,141.52125,66.56375,25.315,46,2025,November
Kadambagachi G.P. (Piragacha),North 24 Pgs.,11/16/2025,22.711107,88.522979,160.9583333,78.26458333,143.9345833,66.03958333,25.27708333,46,2025,November
Kadambagachi G.P. (Piragacha),North 24 Pgs.,11/17/2025,22.711107,88.522979,153.0833333,74.58583333,137.72375,66.19125,25.69416667,47,2025,November
Kadambagachi G.P. (Piragacha),North 24 Pgs.,11/18/2025,22.711107,88.522979,127.625,64.385,121.0845833,65.69208333,26.09666667,47,2025,November
Kadambagachi G.P. (Piragacha),North 24 Pgs.,11/19/2025,22.711107,88.522979,122.875,61.21541667,114.5570833,63.275,26.635,47,2025,November
Kadambagachi G.P. (Piragacha),North 24 Pgs.,11/20/2025,22.711107,88.522979,133.75,67.91708333,126.6470833,63.35833333,26.65,47,2025,November
Kadambagachi G.P. (Piragacha),North 24 Pgs.,11/21/2025,22.711107,88.522979,157.1666667,76.76791667,141.9629167,66.31291667,25.92416667,47,2025,November
Kadambagachi G.P. (Piragacha),North 24 Pgs.,11/22/2025,22.711107,88.522979,210.75,93.22916667,171.7433333,68.40375,25.35125,47,2025,November
Kadambagachi G.P. (Piragacha),North 24 Pgs.,11/23/2025,22.711107,88.522979,184,85.19166667,156.8375,67.95291667,25.21208333,47,2025,November
Kadambagachi G.P. (Piragacha),North 24 Pgs.,11/24/2025,22.711107,88.522979,189.875,86.94541667,159.1683333,65.05208333,24.52,48,2025,November
Kadambagachi G.P. (Piragacha),North 24 Pgs.,11/25/2025,22.711107,88.522979,209.7083333,92.89375,171.4591667,64.73791667,23.56166667,48,2025,November
Kadambagachi G.P. (Piragacha),North 24 Pgs.,11/26/2025,22.711107,88.522979,189.5416667,86.86875,160.365,62.67291667,23.47166667,48,2025,November
Kadambagachi G.P. (Piragacha),North 24 Pgs.,11/27/2025,22.711107,88.522979,154.125,73.62583333,136.9979167,65.13333333,24.39375,48,2025,November
Kadambagachi G.P. (Piragacha),North 24 Pgs.,11/28/2025,22.711107,88.522979,155.7083333,75.65333333,140.77625,64.79916667,24.99916667,48,2025,November
Kadambagachi G.P. (Piragacha),North 24 Pgs.,11/29/2025,22.711107,88.522979,154.1666667,74.94541667,141.1329167,67.32375,24.58958333,48,2025,November
Kadambagachi G.P. (Piragacha),North 24 Pgs.,11/30/2025,22.711107,88.522979,170.1666667,80.87916667,149.5279167,67.8025,24.43666667,48,2025,November
Kadambagachi G.P. (Piragacha),North 24 Pgs.,12/1/2025,22.711107,88.522979,210,93,171.61,81.66,20.64,49,2025,December
Kalinnagar Mahavidyalaya,North 24 Pgs.,8/31/2025,22.430729,88.86657,34,19.314,33.992,77.18133333,32.36133333,35,2025,August
Kalinnagar Mahavidyalaya,North 24 Pgs.,9/1/2025,22.430729,88.86657,51.1,28.0735,42.681,73.3055,34.7585,36,2025,September
Kalinnagar Mahavidyalaya,North 24 Pgs.,9/2/2025,22.430729,88.86657,29.59090909,17.06409091,29.49772727,87.21318182,29.43818182,36,2025,September
Kalinnagar Mahavidyalaya,North 24 Pgs.,9/3/2025,22.430729,88.86657,29.33333333,16.98541667,29.29416667,88.79791667,28.95125,36,2025,September
Kalinnagar Mahavidyalaya,North 24 Pgs.,9/4/2025,22.430729,88.86657,31.33333333,18.07619048,31.39714286,85.32619048,30.3652381,36,2025,September
Kalinnagar Mahavidyalaya,North 24 Pgs.,9/5/2025,22.430729,88.86657,45.94117647,22.94588235,45.74352941,73.62,33.62294118,36,2025,September
Kalinnagar Mahavidyalaya,North 24 Pgs.,9/6/2025,22.430729,88.86657,58.15,28.955,57.7895,74.274,33.326,36,2025,September
Kalinnagar Mahavidyalaya,North 24 Pgs.,9/7/2025,22.430729,88.86657,43.91666667,23.75875,43.85041667,76.955,32.50916667,36,2025,September
Kalinnagar Mahavidyalaya,North 24 Pgs.,9/8/2025,22.430729,88.86657,52.29166667,25.22875,52.11708333,73.82708333,33.17125,37,2025,September
Kalinnagar Mahavidyalaya,North 24 Pgs.,9/9/2025,22.430729,88.86657,52.45833333,26.66916667,51.31708333,73.67666667,33.22791667,37,2025,September
Kalinnagar Mahavidyalaya,North 24 Pgs.,9/10/2025,22.430729,88.86657,47.33333333,24.94791667,47.52458333,73.45,33.55833333,37,2025,September
Kalinnagar Mahavidyalaya,North 24 Pgs.,9/11/2025,22.430729,88.86657,44.18181818,24.03818182,44.26727273,65.95818182,35.61181818,37,2025,September
Kalinnagar Mahavidyalaya,North 24 Pgs.,9/12/2025,22.430729,88.86657,41.94444444,24.08944444,41.96722222,78.79777778,32.34722222,37,2025,September
Kalinnagar Mahavidyalaya,North 24 Pgs.,9/13/2025,22.430729,88.86657,33.56521739,19.14521739,33.64086957,80.23478261,31.68217391,37,2025,September
Kalinnagar Mahavidyalaya,North 24 Pgs.,9/14/2025,22.430729,88.86657,32.30434783,18.63391304,32.31043478,80.95521739,31.24130435,37,2025,September
Kalinnagar Mahavidyalaya,North 24 Pgs.,9/15/2025,22.430729,88.86657,32.3125,18.8275,32.27375,76.595,32.168125,38,2025,September
Kalinnagar Mahavidyalaya,North 24 Pgs.,9/16/2025,22.430729,88.86657,34.76470588,20.06941176,34.68176471,80.53823529,31.06588235,38,2025,September
Kalinnagar Mahavidyalaya,North 24 Pgs.,9/17/2025,22.430729,88.86657,39.125,22.35458333,39.15083333,80.73666667,31.63625,38,2025,September
Kalinnagar Mahavidyalaya,North 24 Pgs.,9/18/2025,22.430729,88.86657,40.95833333,23.44291667,40.90833333,75.98958333,32.7075,38,2025,September
Kalinnagar Mahavidyalaya,North 24 Pgs.,9/19/2025,22.430729,88.86657,54.41666667,29.8825,53.485,76.56333333,33.36416667,38,2025,September
Kalinnagar Mahavidyalaya,North 24 Pgs.,9/20/2025,22.430729,88.86657,49.60869565,28.66521739,49.60652174,83.01826087,31.22652174,38,2025,September
Kalinnagar Mahavidyalaya,North 24 Pgs.,9/21/2025,22.430729,88.86657,63.875,36.73625,63.93875,78.0225,32.47083333,38,2025,September
Kalinnagar Mahavidyalaya,North 24 Pgs.,9/22/2025,22.430729,88.86657,51.04545455,29.46318182,50.88272727,86.85818182,29.91954545,39,2025,September
Kalinnagar Mahavidyalaya,North 24 Pgs.,9/23/2025,22.430729,88.86657,38.41666667,22.31708333,38.42833333,83.20458333,30.66583333,39,2025,September
Kalinnagar Mahavidyalaya,North 24 Pgs.,9/24/2025,22.430729,88.86657,40.79166667,23.44083333,40.80875,79.61625,32.1725,39,2025,September
Kalinnagar Mahavidyalaya,North 24 Pgs.,9/25/2025,22.430729,88.86657,37.82352941,21.52823529,37.67352941,76.44705882,32.47764706,39,2025,September
Kalinnagar Mahavidyalaya,North 24 Pgs.,9/26/2025,22.430729,88.86657,34.59090909,19.83227273,34.695,81.09727273,31.82863636,39,2025,September
Kalinnagar Mahavidyalaya,North 24 Pgs.,9/27/2025,22.430729,88.86657,37.75,21.57333333,37.8075,79.74875,31.94458333,39,2025,September
Kalinnagar Mahavidyalaya,North 24 Pgs.,9/28/2025,22.430729,88.86657,59.20833333,30.11458333,53.48458333,77.69833333,32.6775,39,2025,September
Kalinnagar Mahavidyalaya,North 24 Pgs.,9/29/2025,22.430729,88.86657,53.625,27.66791667,49.02791667,74.31208333,33.25,40,2025,September
Kalinnagar Mahavidyalaya,North 24 Pgs.,9/30/2025,22.430729,88.86657,47.85,26.1195,47.804,73.5685,33.9845,40,2025,September
Kalinnagar Mahavidyalaya,North 24 Pgs.,10/1/2025,22.430729,88.86657,40.125,22.96583333,40.11875,80.50833333,31.98541667,40,2025,October
Kalinnagar Mahavidyalaya,North 24 Pgs.,10/2/2025,22.430729,88.86657,30.5,17.53291667,30.41875,90.87083333,28.765,40,2025,October
Kalinnagar Mahavidyalaya,North 24 Pgs.,10/3/2025,22.430729,88.86657,37.25,21.32208333,37.17375,87.19875,29.98125,40,2025,October
Kalinnagar Mahavidyalaya,North 24 Pgs.,10/4/2025,22.430729,88.86657,39.95652174,23.01347826,40.00695652,82.82956522,31.27347826,40,2025,October
Kalinnagar Mahavidyalaya,North 24 Pgs.,10/5/2025,22.430729,88.86657,34.22727273,19.83181818,34.26454545,85.51454545,29.45590909,40,2025,October
Kalinnagar Mahavidyalaya,North 24 Pgs.,10/6/2025,22.430729,88.86657,42.20833333,24.12666667,42.06125,84.86458333,29.95458333,41,2025,October
Kalinnagar Mahavidyalaya,North 24 Pgs.,10/7/2025,22.430729,88.86657,44.58333333,25.51625,44.52791667,80.03791667,30.74666667,41,2025,October
Kalinnagar Mahavidyalaya,North 24 Pgs.,10/8/2025,22.430729,88.86657,54,30.885,53.92708333,80.65916667,31.08125,41,2025,October
Kalinnagar Mahavidyalaya,North 24 Pgs.,10/9/2025,22.430729,88.86657,70.5,37.94666667,67.10083333,79.36375,31.27958333,41,2025,October
Kalinnagar Mahavidyalaya,North 24 Pgs.,10/10/2025,22.430729,88.86657,58.08333333,33.35291667,58.10041667,82.30291667,30.34291667,41,2025,October
Kalinnagar Mahavidyalaya,North 24 Pgs.,10/11/2025,22.430729,88.86657,44.66666667,25.57166667,44.56208333,81.54333333,30.64875,41,2025,October
Kalinnagar Mahavidyalaya,North 24 Pgs.,10/12/2025,22.430729,88.86657,67.04166667,32.37625,63.21541667,77.18041667,31.04041667,41,2025,October
Kalinnagar Mahavidyalaya,North 24 Pgs.,10/13/2025,22.430729,88.86657,85.625,40.89291667,80.99125,73.2975,30.84833333,42,2025,October
Kalinnagar Mahavidyalaya,North 24 Pgs.,10/14/2025,22.430729,88.86657,72.04166667,40.02416667,72.07916667,72.35416667,30.5975,42,2025,October
Kalinnagar Mahavidyalaya,North 24 Pgs.,10/15/2025,22.430729,88.86657,81.375,45.6625,81.44083333,72.68958333,30.23833333,42,2025,October
Kalinnagar Mahavidyalaya,North 24 Pgs.,10/16/2025,22.430729,88.86657,88.875,49.255,88.91666667,72.02625,30.25916667,42,2025,October
Kalinnagar Mahavidyalaya,North 24 Pgs.,10/17/2025,22.430729,88.86657,87.91666667,49.3975,87.91708333,73.35416667,30.85333333,42,2025,October
Kalinnagar Mahavidyalaya,North 24 Pgs.,10/18/2025,22.430729,88.86657,77.54166667,44.0225,77.48625,73.43541667,31.21708333,42,2025,October
Kalinnagar Mahavidyalaya,North 24 Pgs.,10/19/2025,22.430729,88.86657,58.66666667,33.73958333,58.63166667,76.04333333,31.33958333,42,2025,October
Kalinnagar Mahavidyalaya,North 24 Pgs.,10/20/2025,22.430729,88.86657,67.6,38.692,67.6405,73.907,31.8095,43,2025,October
Kalinnagar Mahavidyalaya,North 24 Pgs.,10/21/2025,22.430729,88.86657,67.27777778,38.53888889,67.32666667,68.91777778,32.52611111,43,2025,October
Kalinnagar Mahavidyalaya,North 24 Pgs.,10/22/2025,22.430729,88.86657,74.79166667,42.69791667,74.75708333,73.995,31.26166667,43,2025,October
Kalinnagar Mahavidyalaya,North 24 Pgs.,10/23/2025,22.430729,88.86657,111.8333333,57.20541667,102.4191667,72.82541667,31.38375,43,2025,October
Kalinnagar Mahavidyalaya,North 24 Pgs.,10/24/2025,22.430729,88.86657,68.9,38.0665,68.8615,70.513,31.889,43,2025,October
Kalinnagar Mahavidyalaya,North 24 Pgs.,10/26/2025,22.430729,88.86657,84.78571429,46.66642857,84.09642857,68.67214286,33.55142857,43,2025,October
Kalinnagar Mahavidyalaya,North 24 Pgs.,10/27/2025,22.430729,88.86657,80,44.62041667,80.01625,75.355,31.99708333,44,2025,October
Kalinnagar Mahavidyalaya,North 24 Pgs.,10/28/2025,22.430729,88.86657,48.20833333,27.70625,48.20416667,78.50833333,31.37875,44,2025,October
Kalinnagar Mahavidyalaya,North 24 Pgs.,10/29/2025,22.430729,88.86657,32.29166667,18.4975,32.31416667,86.52958333,29.51041667,44,2025,October
Kalinnagar Mahavidyalaya,North 24 Pgs.,10/30/2025,22.430729,88.86657,61.47368421,30.70789474,53.05473684,81.45052632,30.70105263,44,2025,October
Kalinnagar Mahavidyalaya,North 24 Pgs.,10/31/2025,22.430729,88.86657,49.6875,26.358125,46.898125,72.995,32.79125,44,2025,October
Kalinnagar Mahavidyalaya,North 24 Pgs.,11/1/2025,22.430729,88.86657,45.69565217,26.37478261,45.71,80.72347826,31.12347826,44,2025,November
Kalinnagar Mahavidyalaya,North 24 Pgs.,11/2/2025,22.430729,88.86657,45.45833333,25.66291667,45.49916667,78.71,29.30125,44,2025,November
Kalinnagar Mahavidyalaya,North 24 Pgs.,11/3/2025,22.430729,88.86657,90.125,49.10125,88.59416667,76.44916667,28.49166667,45,2025,November
Kalinnagar Mahavidyalaya,North 24 Pgs.,11/4/2025,22.430729,88.86657,144.1428571,73.28571429,130.4857143,78.52214286,27.56714286,45,2025,November
Kalinnagar Mahavidyalaya,North 24 Pgs.,11/5/2025,22.430729,88.86657,177.1666667,83.20041667,152.2908333,74.20375,28.68041667,45,2025,November
Kalinnagar Mahavidyalaya,North 24 Pgs.,11/6/2025,22.430729,88.86657,121.3684211,60.08421053,111.6884211,72.28947368,30.49789474,45,2025,November
Kalinnagar Mahavidyalaya,North 24 Pgs.,11/7/2025,22.430729,88.86657,101.875,56.97208333,100.4445833,74.8775,29.83458333,45,2025,November
Kalinnagar Mahavidyalaya,North 24 Pgs.,11/8/2025,22.430729,88.86657,90.45833333,45.15916667,89.65291667,63.81333333,28.4875,45,2025,November
Kalinnagar Mahavidyalaya,North 24 Pgs.,11/9/2025,22.430729,88.86657,110.875,55.58333333,104.1825,68.86625,26.02916667,45,2025,November
Kalinnagar Mahavidyalaya,North 24 Pgs.,11/10/2025,22.430729,88.86657,115.05,58.4335,110.472,68.781,28.0075,46,2025,November
Kalinnagar Mahavidyalaya,North 24 Pgs.,11/11/2025,22.430729,88.86657,109.2727273,57.52181818,106.8804545,66.46136364,26.82590909,46,2025,November
Kalinnagar Mahavidyalaya,North 24 Pgs.,11/12/2025,22.430729,88.86657,119,61.923125,116.69875,59.015625,27.91,46,2025,November
Kalinnagar Mahavidyalaya,North 24 Pgs.,11/13/2025,22.430729,88.86657,96.875,55.37625,98.0425,68.2425,24.39375,46,2025,November
Kalinnagar Mahavidyalaya,North 24 Pgs.,11/14/2025,22.430729,88.86657,102.2941176,57.67470588,101.7235294,65.54764706,26.55588235,46,2025,November
Kalinnagar Mahavidyalaya,North 24 Pgs.,11/15/2025,22.430729,88.86657,95.625,54.319375,96.0625,68.690625,26.38375,46,2025,November
Kalinnagar Mahavidyalaya,North 24 Pgs.,11/16/2025,22.430729,88.86657,98.4375,54.670625,96.521875,64.485625,27.066875,46,2025,November
Kalinnagar Mahavidyalaya,North 24 Pgs.,11/17/2025,22.430729,88.86657,73.18181818,41.27545455,72.17363636,54.51909091,34.01818182,47,2025,November
Kalinnagar Mahavidyalaya,North 24 Pgs.,11/19/2025,22.430729,88.86657,61.28571429,34.60928571,61.19142857,72.02071429,25.89571429,47,2025,November
Kalinnagar Mahavidyalaya,North 24 Pgs.,11/20/2025,22.430729,88.86657,87.91304348,48.31173913,86.43043478,71.52,26.32478261,47,2025,November
Kalinnagar Mahavidyalaya,North 24 Pgs.,11/21/2025,22.430729,88.86657,110.25,60.8425,106.795,86.15,22.58375,47,2025,November
Kalinnagar Mahavidyalaya,North 24 Pgs.,11/22/2025,22.430729,88.86657,135,70.0652381,124.2766667,70.7552381,26.60095238,47,2025,November
Kalinnagar Mahavidyalaya,North 24 Pgs.,11/23/2025,22.430729,88.86657,107.875,60.29625,105.8333333,73.49708333,26.08541667,47,2025,November
Kalinnagar Mahavidyalaya,North 24 Pgs.,11/24/2025,22.430729,88.86657,135.25,70.17583333,123.92125,69.61125,24.94958333,48,2025,November
Kalinnagar Mahavidyalaya,North 24 Pgs.,11/25/2025,22.430729,88.86657,144.9166667,73.15125,129.8779167,68.52375,24.02083333,48,2025,November
Kalinnagar Mahavidyalaya,North 24 Pgs.,11/26/2025,22.430729,88.86657,144.25,72.955,130.1325,67.26166667,24.42916667,48,2025,November
Kalinnagar Mahavidyalaya,North 24 Pgs.,11/27/2025,22.430729,88.86657,94.58333333,49.9575,87.92458333,68.99583333,24.64625,48,2025,November
Kalinnagar Mahavidyalaya,North 24 Pgs.,11/28/2025,22.430729,88.86657,71.66666667,40.58375,71.16583333,69.29375,25.43375,48,2025,November
Kalinnagar Mahavidyalaya,North 24 Pgs.,11/29/2025,22.430729,88.86657,99.26086957,53.45521739,95.22434783,70.66521739,25.50695652,48,2025,November
Kalinnagar Mahavidyalaya,North 24 Pgs.,11/30/2025,22.430729,88.86657,117.7058824,62.15058824,109.6747059,70.75411765,25.53411765,48,2025,November
Kamarhati Municipality,North 24 Pgs.,8/31/2025,22.662251,88.379349,52.54166667,27.70375,52.63083333,73.25041667,32.76541667,35,2025,August
Kamarhati Municipality,North 24 Pgs.,9/1/2025,22.662251,88.379349,79.5,42.175,81.25041667,72.05458333,33.75333333,36,2025,September
Kamarhati Municipality,North 24 Pgs.,9/2/2025,22.662251,88.379349,45.79166667,24.46875,45.78166667,83.63416667,29.85,36,2025,September
Kamarhati Municipality,North 24 Pgs.,9/3/2025,22.662251,88.379349,40.5,21.68708333,40.58291667,84.70708333,29.50125,36,2025,September
Kamarhati Municipality,North 24 Pgs.,9/4/2025,22.662251,88.379349,46.75,24.75416667,46.685,80.99166667,30.80166667,36,2025,September
Kamarhati Municipality,North 24 Pgs.,9/5/2025,22.662251,88.379349,61.29166667,32.55625,61.36875,75.42833333,32.17666667,36,2025,September
Kamarhati Municipality,North 24 Pgs.,9/6/2025,22.662251,88.379349,69.20833333,35.95916667,69.21208333,71.69791667,33.09375,36,2025,September
Kamarhati Municipality,North 24 Pgs.,9/7/2025,22.662251,88.379349,63.91666667,33.50166667,63.91625,72.335,32.60083333,36,2025,September
Kamarhati Municipality,North 24 Pgs.,9/8/2025,22.662251,88.379349,68.5,34.6475,68.43125,69.04,33.48875,37,2025,September
Kamarhati Municipality,North 24 Pgs.,9/9/2025,22.662251,88.379349,71.95833333,36.81583333,71.98916667,69.82916667,33.41333333,37,2025,September
Kamarhati Municipality,North 24 Pgs.,9/10/2025,22.662251,88.379349,71,36.04571429,71.0552381,71.34380952,33.07619048,37,2025,September
Kamarhati Municipality,North 24 Pgs.,9/11/2025,22.662251,88.379349,72.54166667,37.02166667,72.61041667,71.1225,33.43375,37,2025,September
Kamarhati Municipality,North 24 Pgs.,9/12/2025,22.662251,88.379349,63.70833333,32.47666667,63.70958333,72.77541667,32.70166667,37,2025,September
Kamarhati Municipality,North 24 Pgs.,9/13/2025,22.662251,88.379349,55.875,28.54833333,55.75666667,71.065,32.86875,37,2025,September
Kamarhati Municipality,North 24 Pgs.,9/14/2025,22.662251,88.379349,55.5,30.09416667,55.60791667,81.37416667,30.56416667,37,2025,September
Kamarhati Municipality,North 24 Pgs.,9/15/2025,22.662251,88.379349,60.45833333,32.57625,60.40916667,84.42041667,29.88916667,38,2025,September
Kamarhati Municipality,North 24 Pgs.,9/16/2025,22.662251,88.379349,60.83333333,32.8325,60.93791667,83.73125,29.705,38,2025,September
Kamarhati Municipality,North 24 Pgs.,9/17/2025,22.662251,88.379349,61.5,33.94916667,61.51666667,78.55625,31.29375,38,2025,September
Kamarhati Municipality,North 24 Pgs.,9/18/2025,22.662251,88.379349,65.70833333,34.86791667,65.66875,72.69625,33.15791667,38,2025,September
Kamarhati Municipality,North 24 Pgs.,9/19/2025,22.662251,88.379349,86.16666667,47.14416667,86.28083333,74.59916667,33.12291667,38,2025,September
Kamarhati Municipality,North 24 Pgs.,9/20/2025,22.662251,88.379349,90.16666667,49.8975,91.00208333,82.5875,30.60208333,38,2025,September
Kamarhati Municipality,North 24 Pgs.,9/21/2025,22.662251,88.379349,104.875,58.27375,105.0545833,76.26083333,32.37416667,38,2025,September
Kamarhati Municipality,North 24 Pgs.,9/22/2025,22.662251,88.379349,83.83333333,45.66041667,84.36166667,80.015,30.61458333,39,2025,September
Kamarhati Municipality,North 24 Pgs.,9/23/2025,22.662251,88.379349,65.58333333,36.44166667,65.59458333,87.6025,29.06583333,39,2025,September
Kamarhati Municipality,North 24 Pgs.,9/24/2025,22.662251,88.379349,69.91666667,37.83416667,69.91,77.01,31.85541667,39,2025,September
Kamarhati Municipality,North 24 Pgs.,9/25/2025,22.662251,88.379349,67.91666667,36.52416667,67.99541667,74.47166667,32.53625,39,2025,September
Kamarhati Municipality,North 24 Pgs.,9/26/2025,22.662251,88.379349,58.875,30.7125,58.86083333,78.175,31.69333333,39,2025,September
Kamarhati Municipality,North 24 Pgs.,9/27/2025,22.662251,88.379349,48.79166667,26.22708333,48.78041667,75.33916667,32.20625,39,2025,September
Kamarhati Municipality,North 24 Pgs.,9/28/2025,22.662251,88.379349,48.5,26.06875,48.17875,71.88875,32.74208333,39,2025,September
Kamarhati Municipality,North 24 Pgs.,9/29/2025,22.662251,88.379349,65.58333333,34.78333333,65.82291667,69.99291667,33.39208333,40,2025,September
Kamarhati Municipality,North 24 Pgs.,9/30/2025,22.662251,88.379349,78.08333333,40.80958333,78.19875,74.0375,32.63708333,40,2025,September
Kamarhati Municipality,North 24 Pgs.,10/1/2025,22.662251,88.379349,56.04166667,30.39875,56.01166667,77.465,31.11208333,40,2025,October
Kamarhati Municipality,North 24 Pgs.,10/2/2025,22.662251,88.379349,38.41666667,21.49458333,38.22916667,88.53708333,28.92208333,40,2025,October
Kamarhati Municipality,North 24 Pgs.,10/3/2025,22.662251,88.379349,49.5,27.51333333,49.53958333,90.32458333,28.97375,40,2025,October
Kamarhati Municipality,North 24 Pgs.,10/4/2025,22.662251,88.379349,54.08333333,29.81583333,54.04,82.7825,30.59916667,40,2025,October
Kamarhati Municipality,North 24 Pgs.,10/5/2025,22.662251,88.379349,52.58333333,28.85666667,52.60291667,83.98,29.10541667,40,2025,October
Kamarhati Municipality,North 24 Pgs.,10/6/2025,22.662251,88.379349,95.16666667,52.10166667,93.81041667,82.56333333,29.71708333,41,2025,October
Kamarhati Municipality,North 24 Pgs.,10/7/2025,22.662251,88.379349,89.125,49.7,89.26291667,77.43791667,30.71541667,41,2025,October
Kamarhati Municipality,North 24 Pgs.,10/8/2025,22.662251,88.379349,104.2083333,57.37041667,103.7895833,79.53583333,30.32083333,41,2025,October
Kamarhati Municipality,North 24 Pgs.,10/9/2025,22.662251,88.379349,110.5416667,60.9675,109.1975,75.76,30.9625,41,2025,October
Kamarhati Municipality,North 24 Pgs.,10/10/2025,22.662251,88.379349,97.45833333,54.56541667,97.30041667,79.35916667,30.02833333,41,2025,October
Kamarhati Municipality,North 24 Pgs.,10/11/2025,22.662251,88.379349,92.25,50.14083333,93.76916667,74.27916667,30.89416667,41,2025,October
Kamarhati Municipality,North 24 Pgs.,10/12/2025,22.662251,88.379349,94.95833333,52.06791667,96.77625,69.78125,31.60541667,41,2025,October
Kamarhati Municipality,North 24 Pgs.,10/13/2025,22.662251,88.379349,105.3333333,57.88,107.1595833,65.715,31.66208333,42,2025,October
Kamarhati Municipality,North 24 Pgs.,10/14/2025,22.662251,88.379349,107.75,59.585,110.1291667,64.15375,31.16125,42,2025,October
Kamarhati Municipality,North 24 Pgs.,10/15/2025,22.662251,88.379349,118.1666667,63.9475,118.04125,61.51375,31.39291667,42,2025,October
Kamarhati Municipality,North 24 Pgs.,10/16/2025,22.662251,88.379349,127.125,67.50041667,125.0433333,60.505,30.72583333,42,2025,October
Kamarhati Municipality,North 24 Pgs.,10/17/2025,22.662251,88.379349,156.4583333,76.92666667,142.37625,62.51291667,31.63208333,42,2025,October
Kamarhati Municipality,North 24 Pgs.,10/18/2025,22.662251,88.379349,137.4166667,70.87625,128.6879167,64.50416667,32.22375,42,2025,October
Kamarhati Municipality,North 24 Pgs.,10/19/2025,22.662251,88.379349,107.9166667,58.78541667,105.8954167,65.46416667,32.67333333,42,2025,October
Kamarhati Municipality,North 24 Pgs.,10/20/2025,22.662251,88.379349,125.625,64.06041667,115.0683333,67.33166667,32.675,43,2025,October
Kamarhati Municipality,North 24 Pgs.,10/21/2025,22.662251,88.379349,164.9166667,79.6675,142.5958333,62.92666667,32.515,43,2025,October
Kamarhati Municipality,North 24 Pgs.,10/22/2025,22.662251,88.379349,160.375,78.10583333,141.9754167,62.54375,32.38166667,43,2025,October
Kamarhati Municipality,North 24 Pgs.,10/23/2025,22.662251,88.379349,125.125,63.76,115.9354167,59.51333333,32.64333333,43,2025,October
Kamarhati Municipality,North 24 Pgs.,10/24/2025,22.662251,88.379349,128.0416667,67.41916667,124.205,59.40416667,32.50125,43,2025,October
Kamarhati Municipality,North 24 Pgs.,10/25/2025,22.662251,88.379349,150.6666667,73.68833333,134.8929167,61.66291667,32.42458333,43,2025,October
Kamarhati Municipality,North 24 Pgs.,10/26/2025,22.662251,88.379349,136.7083333,69.76958333,125.5491667,67.395,32.18291667,43,2025,October
Kamarhati Municipality,North 24 Pgs.,10/27/2025,22.662251,88.379349,132.4583333,67.28166667,121.93,64.64541667,32.76458333,44,2025,October
Kamarhati Municipality,North 24 Pgs.,10/28/2025,22.662251,88.379349,101.9166667,52.355,94.98541667,69.56166667,31.98916667,44,2025,October
Kamarhati Municipality,North 24 Pgs.,10/29/2025,22.662251,88.379349,63.375,34.96875,63.47083333,84.64458333,28.57916667,44,2025,October
Kamarhati Municipality,North 24 Pgs.,10/30/2025,22.662251,88.379349,59.66666667,32.57791667,59.62125,81.10416667,29.79875,44,2025,October
Kamarhati Municipality,North 24 Pgs.,10/31/2025,22.662251,88.379349,66.58333333,36.12375,66.55875,75.55791667,31.41958333,44,2025,October
Kamarhati Municipality,North 24 Pgs.,11/1/2025,22.662251,88.379349,78.33333333,42.17958333,78.5275,75.89416667,31.125,44,2025,November
Kamarhati Municipality,North 24 Pgs.,11/2/2025,22.662251,88.379349,60.54166667,33.14583333,60.59583333,74.20166667,28.59083333,44,2025,November
Kamarhati Municipality,North 24 Pgs.,11/3/2025,22.662251,88.379349,122.25,61.12625,112.5941667,65.31916667,29.58416667,45,2025,November
Kamarhati Municipality,North 24 Pgs.,11/4/2025,22.662251,88.379349,256.25,107.0104167,193.7475,67.94125,28.77,45,2025,November
Kamarhati Municipality,North 24 Pgs.,11/5/2025,22.662251,88.379349,242.7916667,102.84875,165.75375,66.17625,29.05083333,45,2025,November
Kamarhati Municipality,North 24 Pgs.,11/6/2025,22.662251,88.379349,204.125,91.24875,119.105,66.91083333,30.00791667,45,2025,November
Kamarhati Municipality,North 24 Pgs.,11/7/2025,22.662251,88.379349,190.7083333,87.18625,113.9045833,63.63375,30.46375,45,2025,November
Kamarhati Municipality,North 24 Pgs.,11/8/2025,22.662251,88.379349,97.20833333,57.0875,79.93583333,51.03791667,29.23708333,45,2025,November
Kamarhati Municipality,North 24 Pgs.,11/9/2025,22.662251,88.379349,111.5833333,62.03875,87.14916667,50.75833333,27.84833333,45,2025,November
Kamarhati Municipality,North 24 Pgs.,11/10/2025,22.662251,88.379349,168.0416667,80.41291667,108.055,55.22916667,28.00666667,46,2025,November
Kamarhati Municipality,North 24 Pgs.,11/11/2025,22.662251,88.379349,185,85.51083333,117.1220833,52.23583333,27.26833333,46,2025,November
Kamarhati Municipality,North 24 Pgs.,11/12/2025,22.662251,88.379349,221.6666667,96.67791667,133.565,52.38833333,26.70375,46,2025,November
Kamarhati Municipality,North 24 Pgs.,11/13/2025,22.662251,88.379349,212.4583333,93.70916667,127.97125,54.14625,26.99,46,2025,November
Kamarhati Municipality,North 24 Pgs.,11/14/2025,22.662251,88.379349,201.0416667,90.28,124.54375,55.80708333,26.65416667,46,2025,November
Kamarhati Municipality,North 24 Pgs.,11/15/2025,22.662251,88.379349,167.4166667,80.20458333,110.3625,55.30083333,27.00458333,46,2025,November
Kamarhati Municipality,North 24 Pgs.,11/16/2025,22.662251,88.379349,186.9166667,86.05458333,115.68,55.93291667,27.10875,46,2025,November
Kamarhati Municipality,North 24 Pgs.,11/17/2025,22.662251,88.379349,179.0416667,83.34166667,112.8329167,56.76875,27.38,47,2025,November
Kamarhati Municipality,North 24 Pgs.,11/18/2025,22.662251,88.379349,158.7083333,76.23458333,106.69125,57.14541667,27.73708333,47,2025,November
Kamarhati Municipality,North 24 Pgs.,11/19/2025,22.662251,88.379349,143.2916667,70.45083333,100.2004167,54.90416667,28.40166667,47,2025,November
Kamarhati Municipality,North 24 Pgs.,11/20/2025,22.662251,88.379349,167.0833333,80.37291667,111.9554167,54.02041667,28.46208333,47,2025,November
Kamarhati Municipality,North 24 Pgs.,11/21/2025,22.662251,88.379349,208.2916667,93.08416667,126.0158333,56.07291667,27.76583333,47,2025,November
Kamarhati Municipality,North 24 Pgs.,11/22/2025,22.662251,88.379349,252.125,105.6954167,143.2441667,59.02,27.105,47,2025,November
Kamarhati Municipality,North 24 Pgs.,11/23/2025,22.662251,88.379349,245.2916667,107.0058333,144.6216667,60.32458333,26.94333333,47,2025,November
Kamarhati Municipality,North 24 Pgs.,11/24/2025,22.662251,88.379349,230.9583333,100.8829167,137.1208333,56.85916667,26.35833333,48,2025,November
Kamarhati Municipality,North 24 Pgs.,11/25/2025,22.662251,88.379349,234.9583333,100.91625,144.06125,53.46958333,25.38625,48,2025,November
Kamarhati Municipality,North 24 Pgs.,11/26/2025,22.662251,88.379349,198.9583333,89.69458333,130.9720833,50.29833333,25.21541667,48,2025,November
Kamarhati Municipality,North 24 Pgs.,11/27/2025,22.662251,88.379349,178.8333333,82.18791667,119.5595833,56.35125,26.17666667,48,2025,November
Kamarhati Municipality,North 24 Pgs.,11/28/2025,22.662251,88.379349,211.2083333,95.68083333,138.7608333,57.58,26.93458333,48,2025,November
Kamarhati Municipality,North 24 Pgs.,11/29/2025,22.662251,88.379349,204.2083333,91.11916667,130.7108333,57.15291667,26.55958333,48,2025,November
Kamarhati Municipality,North 24 Pgs.,11/30/2025,22.662251,88.379349,208.625,94.15125,130.75875,59.4375,26.115,48,2025,November
Kamarhati Municipality,North 24 Pgs.,12/1/2025,22.662251,88.379349,311,134.82,198.84,71.69,23.99,49,2025,December
Kanchrapara Municipality,North 24 Pgs.,8/31/2025,22.9435033,88.4489083,48.04166667,26.72791667,48.04541667,79.48875,31.00875,35,2025,August
Kanchrapara Municipality,North 24 Pgs.,9/1/2025,22.9435033,88.4489083,53.20833333,29.77791667,53.11791667,75.14291667,32.51416667,36,2025,September
Kanchrapara Municipality,North 24 Pgs.,9/2/2025,22.9435033,88.4489083,33.29166667,19.71875,33.25791667,85.62041667,28.31583333,36,2025,September
Kanchrapara Municipality,North 24 Pgs.,9/3/2025,22.9435033,88.4489083,30,17.88791667,30.08166667,84.06375,28.33041667,36,2025,September
Kanchrapara Municipality,North 24 Pgs.,9/4/2025,22.9435033,88.4489083,39.95833333,22.25041667,39.98416667,80.54375,30.15375,36,2025,September
Kanchrapara Municipality,North 24 Pgs.,9/5/2025,22.9435033,88.4489083,52.125,28.71416667,52.07875,76.98041667,31.33166667,36,2025,September
Kanchrapara Municipality,North 24 Pgs.,9/6/2025,22.9435033,88.4489083,57.58333333,31.83125,57.58541667,73.41125,32.42333333,36,2025,September
Kanchrapara Municipality,North 24 Pgs.,9/7/2025,22.9435033,88.4489083,55.33333333,31.11,55.35,73.52875,31.88625,36,2025,September
Kanchrapara Municipality,North 24 Pgs.,9/8/2025,22.9435033,88.4489083,56.20833333,30.77833333,56.18875,71.48333333,32.38666667,37,2025,September
Kanchrapara Municipality,North 24 Pgs.,9/9/2025,22.9435033,88.4489083,58.45833333,32.11,58.4325,70.245,32.5775,37,2025,September
Kanchrapara Municipality,North 24 Pgs.,9/10/2025,22.9435033,88.4489083,55.33333333,30.74708333,55.40666667,70.3025,32.81708333,37,2025,September
Kanchrapara Municipality,North 24 Pgs.,9/11/2025,22.9435033,88.4489083,57.58333333,32.01666667,57.58125,72.50541667,32.61583333,37,2025,September
Kanchrapara Municipality,North 24 Pgs.,9/12/2025,22.9435033,88.4489083,51.25,28.93291667,51.26166667,80.57,30.25375,37,2025,September
Kanchrapara Municipality,North 24 Pgs.,9/13/2025,22.9435033,88.4489083,47.875,26.67916667,47.91708333,76.16583333,31.53958333,37,2025,September
Kanchrapara Municipality,North 24 Pgs.,9/14/2025,22.9435033,88.4489083,48.20833333,27.79833333,48.29291667,83.85125,29.30541667,37,2025,September
Kanchrapara Municipality,North 24 Pgs.,9/15/2025,22.9435033,88.4489083,47.54166667,27.87875,47.625,87.17958333,28.20833333,38,2025,September
Kanchrapara Municipality,North 24 Pgs.,9/16/2025,22.9435033,88.4489083,50.45833333,29.36333333,50.39541667,87.19166667,28.08666667,38,2025,September
Kanchrapara Municipality,North 24 Pgs.,9/17/2025,22.9435033,88.4489083,55.29166667,32.14416667,55.30166667,85.39708333,28.985,38,2025,September
Kanchrapara Municipality,North 24 Pgs.,9/18/2025,22.9435033,88.4489083,53.91666667,30.60708333,53.965,78.06708333,31.33083333,38,2025,September
Kanchrapara Municipality,North 24 Pgs.,9/19/2025,22.9435033,88.4489083,64.04166667,37.06625,64.06291667,81.70666667,30.18083333,38,2025,September
Kanchrapara Municipality,North 24 Pgs.,9/20/2025,22.9435033,88.4489083,83.08333333,47.55291667,82.66833333,83.58041667,29.56083333,38,2025,September
Kanchrapara Municipality,North 24 Pgs.,9/21/2025,22.9435033,88.4489083,100.8333333,55.05958333,97.54833333,77.92708333,31.22375,38,2025,September
Kanchrapara Municipality,North 24 Pgs.,9/22/2025,22.9435033,88.4489083,61.45454545,35.22045455,61.35545455,81.91454545,29.30409091,39,2025,September
Kanchrapara Municipality,North 24 Pgs.,9/23/2025,22.9435033,88.4489083,46.75,27.29541667,46.70541667,85.41208333,28.50208333,39,2025,September
Kanchrapara Municipality,North 24 Pgs.,9/24/2025,22.9435033,88.4489083,53.20833333,29.67,53.27583333,78.14083333,30.85083333,39,2025,September
Kanchrapara Municipality,North 24 Pgs.,9/25/2025,22.9435033,88.4489083,54.125,30.89333333,54.09291667,78.16708333,31.06125,39,2025,September
Kanchrapara Municipality,North 24 Pgs.,9/26/2025,22.9435033,88.4489083,41,23.765,41.03916667,77.06666667,31.10666667,39,2025,September
Kanchrapara Municipality,North 24 Pgs.,9/27/2025,22.9435033,88.4489083,43.79166667,24.76708333,43.85666667,76.24916667,31.37916667,39,2025,September
Kanchrapara Municipality,North 24 Pgs.,9/28/2025,22.9435033,88.4489083,46.125,25.46625,46.17208333,75.7475,31.49583333,39,2025,September
Kanchrapara Municipality,North 24 Pgs.,9/29/2025,22.9435033,88.4489083,57.875,31.27833333,58.035,74.955,31.86041667,40,2025,September
Kanchrapara Municipality,North 24 Pgs.,9/30/2025,22.9435033,88.4489083,59.08333333,33.06208333,59.02916667,77.45375,31.43875,40,2025,September
Kanchrapara Municipality,North 24 Pgs.,10/1/2025,22.9435033,88.4489083,44.29166667,25.19041667,44.31833333,78.73333333,30.20125,40,2025,October
Kanchrapara Municipality,North 24 Pgs.,10/2/2025,22.9435033,88.4489083,31.04166667,18.47125,30.92583333,86.54583333,27.96083333,40,2025,October
Kanchrapara Municipality,North 24 Pgs.,10/3/2025,22.9435033,88.4489083,40.41666667,23.99416667,40.37,89.12833333,27.59541667,40,2025,October
Kanchrapara Municipality,North 24 Pgs.,10/4/2025,22.9435033,88.4489083,47.58333333,27.27625,47.53916667,83.4225,29.46125,40,2025,October
Kanchrapara Municipality,North 24 Pgs.,10/5/2025,22.9435033,88.4489083,42.75,24.96,42.63583333,84.09791667,28.12041667,40,2025,October
Kanchrapara Municipality,North 24 Pgs.,10/6/2025,22.9435033,88.4489083,62.66666667,36.28708333,62.76708333,82.86333333,28.36333333,41,2025,October
Kanchrapara Municipality,North 24 Pgs.,10/7/2025,22.9435033,88.4489083,74.04166667,42.91916667,74.13,78.54416667,29.73791667,41,2025,October
Kanchrapara Municipality,North 24 Pgs.,10/8/2025,22.9435033,88.4489083,70.5,40.46958333,70.47875,80.43958333,29.08875,41,2025,October
Kanchrapara Municipality,North 24 Pgs.,10/9/2025,22.9435033,88.4489083,75.54166667,43.74041667,75.46583333,78.98833333,29.42958333,41,2025,October
Kanchrapara Municipality,North 24 Pgs.,10/10/2025,22.9435033,88.4489083,69.08333333,40.27916667,69.115,81.5325,28.50083333,41,2025,October
Kanchrapara Municipality,North 24 Pgs.,10/11/2025,22.9435033,88.4489083,59.375,33.99416667,59.36708333,76.01,29.50833333,41,2025,October
Kanchrapara Municipality,North 24 Pgs.,10/12/2025,22.9435033,88.4489083,70.16666667,40.25625,70.24541667,73.82416667,29.87666667,41,2025,October
Kanchrapara Municipality,North 24 Pgs.,10/13/2025,22.9435033,88.4489083,71.25,40.82041667,71.23208333,70.44291667,29.74041667,42,2025,October
Kanchrapara Municipality,North 24 Pgs.,10/14/2025,22.9435033,88.4489083,75.20833333,42.92333333,75.10083333,70.1925,29.605,42,2025,October
Kanchrapara Municipality,North 24 Pgs.,10/15/2025,22.9435033,88.4489083,77.95833333,44.57833333,78.00541667,68.74208333,29.30916667,42,2025,October
Kanchrapara Municipality,North 24 Pgs.,10/16/2025,22.9435033,88.4489083,80.75,46.09916667,80.85375,67.69916667,28.93958333,42,2025,October
Kanchrapara Municipality,North 24 Pgs.,10/17/2025,22.9435033,88.4489083,90.41666667,51.95916667,90.55333333,70.45833333,29.47875,42,2025,October
Kanchrapara Municipality,North 24 Pgs.,10/18/2025,22.9435033,88.4489083,87.58333333,50.3975,87.57291667,70.11083333,30.51458333,42,2025,October
Kanchrapara Municipality,North 24 Pgs.,10/19/2025,22.9435033,88.4489083,88.58333333,50.59666667,87.69375,73.09,30.85375,42,2025,October
Kanchrapara Municipality,North 24 Pgs.,10/20/2025,22.9435033,88.4489083,93.04166667,51.88708333,90.02625,71.9875,31.09166667,43,2025,October
Kanchrapara Municipality,North 24 Pgs.,10/21/2025,22.9435033,88.4489083,91.625,52.51916667,91.05416667,68.75458333,30.74291667,43,2025,October
Kanchrapara Municipality,North 24 Pgs.,10/22/2025,22.9435033,88.4489083,100.625,56.5825,100.0054167,70.21208333,30.18166667,43,2025,October
Kanchrapara Municipality,North 24 Pgs.,10/23/2025,22.9435033,88.4489083,80.54166667,46.55083333,80.94458333,68.45541667,30.47416667,43,2025,October
Kanchrapara Municipality,North 24 Pgs.,10/24/2025,22.9435033,88.4489083,85.95833333,48.93916667,85.88291667,68.26833333,30.13875,43,2025,October
Kanchrapara Municipality,North 24 Pgs.,10/25/2025,22.9435033,88.4489083,91.45833333,52.21875,90.595,71.05583333,30.01458333,43,2025,October
Kanchrapara Municipality,North 24 Pgs.,10/26/2025,22.9435033,88.4489083,89.75,50.70041667,87.61,73.11541667,30.21583333,43,2025,October
Kanchrapara Municipality,North 24 Pgs.,10/27/2025,22.9435033,88.4489083,86.375,50.1125,86.32333333,71.58916667,30.70041667,44,2025,October
Kanchrapara Municipality,North 24 Pgs.,10/28/2025,22.9435033,88.4489083,69.70833333,40.29083333,69.57291667,72.45375,30.45375,44,2025,October
Kanchrapara Municipality,North 24 Pgs.,10/29/2025,22.9435033,88.4489083,44.54166667,26.18791667,44.50708333,84.86125,27.10291667,44,2025,October
Kanchrapara Municipality,North 24 Pgs.,10/30/2025,22.9435033,88.4489083,41.375,24.14375,41.32916667,81.52166667,28.58333333,44,2025,October
Kanchrapara Municipality,North 24 Pgs.,10/31/2025,22.9435033,88.4489083,46.58333333,26.78666667,46.60166667,78.70958333,29.435,44,2025,October
Kanchrapara Municipality,North 24 Pgs.,11/1/2025,22.9435033,88.4489083,50.41666667,29.30625,50.40125,77.8925,29.50916667,44,2025,November
Kanchrapara Municipality,North 24 Pgs.,11/2/2025,22.9435033,88.4489083,39.375,23.14083333,39.4125,75.93416667,27.24916667,44,2025,November
Kanchrapara Municipality,North 24 Pgs.,11/3/2025,22.9435033,88.4489083,71.375,41.09208333,71.3225,71.07916667,27.60041667,45,2025,November
Kanchrapara Municipality,North 24 Pgs.,11/4/2025,22.9435033,88.4489083,130.8333333,69.2425,119.6091667,73.19625,27.01208333,45,2025,November
Kanchrapara Municipality,North 24 Pgs.,11/5/2025,22.9435033,88.4489083,129.2916667,67.80166667,117.0154167,70.16875,27.54083333,45,2025,November
Kanchrapara Municipality,North 24 Pgs.,11/6/2025,22.9435033,88.4489083,119,64.1925,110.705,71.55166667,28.21666667,45,2025,November
Kanchrapara Municipality,North 24 Pgs.,11/7/2025,22.9435033,88.4489083,98.83333333,56.50958333,97.35791667,69.03375,28.48916667,45,2025,November
Kanchrapara Municipality,North 24 Pgs.,11/8/2025,22.9435033,88.4489083,63.95833333,36.93666667,63.9625,59.26,26.845,45,2025,November
Kanchrapara Municipality,North 24 Pgs.,11/9/2025,22.9435033,88.4489083,66.5,38.32416667,66.45208333,59.01125,25.4675,45,2025,November
Kanchrapara Municipality,North 24 Pgs.,11/10/2025,22.9435033,88.4489083,83.95833333,48.51333333,83.99416667,63.75583333,25.35833333,46,2025,November
Kanchrapara Municipality,North 24 Pgs.,11/11/2025,22.9435033,88.4489083,79.75,45.91166667,79.67041667,61.99791667,24.5125,46,2025,November
Kanchrapara Municipality,North 24 Pgs.,11/12/2025,22.9435033,88.4489083,98.33333333,56.38,97.61416667,64.46458333,23.49875,46,2025,November
Kanchrapara Municipality,North 24 Pgs.,11/13/2025,22.9435033,88.4489083,98.5,56.01666667,96.92,65.95,23.53916667,46,2025,November
Kanchrapara Municipality,North 24 Pgs.,11/14/2025,22.9435033,88.4489083,90.91666667,51.93791667,89.75041667,66.015,23.66125,46,2025,November
Kanchrapara Municipality,North 24 Pgs.,11/15/2025,22.9435033,88.4489083,83.125,48.29583333,83.18875,66.15833333,24.01291667,46,2025,November
Kanchrapara Municipality,North 24 Pgs.,11/16/2025,22.9435033,88.4489083,89.625,51.33625,88.20333333,66.89208333,23.8925,46,2025,November
Kanchrapara Municipality,North 24 Pgs.,11/17/2025,22.9435033,88.4489083,83.875,48.72458333,83.81166667,66.52,24.45208333,47,2025,November
Kanchrapara Municipality,North 24 Pgs.,11/18/2025,22.9435033,88.4489083,69.83333333,40.45416667,69.80375,67.65458333,24.47416667,47,2025,November
Kanchrapara Municipality,North 24 Pgs.,11/19/2025,22.9435033,88.4489083,64.79166667,37.58541667,64.79083333,66.88,24.67458333,47,2025,November
Kanchrapara Municipality,North 24 Pgs.,11/20/2025,22.9435033,88.4489083,65.29166667,37.88541667,65.27458333,65.73625,24.73458333,47,2025,November
Kanchrapara Municipality,North 24 Pgs.,11/21/2025,22.9435033,88.4489083,73.25,42.57416667,73.28791667,67.97208333,24.18916667,47,2025,November
Kanchrapara Municipality,North 24 Pgs.,11/22/2025,22.9435033,88.4489083,81.66666667,47.58458333,81.76791667,69.69,23.68166667,47,2025,November
Kanchrapara Municipality,North 24 Pgs.,11/23/2025,22.9435033,88.4489083,83.91666667,48.79958333,83.62208333,70.50416667,23.57875,47,2025,November
Kanchrapara Municipality,North 24 Pgs.,11/24/2025,22.9435033,88.4489083,75.33333333,44.00083333,75.28375,67.08666667,23.07041667,48,2025,November
Kanchrapara Municipality,North 24 Pgs.,11/25/2025,22.9435033,88.4489083,69.83333333,40.86625,69.865,65.15916667,22.15791667,48,2025,November
Kanchrapara Municipality,North 24 Pgs.,11/26/2025,22.9435033,88.4489083,57.70833333,33.86291667,57.76666667,62.35833333,22.12291667,48,2025,November
Kanchrapara Municipality,North 24 Pgs.,11/27/2025,22.9435033,88.4489083,52.54166667,30.82541667,52.46958333,69.08958333,22.84416667,48,2025,November
Kanchrapara Municipality,North 24 Pgs.,11/28/2025,22.9435033,88.4489083,45.66666667,26.83416667,45.59375,70.505,23.04875,48,2025,November
Kanchrapara Municipality,North 24 Pgs.,11/29/2025,22.9435033,88.4489083,70.29166667,38.83625,68.55083333,71.21833333,22.67083333,48,2025,November
Kanchrapara Municipality,North 24 Pgs.,11/30/2025,22.9435033,88.4489083,110.7083333,60.19875,106.5058333,70.56541667,22.75083333,48,2025,November
Kanchrapara Municipality,North 24 Pgs.,12/1/2025,22.9435033,88.4489083,159,77.59,135.89,85.85,19.11,49,2025,December
Karana Madhabpur,North 24 Pgs.,8/31/2025,22.71515,88.420108,52.29166667,27.3775,52.27125,77.49791667,30.99083333,35,2025,August
Karana Madhabpur,North 24 Pgs.,9/1/2025,22.71515,88.420108,67.04166667,35.90875,67.37625,76.61208333,32.0825,36,2025,September
Karana Madhabpur,North 24 Pgs.,9/2/2025,22.71515,88.420108,43.33333333,23.2575,43.39875,86.08,28.44791667,36,2025,September
Karana Madhabpur,North 24 Pgs.,9/3/2025,22.71515,88.420108,36.29166667,19.43416667,36.25916667,85.41791667,28.24791667,36,2025,September
Karana Madhabpur,North 24 Pgs.,9/4/2025,22.71515,88.420108,48.75,25.96958333,48.86041667,81.65041667,29.67708333,36,2025,September
Karana Madhabpur,North 24 Pgs.,9/5/2025,22.71515,88.420108,58.33333333,30.82166667,58.39,76.715,30.97458333,36,2025,September
Karana Madhabpur,North 24 Pgs.,9/6/2025,22.71515,88.420108,63.95833333,34.41458333,63.97625,72.99208333,31.90125,36,2025,September
Karana Madhabpur,North 24 Pgs.,9/7/2025,22.71515,88.420108,60.625,31.8225,60.5625,73.1825,31.54916667,36,2025,September
Karana Madhabpur,North 24 Pgs.,9/8/2025,22.71515,88.420108,58.83333333,31.20458333,58.82875,71.25375,32.09541667,37,2025,September
Karana Madhabpur,North 24 Pgs.,9/9/2025,22.71515,88.420108,63.33333333,33.69333333,63.35,72.22583333,31.92791667,37,2025,September
Karana Madhabpur,North 24 Pgs.,9/10/2025,22.71515,88.420108,61.91666667,32.73291667,61.87791667,70.96625,32.34041667,37,2025,September
Karana Madhabpur,North 24 Pgs.,9/11/2025,22.71515,88.420108,69.33333333,37.06125,69.455,75.29125,31.665,37,2025,September
Karana Madhabpur,North 24 Pgs.,9/12/2025,22.71515,88.420108,56.54166667,29.99125,56.55333333,76.08041667,31.27166667,37,2025,September
Karana Madhabpur,North 24 Pgs.,9/13/2025,22.71515,88.420108,51.95833333,26.95666667,51.82916667,74.66125,31.34875,37,2025,September
Karana Madhabpur,North 24 Pgs.,9/14/2025,22.71515,88.420108,52,27.53958333,52.07666667,84.84458333,29.00375,37,2025,September
Karana Madhabpur,North 24 Pgs.,9/15/2025,22.71515,88.420108,51.54166667,27.42958333,51.52291667,85.06,28.735,38,2025,September
Karana Madhabpur,North 24 Pgs.,9/16/2025,22.71515,88.420108,58.08333333,31.44875,58.06041667,86.71708333,28.30666667,38,2025,September
Karana Madhabpur,North 24 Pgs.,9/17/2025,22.71515,88.420108,59.125,31.46791667,59.22458333,79.79375,29.96083333,38,2025,September
Karana Madhabpur,North 24 Pgs.,9/18/2025,22.71515,88.420108,62.375,33.02708333,62.34625,73.02333333,32.12541667,38,2025,September
Karana Madhabpur,North 24 Pgs.,9/19/2025,22.71515,88.420108,80.125,43.35125,80.30416667,77.0975,31.45708333,38,2025,September
Karana Madhabpur,North 24 Pgs.,9/20/2025,22.71515,88.420108,84.04166667,45.57625,84.22958333,83.98916667,29.415,38,2025,September
Karana Madhabpur,North 24 Pgs.,9/21/2025,22.71515,88.420108,103.4166667,56.835,103.2133333,77.42208333,31.12166667,38,2025,September
Karana Madhabpur,North 24 Pgs.,9/22/2025,22.71515,88.420108,80.5,43.99041667,80.7725,81.24,29.38166667,39,2025,September
Karana Madhabpur,North 24 Pgs.,9/23/2025,22.71515,88.420108,57.20833333,31.34916667,57.22875,85.58791667,28.34875,39,2025,September
Karana Madhabpur,North 24 Pgs.,9/24/2025,22.71515,88.420108,64.45833333,34.90041667,64.46416667,77.6625,30.92708333,39,2025,September
Karana Madhabpur,North 24 Pgs.,9/25/2025,22.71515,88.420108,61.95833333,33.84583333,61.9175,77.60708333,30.91458333,39,2025,September
Karana Madhabpur,North 24 Pgs.,9/26/2025,22.71515,88.420108,47.125,25.52375,47.07583333,79.69958333,30.48583333,39,2025,September
Karana Madhabpur,North 24 Pgs.,9/27/2025,22.71515,88.420108,46.375,24.94291667,46.40083333,76.1875,31.13166667,39,2025,September
Karana Madhabpur,North 24 Pgs.,9/28/2025,22.71515,88.420108,44.75,23.8,44.69083333,73.26541667,31.79291667,39,2025,September
Karana Madhabpur,North 24 Pgs.,9/29/2025,22.71515,88.420108,60.66666667,32.63208333,60.71125,74.02916667,31.92875,40,2025,September
Karana Madhabpur,North 24 Pgs.,9/30/2025,22.71515,88.420108,66.875,36.40875,66.80416667,73.91666667,31.97291667,40,2025,September
Karana Madhabpur,North 24 Pgs.,10/1/2025,22.71515,88.420108,50.58333333,27.56666667,50.54916667,75.53,30.61875,40,2025,October
Karana Madhabpur,North 24 Pgs.,10/2/2025,22.71515,88.420108,34.83333333,19.44791667,34.81416667,86.34416667,28.34916667,40,2025,October
Karana Madhabpur,North 24 Pgs.,10/3/2025,22.71515,88.420108,46,24.80708333,45.9275,88.27208333,28.10291667,40,2025,October
Karana Madhabpur,North 24 Pgs.,10/4/2025,22.71515,88.420108,49.66666667,26.33916667,49.71458333,81.04416667,29.89208333,40,2025,October
Karana Madhabpur,North 24 Pgs.,10/5/2025,22.71515,88.420108,48.04166667,25.95791667,48.04666667,82.78166667,28.42541667,40,2025,October
Karana Madhabpur,North 24 Pgs.,10/6/2025,22.71515,88.420108,81.91666667,44.36791667,81.96375,82.78708333,28.42291667,41,2025,October
Karana Madhabpur,North 24 Pgs.,10/7/2025,22.71515,88.420108,82.20833333,45.2325,82.19083333,78.82208333,29.54333333,41,2025,October
Karana Madhabpur,North 24 Pgs.,10/8/2025,22.71515,88.420108,87.83333333,48.25916667,87.92625,81.7575,28.77166667,41,2025,October
Karana Madhabpur,North 24 Pgs.,10/9/2025,22.71515,88.420108,91.45833333,50.18166667,91.71833333,80.1,29.17375,41,2025,October
Karana Madhabpur,North 24 Pgs.,10/10/2025,22.71515,88.420108,90,50.011,90.6275,80.329,29.1435,41,2025,October
Karana Madhabpur,North 24 Pgs.,10/11/2025,22.71515,88.420108,76.45833333,41.62375,76.98208333,76.24875,29.70375,41,2025,October
Karana Madhabpur,North 24 Pgs.,10/12/2025,22.71515,88.420108,93.79166667,51.79708333,94.66208333,74.3125,29.89083333,41,2025,October
Karana Madhabpur,North 24 Pgs.,10/13/2025,22.71515,88.420108,97.70833333,54.13625,98.45375,72.05916667,29.46375,42,2025,October
Karana Madhabpur,North 24 Pgs.,10/14/2025,22.71515,88.420108,103.75,57.89791667,105.2954167,70.96125,29.3725,42,2025,October
Karana Madhabpur,North 24 Pgs.,10/15/2025,22.71515,88.420108,112.7916667,61.34166667,111.8125,69.1275,28.98958333,42,2025,October
Karana Madhabpur,North 24 Pgs.,10/16/2025,22.71515,88.420108,121.0833333,64.74166667,117.7079167,69.34375,28.72583333,42,2025,October
Karana Madhabpur,North 24 Pgs.,10/17/2025,22.71515,88.420108,145.5416667,73.64125,132.4708333,71.72833333,29.12541667,42,2025,October
Karana Madhabpur,North 24 Pgs.,10/18/2025,22.71515,88.420108,142.2916667,71.86708333,129.6179167,72.66083333,29.98916667,42,2025,October
Karana Madhabpur,North 24 Pgs.,10/19/2025,22.71515,88.420108,107.0833333,58.28708333,106.0854167,72.77291667,30.84333333,42,2025,October
Karana Madhabpur,North 24 Pgs.,10/20/2025,22.71515,88.420108,126.7916667,63.845,115.6154167,73.08,30.665,43,2025,October
Karana Madhabpur,North 24 Pgs.,10/21/2025,22.71515,88.420108,174.9583333,82.71208333,148.68875,71.74125,30.07916667,43,2025,October
Karana Madhabpur,North 24 Pgs.,10/22/2025,22.71515,88.420108,175.5833333,82.62625,149.0058333,72.28666667,29.65083333,43,2025,October
Karana Madhabpur,North 24 Pgs.,10/23/2025,22.71515,88.420108,145.375,70.07541667,126.7633333,69.5725,30.05291667,43,2025,October
Karana Madhabpur,North 24 Pgs.,10/24/2025,22.71515,88.420108,148.2916667,72.69666667,131.50375,70.44458333,29.89541667,43,2025,October
Karana Madhabpur,North 24 Pgs.,10/25/2025,22.71515,88.420108,138.0833333,69.84916667,126.7041667,70.70041667,30.24833333,43,2025,October
Karana Madhabpur,North 24 Pgs.,10/26/2025,22.71515,88.420108,116.125,61.56,112.0208333,73.98958333,30.02375,43,2025,October
Karana Madhabpur,North 24 Pgs.,10/27/2025,22.71515,88.420108,125.5416667,65.845,119.4616667,72.69458333,30.41333333,44,2025,October
Karana Madhabpur,North 24 Pgs.,10/28/2025,22.71515,88.420108,97.91666667,51.28583333,94.81125,75.95458333,29.61208333,44,2025,October
Karana Madhabpur,North 24 Pgs.,10/29/2025,22.71515,88.420108,56.29166667,29.86666667,56.23541667,88.70541667,26.67208333,44,2025,October
Karana Madhabpur,North 24 Pgs.,10/30/2025,22.71515,88.420108,51.75,27.58,51.795,82.21291667,28.43375,44,2025,October
Karana Madhabpur,North 24 Pgs.,10/31/2025,22.71515,88.420108,61.33333333,32.51625,61.28708333,76.69791667,29.64208333,44,2025,October
Karana Madhabpur,North 24 Pgs.,11/1/2025,22.71515,88.420108,71.25,38.29875,71.38208333,76.64458333,29.6425,44,2025,November
Karana Madhabpur,North 24 Pgs.,11/2/2025,22.71515,88.420108,52.54166667,28.20083333,52.44458333,76.93916667,26.93541667,44,2025,November
Karana Madhabpur,North 24 Pgs.,11/3/2025,22.71515,88.420108,111.4166667,56.70541667,103.79,70.44166667,27.45333333,45,2025,November
Karana Madhabpur,North 24 Pgs.,11/4/2025,22.71515,88.420108,254.4166667,106.4129167,188.6408333,73.69375,26.595,45,2025,November
Karana Madhabpur,North 24 Pgs.,11/5/2025,22.71515,88.420108,248.1666667,105.37,168.8191667,69.97458333,27.45583333,45,2025,November
Karana Madhabpur,North 24 Pgs.,11/6/2025,22.71515,88.420108,214.375,94.50208333,123.5066667,73.55708333,28.00833333,45,2025,November
Karana Madhabpur,North 24 Pgs.,11/7/2025,22.71515,88.420108,205.75,91.685,117.165,70.39291667,28.26083333,45,2025,November
Karana Madhabpur,North 24 Pgs.,11/8/2025,22.71515,88.420108,95.54166667,55.66875,76.22,58.57916667,26.95625,45,2025,November
Karana Madhabpur,North 24 Pgs.,11/9/2025,22.71515,88.420108,106.125,59.06083333,83.67916667,60.45583333,25.57666667,45,2025,November
Karana Madhabpur,North 24 Pgs.,11/10/2025,22.71515,88.420108,184.4166667,86.135,118.1966667,65.85458333,25.34083333,46,2025,November
Karana Madhabpur,North 24 Pgs.,11/11/2025,22.71515,88.420108,159.0833333,77.6875,109.8129167,63.51875,24.56125,46,2025,November
Karana Madhabpur,North 24 Pgs.,11/12/2025,22.71515,88.420108,212.875,93.96583333,133.08375,65.32208333,23.78958333,46,2025,November
Karana Madhabpur,North 24 Pgs.,11/13/2025,22.71515,88.420108,208.125,92.4375,130.9066667,66.53666667,24.09625,46,2025,November
Karana Madhabpur,North 24 Pgs.,11/14/2025,22.71515,88.420108,190.5,87.0475,122.7679167,66.62458333,24.04958333,46,2025,November
Karana Madhabpur,North 24 Pgs.,11/15/2025,22.71515,88.420108,183.6666667,85.20833333,119.9420833,67.47375,24.35,46,2025,November
Karana Madhabpur,North 24 Pgs.,11/16/2025,22.71515,88.420108,193.5,89.86791667,126.96625,66.96416667,24.29708333,46,2025,November
Karana Madhabpur,North 24 Pgs.,11/17/2025,22.71515,88.420108,176.375,81.9225,114.48,67.61166667,24.82125,47,2025,November
Karana Madhabpur,North 24 Pgs.,11/18/2025,22.71515,88.420108,140.4583333,69.53708333,98.96833333,66.58041667,25.13916667,47,2025,November
Karana Madhabpur,North 24 Pgs.,11/19/2025,22.71515,88.420108,109.2916667,58.15916667,83.01666667,64.70041667,25.61833333,47,2025,November
Karana Madhabpur,North 24 Pgs.,11/20/2025,22.71515,88.420108,152.5416667,73.70041667,104.7270833,65.05708333,25.48708333,47,2025,November
Karana Madhabpur,North 24 Pgs.,11/21/2025,22.71515,88.420108,191.2916667,88.11541667,123.6308333,67.36208333,24.97,47,2025,November
Karana Madhabpur,North 24 Pgs.,11/22/2025,22.71515,88.420108,215.6666667,94.6875,129.9120833,69.34625,24.27791667,47,2025,November
Karana Madhabpur,North 24 Pgs.,11/23/2025,22.71515,88.420108,195.7083333,88.93291667,122.0604167,69.505,24.26041667,47,2025,November
Karana Madhabpur,North 24 Pgs.,11/24/2025,22.71515,88.420108,203.9583333,91.29875,127.39125,67.95083333,23.61875,48,2025,November
Karana Madhabpur,North 24 Pgs.,11/25/2025,22.71515,88.420108,214.7916667,94.53041667,136.0170833,67.20708333,22.49208333,48,2025,November
Karana Madhabpur,North 24 Pgs.,11/26/2025,22.71515,88.420108,179.7916667,83.905,123.2904167,64.22875,22.31875,48,2025,November
Karana Madhabpur,North 24 Pgs.,11/27/2025,22.71515,88.420108,134,67.26833333,98.46041667,67.68208333,23.35,48,2025,November
Karana Madhabpur,North 24 Pgs.,11/28/2025,22.71515,88.420108,126.7083333,65.17458333,93.79166667,67.86916667,23.96125,48,2025,November
Karana Madhabpur,North 24 Pgs.,11/29/2025,22.71515,88.420108,158,76.57541667,109.7841667,69.24708333,23.44041667,48,2025,November
Karana Madhabpur,North 24 Pgs.,11/30/2025,22.71515,88.420108,186.0416667,86.8775,123.1704167,70.59958333,23.25166667,48,2025,November
Karana Madhabpur,North 24 Pgs.,12/1/2025,22.71515,88.420108,185,85.55,124.63,83.5,19.26,49,2025,December
Karunamoye Bus Stand,North 24 Pgs.,8/31/2025,22.587029,88.42074,32.91666667,19.17666667,32.90541667,76.30875,31.8725,35,2025,August
Karunamoye Bus Stand,North 24 Pgs.,9/1/2025,22.587029,88.42074,42.95833333,24.385,42.855,76.30375,32.58833333,36,2025,September
Karunamoye Bus Stand,North 24 Pgs.,9/2/2025,22.587029,88.42074,29.54166667,17.35,29.54583333,87.37083333,28.83125,36,2025,September
Karunamoye Bus Stand,North 24 Pgs.,9/3/2025,22.587029,88.42074,28.29166667,16.58125,28.39833333,89.05416667,28.42791667,36,2025,September
Karunamoye Bus Stand,North 24 Pgs.,9/4/2025,22.587029,88.42074,31.20833333,18.21083333,31.15291667,85.39291667,29.7225,36,2025,September
Karunamoye Bus Stand,North 24 Pgs.,9/5/2025,22.587029,88.42074,37.04166667,21.40416667,37.03875,81.08791667,30.80791667,36,2025,September
Karunamoye Bus Stand,North 24 Pgs.,9/6/2025,22.587029,88.42074,38.75,22.2675,38.74833333,76.79833333,31.98541667,36,2025,September
Karunamoye Bus Stand,North 24 Pgs.,9/7/2025,22.587029,88.42074,36.875,21.34041667,36.83708333,76.3325,31.88958333,36,2025,September
Karunamoye Bus Stand,North 24 Pgs.,9/8/2025,22.587029,88.42074,36.66666667,21.13541667,36.67458333,73.07291667,32.33625,37,2025,September
Karunamoye Bus Stand,North 24 Pgs.,9/9/2025,22.587029,88.42074,37.91666667,21.99375,37.93958333,73.67541667,32.375,37,2025,September
Karunamoye Bus Stand,North 24 Pgs.,9/10/2025,22.587029,88.42074,36.54166667,21.30541667,36.53916667,72.99416667,32.715,37,2025,September
Karunamoye Bus Stand,North 24 Pgs.,9/11/2025,22.587029,88.42074,36.70833333,21.43791667,36.58625,75.83,32.34666667,37,2025,September
Karunamoye Bus Stand,North 24 Pgs.,9/12/2025,22.587029,88.42074,34.79166667,20.44333333,34.83416667,78.40708333,31.71625,37,2025,September
Karunamoye Bus Stand,North 24 Pgs.,9/13/2025,22.587029,88.42074,31.91666667,18.7725,31.83208333,76.99375,31.64333333,37,2025,September
Karunamoye Bus Stand,North 24 Pgs.,9/14/2025,22.587029,88.42074,33.15384615,19.49461538,33.3,86.87153846,29.29846154,37,2025,September
Karunamoye Bus Stand,North 24 Pgs.,9/15/2025,22.587029,88.42074,33.41666667,19.80541667,33.55833333,84.65375,29.55166667,38,2025,September
Karunamoye Bus Stand,North 24 Pgs.,9/16/2025,22.587029,88.42074,35.625,21.02541667,35.67791667,88.09916667,28.7225,38,2025,September
Karunamoye Bus Stand,North 24 Pgs.,9/17/2025,22.587029,88.42074,36.70833333,21.46083333,36.73125,84.1,29.83958333,38,2025,September
Karunamoye Bus Stand,North 24 Pgs.,9/18/2025,22.587029,88.42074,37.70833333,22.03375,37.65291667,77.72458333,31.69541667,38,2025,September
Karunamoye Bus Stand,North 24 Pgs.,9/19/2025,22.587029,88.42074,48.16666667,28.13333333,48.15958333,80.65208333,31.64666667,38,2025,September
Karunamoye Bus Stand,North 24 Pgs.,9/20/2025,22.587029,88.42074,50.41666667,29.13208333,50.355,87.62583333,29.26833333,38,2025,September
Karunamoye Bus Stand,North 24 Pgs.,9/21/2025,22.587029,88.42074,62.33333333,36.05583333,62.33625,80.88333333,30.9575,38,2025,September
Karunamoye Bus Stand,North 24 Pgs.,9/22/2025,22.587029,88.42074,49.625,28.49833333,49.54041667,84.39833333,29.58416667,39,2025,September
Karunamoye Bus Stand,North 24 Pgs.,9/23/2025,22.587029,88.42074,37.66666667,22.25583333,37.455,91.14125,27.97916667,39,2025,September
Karunamoye Bus Stand,North 24 Pgs.,9/24/2025,22.587029,88.42074,40.625,23.15166667,40.62375,83.29375,30.2325,39,2025,September
Karunamoye Bus Stand,North 24 Pgs.,9/25/2025,22.587029,88.42074,38.70833333,22.04083333,38.67291667,79.90375,31.15833333,39,2025,September
Karunamoye Bus Stand,North 24 Pgs.,9/26/2025,22.587029,88.42074,35.375,20.27083333,35.41875,84.71666667,30.34041667,39,2025,September
Karunamoye Bus Stand,North 24 Pgs.,9/27/2025,22.587029,88.42074,33.56521739,19.49217391,33.61,79.96347826,31.32086957,39,2025,September
Karunamoye Bus Stand,North 24 Pgs.,9/28/2025,22.587029,88.42074,33.33333333,19.29708333,33.34833333,77.90166667,31.79458333,39,2025,September
Karunamoye Bus Stand,North 24 Pgs.,9/29/2025,22.587029,88.42074,38.04166667,22.19208333,37.98291667,74.92958333,32.39375,40,2025,September
Karunamoye Bus Stand,North 24 Pgs.,9/30/2025,22.587029,88.42074,42.25,24.39958333,42.21416667,77.17958333,31.7475,40,2025,September
Karunamoye Bus Stand,North 24 Pgs.,10/1/2025,22.587029,88.42074,34.54166667,20.14625,34.50625,80.04958333,30.43416667,40,2025,October
Karunamoye Bus Stand,North 24 Pgs.,10/2/2025,22.587029,88.42074,28.875,16.90791667,28.76333333,90.69125,28.50583333,40,2025,October
Karunamoye Bus Stand,North 24 Pgs.,10/3/2025,22.587029,88.42074,33.25,19.31,33.29041667,90.46791667,28.79208333,40,2025,October
Karunamoye Bus Stand,North 24 Pgs.,10/4/2025,22.587029,88.42074,35.375,20.58708333,35.32166667,86.74791667,29.82833333,40,2025,October
Karunamoye Bus Stand,North 24 Pgs.,10/5/2025,22.587029,88.42074,33.875,19.81375,33.85833333,89.17833333,28.065,40,2025,October
Karunamoye Bus Stand,North 24 Pgs.,10/6/2025,22.587029,88.42074,50.41666667,29.17625,50.43791667,87.4025,28.67875,41,2025,October
Karunamoye Bus Stand,North 24 Pgs.,10/7/2025,22.587029,88.42074,50.20833333,29.1675,50.19083333,83.43375,29.27083333,41,2025,October
Karunamoye Bus Stand,North 24 Pgs.,10/8/2025,22.587029,88.42074,56.04166667,32.50958333,56.13625,87.99875,28.55875,41,2025,October
Karunamoye Bus Stand,North 24 Pgs.,10/9/2025,22.587029,88.42074,57.25,32.79541667,57.23375,84.47041667,28.9675,41,2025,October
Karunamoye Bus Stand,North 24 Pgs.,10/10/2025,22.587029,88.42074,57.23809524,32.80142857,57.11095238,87.66095238,28.10428571,41,2025,October
Karunamoye Bus Stand,North 24 Pgs.,10/11/2025,22.587029,88.42074,48.91666667,27.51083333,48.93375,81.39958333,29.36666667,41,2025,October
Karunamoye Bus Stand,North 24 Pgs.,10/12/2025,22.587029,88.42074,50,27.95791667,49.89333333,76.07375,29.99,41,2025,October
Karunamoye Bus Stand,North 24 Pgs.,10/13/2025,22.587029,88.42074,59.41666667,32.85666667,59.26291667,71.83375,29.93833333,42,2025,October
Karunamoye Bus Stand,North 24 Pgs.,10/14/2025,22.587029,88.42074,61.54166667,33.98416667,61.54166667,66.82166667,30.21291667,42,2025,October
Karunamoye Bus Stand,North 24 Pgs.,10/15/2025,22.587029,88.42074,62.79166667,35.31166667,62.87208333,65.97208333,29.86583333,42,2025,October
Karunamoye Bus Stand,North 24 Pgs.,10/16/2025,22.587029,88.42074,68.875,38.54875,68.83666667,68.79208333,29.24583333,42,2025,October
Karunamoye Bus Stand,North 24 Pgs.,10/17/2025,22.587029,88.42074,76.79166667,43.24208333,76.7525,70.67833333,29.77416667,42,2025,October
Karunamoye Bus Stand,North 24 Pgs.,10/18/2025,22.587029,88.42074,71.20833333,40.49666667,70.94375,70.47291667,30.68125,42,2025,October
Karunamoye Bus Stand,North 24 Pgs.,10/19/2025,22.587029,88.42074,70.33333333,39.56708333,69.14791667,73.74625,30.83833333,42,2025,October
Karunamoye Bus Stand,North 24 Pgs.,10/20/2025,22.587029,88.42074,68.20833333,38.335,66.82166667,72.93666667,31.10166667,43,2025,October
Karunamoye Bus Stand,North 24 Pgs.,10/21/2025,22.587029,88.42074,80.79166667,44.62791667,77.94625,67.5625,31.10333333,43,2025,October
Karunamoye Bus Stand,North 24 Pgs.,10/22/2025,22.587029,88.42074,75.16666667,43.02333333,75.11416667,70.32125,30.48375,43,2025,October
Karunamoye Bus Stand,North 24 Pgs.,10/23/2025,22.587029,88.42074,65,37.0225,64.89125,67.82833333,30.77208333,43,2025,October
Karunamoye Bus Stand,North 24 Pgs.,10/24/2025,22.587029,88.42074,68.25,38.98541667,68.165,71.38541667,30.25875,43,2025,October
Karunamoye Bus Stand,North 24 Pgs.,10/25/2025,22.587029,88.42074,72.75,41.04916667,72.78833333,70.9675,30.44458333,43,2025,October
Karunamoye Bus Stand,North 24 Pgs.,10/26/2025,22.587029,88.42074,71.91666667,40.74333333,72.00041667,76.77416667,29.9425,43,2025,October
Karunamoye Bus Stand,North 24 Pgs.,10/27/2025,22.587029,88.42074,68.79166667,38.92583333,68.84125,72.21208333,31.115,44,2025,October
Karunamoye Bus Stand,North 24 Pgs.,10/28/2025,22.587029,88.42074,51.875,29.63541667,51.83375,75.13958333,30.75666667,44,2025,October
Karunamoye Bus Stand,North 24 Pgs.,10/29/2025,22.587029,88.42074,36.29166667,20.86583333,36.23916667,90.52125,27.425,44,2025,October
Karunamoye Bus Stand,North 24 Pgs.,10/30/2025,22.587029,88.42074,32.79166667,19.07958333,32.80583333,88.10583333,28.20208333,44,2025,October
Karunamoye Bus Stand,North 24 Pgs.,10/31/2025,22.587029,88.42074,37.95833333,22.10208333,37.89541667,81.22458333,29.725,44,2025,October
Karunamoye Bus Stand,North 24 Pgs.,11/1/2025,22.587029,88.42074,45.29166667,26.31958333,45.29791667,81.55958333,29.83541667,44,2025,November
Karunamoye Bus Stand,North 24 Pgs.,11/2/2025,22.587029,88.42074,35.08333333,20.3575,35.10083333,78.00625,27.67166667,44,2025,November
Karunamoye Bus Stand,North 24 Pgs.,11/3/2025,22.587029,88.42074,60.33333333,34.315,60.34458333,69.48583333,28.08583333,45,2025,November
Karunamoye Bus Stand,North 24 Pgs.,11/4/2025,22.587029,88.42074,124.1666667,66.07625,116.9858333,72.95333333,27.44291667,45,2025,November
Karunamoye Bus Stand,North 24 Pgs.,11/5/2025,22.587029,88.42074,114.4166667,62.37666667,110.3845833,71.3125,27.79708333,45,2025,November
Karunamoye Bus Stand,North 24 Pgs.,11/6/2025,22.587029,88.42074,89.95833333,50.62875,89.56125,76.91125,27.9375,45,2025,November
Karunamoye Bus Stand,North 24 Pgs.,11/7/2025,22.587029,88.42074,88.66666667,49.90083333,88.67416667,68.94958333,29.00041667,45,2025,November
Karunamoye Bus Stand,North 24 Pgs.,11/8/2025,22.587029,88.42074,56.58333333,31.42625,56.6675,51.83708333,27.87708333,45,2025,November
Karunamoye Bus Stand,North 24 Pgs.,11/9/2025,22.587029,88.42074,60.91666667,33.58875,60.87375,56.76916667,26.03291667,45,2025,November
Karunamoye Bus Stand,North 24 Pgs.,11/10/2025,22.587029,88.42074,80.58333333,45.05208333,80.57708333,62.31875,26.00791667,46,2025,November
Karunamoye Bus Stand,North 24 Pgs.,11/11/2025,22.587029,88.42074,83.375,46.47041667,83.37333333,62.35958333,25.00958333,46,2025,November
Karunamoye Bus Stand,North 24 Pgs.,11/12/2025,22.587029,88.42074,95.29166667,53.18416667,95.695,65.4525,23.98,46,2025,November
Karunamoye Bus Stand,North 24 Pgs.,11/13/2025,22.587029,88.42074,92.54166667,52.08083333,93.53,67.075,24.20916667,46,2025,November
Karunamoye Bus Stand,North 24 Pgs.,11/14/2025,22.587029,88.42074,90.625,50.1425,90.08833333,69.22416667,23.98166667,46,2025,November
Karunamoye Bus Stand,North 24 Pgs.,11/15/2025,22.587029,88.42074,82.66666667,46.1175,82.93583333,69.04416667,24.37083333,46,2025,November
Karunamoye Bus Stand,North 24 Pgs.,11/16/2025,22.587029,88.42074,84.5,47.23833333,84.99083333,66.9725,24.38083333,46,2025,November
Karunamoye Bus Stand,North 24 Pgs.,11/17/2025,22.587029,88.42074,76,42.54583333,76.09833333,65.91416667,24.92125,47,2025,November
Karunamoye Bus Stand,North 24 Pgs.,11/18/2025,22.587029,88.42074,70.41666667,38.79583333,70.38541667,69.50875,25.02083333,47,2025,November
Karunamoye Bus Stand,North 24 Pgs.,11/19/2025,22.587029,88.42074,79.29166667,43.52625,78.92875,67.59083333,25.74416667,47,2025,November
Karunamoye Bus Stand,North 24 Pgs.,11/20/2025,22.587029,88.42074,83.5,45.64291667,83.03791667,64.94791667,25.7825,47,2025,November
Karunamoye Bus Stand,North 24 Pgs.,11/21/2025,22.587029,88.42074,90.125,49.005,88.74833333,67.79541667,25.17041667,47,2025,November
Karunamoye Bus Stand,North 24 Pgs.,11/22/2025,22.587029,88.42074,120.5833333,63.785,114.88625,69.72625,24.74958333,47,2025,November
Karunamoye Bus Stand,North 24 Pgs.,11/23/2025,22.587029,88.42074,132.5416667,66.08916667,118.60375,71.27958333,24.705,47,2025,November
Karunamoye Bus Stand,North 24 Pgs.,11/24/2025,22.587029,88.42074,96.83333333,54.45708333,96.96583333,67.50916667,23.86416667,48,2025,November
Karunamoye Bus Stand,North 24 Pgs.,11/25/2025,22.587029,88.42074,105.8333333,57.945,104.5604167,63.52541667,23.1525,48,2025,November
Karunamoye Bus Stand,North 24 Pgs.,11/26/2025,22.587029,88.42074,90.375,50.16083333,90.7375,57.73875,23.09208333,48,2025,November
Karunamoye Bus Stand,North 24 Pgs.,11/27/2025,22.587029,88.42074,79.875,44.13166667,79.89416667,67.30166667,23.50375,48,2025,November
Karunamoye Bus Stand,North 24 Pgs.,11/28/2025,22.587029,88.42074,88.16666667,48.86,88.42083333,81.7975,21.3475,48,2025,November
Karunamoye Bus Stand,North 24 Pgs.,11/29/2025,22.587029,88.42074,99.33333333,53.8,100.87,84.41333333,21.00666667,48,2025,November
Karunamoye Bus Stand,North 24 Pgs.,11/30/2025,22.587029,88.42074,92.70833333,51.29333333,92.965,70.57291667,23.5275,48,2025,November
Karunamoye Bus Stand,North 24 Pgs.,12/1/2025,22.587029,88.42074,114,64.12,119.46,87.36,20.56,49,2025,December
Kayemba Mouza,North 24 Pgs.,8/31/2025,22.676111,88.527181,46.91666667,27.06541667,46.84541667,76.95791667,31.54166667,35,2025,August
Kayemba Mouza,North 24 Pgs.,9/1/2025,22.676111,88.527181,54.45833333,30.82083333,54.35916667,78.43,31.75541667,36,2025,September
Kayemba Mouza,North 24 Pgs.,9/2/2025,22.676111,88.527181,33.125,19.25291667,33.03708333,83.515,29.04041667,36,2025,September
Kayemba Mouza,North 24 Pgs.,9/3/2025,22.676111,88.527181,30.70833333,18.02541667,30.76375,85.19208333,28.50875,36,2025,September
Kayemba Mouza,North 24 Pgs.,9/4/2025,22.676111,88.527181,36.91666667,21.18291667,36.90583333,81.92208333,29.91291667,36,2025,September
Kayemba Mouza,North 24 Pgs.,9/5/2025,22.676111,88.527181,49.58333333,28.43666667,49.60583333,78.85833333,30.75833333,36,2025,September
Kayemba Mouza,North 24 Pgs.,9/6/2025,22.676111,88.527181,49.29166667,27.81666667,49.3275,75.655,31.72166667,36,2025,September
Kayemba Mouza,North 24 Pgs.,9/7/2025,22.676111,88.527181,46.375,26.54291667,46.42875,75.06166667,31.66416667,36,2025,September
Kayemba Mouza,North 24 Pgs.,9/8/2025,22.676111,88.527181,46.33333333,25.92291667,46.36375,72.92958333,32.01708333,37,2025,September
Kayemba Mouza,North 24 Pgs.,9/9/2025,22.676111,88.527181,50.29166667,28.17875,50.37,73.61166667,31.975,37,2025,September
Kayemba Mouza,North 24 Pgs.,9/10/2025,22.676111,88.527181,50.875,28.8725,50.86583333,73.42833333,32.14708333,37,2025,September
Kayemba Mouza,North 24 Pgs.,9/11/2025,22.676111,88.527181,44.08333333,25.21083333,44.09375,75.48333333,31.85958333,37,2025,September
Kayemba Mouza,North 24 Pgs.,9/12/2025,22.676111,88.527181,40.875,23.68208333,40.84458333,76.03,31.74041667,37,2025,September
Kayemba Mouza,North 24 Pgs.,9/13/2025,22.676111,88.527181,37.33333333,21.57041667,37.26958333,76.02708333,31.60625,37,2025,September
Kayemba Mouza,North 24 Pgs.,9/14/2025,22.676111,88.527181,37.125,21.815,37.18125,83.57875,29.51,37,2025,September
Kayemba Mouza,North 24 Pgs.,9/15/2025,22.676111,88.527181,37.16666667,21.86791667,37.23291667,82.77583333,29.24,38,2025,September
Kayemba Mouza,North 24 Pgs.,9/16/2025,22.676111,88.527181,41.70833333,24.43125,41.63541667,85.31125,28.5425,38,2025,September
Kayemba Mouza,North 24 Pgs.,9/17/2025,22.676111,88.527181,41.04166667,24.03083333,41.06208333,82.16583333,29.64833333,38,2025,September
Kayemba Mouza,North 24 Pgs.,9/18/2025,22.676111,88.527181,45.58333333,26.33916667,45.5025,77.91291667,31.02791667,38,2025,September
Kayemba Mouza,North 24 Pgs.,9/19/2025,22.676111,88.527181,65.66666667,37.57833333,65.60875,78.50125,31.55416667,38,2025,September
Kayemba Mouza,North 24 Pgs.,9/20/2025,22.676111,88.527181,64.875,37.555,64.90333333,85.76625,28.98958333,38,2025,September
Kayemba Mouza,North 24 Pgs.,9/21/2025,22.676111,88.527181,75.54166667,43.85416667,75.57791667,79.785,30.555,38,2025,September
Kayemba Mouza,North 24 Pgs.,9/22/2025,22.676111,88.527181,58.16666667,33.78833333,58.12291667,83.17583333,29.38375,39,2025,September
Kayemba Mouza,North 24 Pgs.,9/23/2025,22.676111,88.527181,49.66666667,29.20541667,49.75458333,85.10958333,28.92,39,2025,September
Kayemba Mouza,North 24 Pgs.,9/24/2025,22.676111,88.527181,95.33333333,55.10666667,95.08,94.22333333,26.82666667,39,2025,September
Kayemba Mouza,North 24 Pgs.,10/2/2025,22.676111,88.527181,35.5,20.72,35.205,73.06,32.86,40,2025,October
Kayemba Mouza,North 24 Pgs.,10/30/2025,22.676111,88.527181,54.27272727,31.16636364,54.36,83,29.11818182,44,2025,October
Kayemba Mouza,North 24 Pgs.,10/31/2025,22.676111,88.527181,47.29166667,27.5125,47.32875,80.05958333,29.46916667,44,2025,October
Kayemba Mouza,North 24 Pgs.,11/1/2025,22.676111,88.527181,56.5,32.38708333,56.54916667,79.78125,29.49416667,44,2025,November
Kayemba Mouza,North 24 Pgs.,11/2/2025,22.676111,88.527181,49.08333333,27.50166667,48.95125,79.21541667,26.86541667,44,2025,November
Kayemba Mouza,North 24 Pgs.,11/3/2025,22.676111,88.527181,85.75,46.73833333,84.445,74.56041667,26.71208333,45,2025,November
Kayemba Mouza,North 24 Pgs.,11/4/2025,22.676111,88.527181,162,78.58958333,139.25125,78.03833333,25.9275,45,2025,November
Kayemba Mouza,North 24 Pgs.,11/5/2025,22.676111,88.527181,164.4166667,79.2425,140.41,74.53875,26.54458333,45,2025,November
Kayemba Mouza,North 24 Pgs.,11/6/2025,22.676111,88.527181,144.2083333,71.96291667,128.7554167,76.85833333,27.42541667,45,2025,November
Kayemba Mouza,North 24 Pgs.,11/7/2025,22.676111,88.527181,135.4583333,70.46916667,125.7858333,73.405,28.03041667,45,2025,November
Kayemba Mouza,North 24 Pgs.,11/8/2025,22.676111,88.527181,86.25,47.485,86.55833333,64.51083333,26.04083333,45,2025,November
Kayemba Mouza,North 24 Pgs.,11/9/2025,22.676111,88.527181,91,48.56208333,88.69333333,64.94583333,24.44416667,45,2025,November
Kayemba Mouza,North 24 Pgs.,11/10/2025,22.676111,88.527181,116.1666667,62.89041667,113.7820833,70.02208333,24.3625,46,2025,November
Kayemba Mouza,North 24 Pgs.,11/11/2025,22.676111,88.527181,112.3333333,60.32375,110.2866667,68.02833333,23.55958333,46,2025,November
Kayemba Mouza,North 24 Pgs.,11/12/2025,22.676111,88.527181,129.75,68.625,124.34,68.24,22.88,46,2025,November
Kayemba Mouza,North 24 Pgs.,11/13/2025,22.676111,88.527181,129.7916667,67.91958333,121.5,69.745,23.05458333,46,2025,November
Kayemba Mouza,North 24 Pgs.,11/14/2025,22.676111,88.527181,115,62.83625,112.595,69.92583333,22.9075,46,2025,November
Kayemba Mouza,North 24 Pgs.,11/15/2025,22.676111,88.527181,108.25,59.90458333,105.6316667,70.63125,23.54208333,46,2025,November
Kayemba Mouza,North 24 Pgs.,11/16/2025,22.676111,88.527181,102.7916667,58.325,102.97625,70.55041667,23.33041667,46,2025,November
Kayemba Mouza,North 24 Pgs.,11/17/2025,22.676111,88.527181,98.20833333,55.00166667,97.39333333,70.52166667,23.97,47,2025,November
Kayemba Mouza,North 24 Pgs.,11/18/2025,22.676111,88.527181,79.125,44.36458333,79.1925,70.49041667,24.04208333,47,2025,November
Kayemba Mouza,North 24 Pgs.,11/19/2025,22.676111,88.527181,71.70833333,40.2275,71.75583333,68.3525,24.51583333,47,2025,November
Kayemba Mouza,North 24 Pgs.,11/20/2025,22.676111,88.527181,83.58333333,47.31333333,84.09916667,68.41208333,24.37291667,47,2025,November
Kayemba Mouza,North 24 Pgs.,11/21/2025,22.676111,88.527181,96.29166667,54.07333333,96.01291667,70.04833333,23.965,47,2025,November
Kayemba Mouza,North 24 Pgs.,11/22/2025,22.676111,88.527181,126.9583333,67.29125,117.5641667,72.36291667,23.41791667,47,2025,November
Kayemba Mouza,North 24 Pgs.,11/23/2025,22.676111,88.527181,104.25,58.1725,100.76375,71.80541667,23.395,47,2025,November
Kayemba Mouza,North 24 Pgs.,11/24/2025,22.676111,88.527181,96.54166667,55.52625,96.52958333,70.10833333,22.63625,48,2025,November
Kayemba Mouza,North 24 Pgs.,11/25/2025,22.676111,88.527181,96.16666667,55.23291667,96.055,69.405,21.59833333,48,2025,November
Kayemba Mouza,North 24 Pgs.,11/26/2025,22.676111,88.527181,81.83333333,47.17375,81.81333333,67.13833333,21.63791667,48,2025,November
Kayemba Mouza,North 24 Pgs.,11/27/2025,22.676111,88.527181,61.41666667,35.55583333,61.45791667,69.74083333,22.73708333,48,2025,November
Kayemba Mouza,North 24 Pgs.,11/28/2025,22.676111,88.527181,53.66666667,30.93541667,53.60958333,69.54291667,22.79875,48,2025,November
Kayemba Mouza,North 24 Pgs.,11/29/2025,22.676111,88.527181,54.83333333,31.74541667,54.82291667,72.0375,22.31041667,48,2025,November
Kayemba Mouza,North 24 Pgs.,11/30/2025,22.676111,88.527181,52.83333333,30.85791667,52.81791667,72.36333333,22.55583333,48,2025,November
Kayemba Mouza,North 24 Pgs.,12/1/2025,22.676111,88.527181,58,33.83,58.49,83.34,19.25,49,2025,December
Kokapur Mouza,North 24 Pgs.,8/31/2025,22.754029,88.439341,27.58333333,16.29333333,27.52333333,79.73791667,30.72458333,35,2025,August
Kokapur Mouza,North 24 Pgs.,9/1/2025,22.754029,88.439341,30.375,17.53,30.43125,77.34291667,32.0325,36,2025,September
Kokapur Mouza,North 24 Pgs.,9/2/2025,22.754029,88.439341,25.45833333,15.07833333,25.07833333,85.33541667,28.37958333,36,2025,September
Kokapur Mouza,North 24 Pgs.,9/3/2025,22.754029,88.439341,25.625,15.14083333,25.45958333,85.65166667,28.13833333,36,2025,September
Kokapur Mouza,North 24 Pgs.,9/4/2025,22.754029,88.439341,27.54166667,16.05291667,27.30291667,82.55916667,29.44166667,36,2025,September
Kokapur Mouza,North 24 Pgs.,9/5/2025,22.754029,88.439341,30,17.3225,30.07375,78.3275,30.80916667,36,2025,September
Kokapur Mouza,North 24 Pgs.,9/6/2025,22.754029,88.439341,31.29166667,17.84125,31.31333333,74.765,31.78791667,36,2025,September
Kokapur Mouza,North 24 Pgs.,9/7/2025,22.754029,88.439341,30.83333333,17.6675,30.70208333,73.56916667,31.67416667,36,2025,September
Kokapur Mouza,North 24 Pgs.,9/8/2025,22.754029,88.439341,31.125,17.84333333,31.12291667,72.36041667,32.02,37,2025,September
Kokapur Mouza,North 24 Pgs.,9/9/2025,22.754029,88.439341,36.45833333,20.37666667,36.68541667,72.00208333,32.09583333,37,2025,September
Kokapur Mouza,North 24 Pgs.,9/10/2025,22.754029,88.439341,31.125,17.86541667,31.09041667,71.67041667,32.24291667,37,2025,September
Kokapur Mouza,North 24 Pgs.,9/11/2025,22.754029,88.439341,32.625,18.6675,32.68916667,74.01625,32.0025,37,2025,September
Kokapur Mouza,North 24 Pgs.,9/12/2025,22.754029,88.439341,29.45833333,17.20375,29.48291667,78.77791667,30.65625,37,2025,September
Kokapur Mouza,North 24 Pgs.,9/13/2025,22.754029,88.439341,28.75,16.94541667,28.76875,76.62041667,31.01708333,37,2025,September
Kokapur Mouza,North 24 Pgs.,9/14/2025,22.754029,88.439341,28.25,16.84375,28.09375,83.91541667,29.11708333,37,2025,September
Kokapur Mouza,North 24 Pgs.,9/15/2025,22.754029,88.439341,27.33333333,16.32708333,26.94958333,85.6375,28.54875,38,2025,September
Kokapur Mouza,North 24 Pgs.,9/16/2025,22.754029,88.439341,27.70833333,16.63875,27.34125,86.23875,28.19083333,38,2025,September
Kokapur Mouza,North 24 Pgs.,9/17/2025,22.754029,88.439341,28.54166667,16.99416667,28.29666667,80.32541667,29.8025,38,2025,September
Kokapur Mouza,North 24 Pgs.,9/18/2025,22.754029,88.439341,29.625,17.44125,29.58916667,75.14958333,31.47583333,38,2025,September
Kokapur Mouza,North 24 Pgs.,9/19/2025,22.754029,88.439341,33.58333333,19.64666667,33.52041667,77.81333333,31.17916667,38,2025,September
Kokapur Mouza,North 24 Pgs.,9/20/2025,22.754029,88.439341,33.33333333,19.66333333,33.16625,83.3175,29.33791667,38,2025,September
Kokapur Mouza,North 24 Pgs.,9/21/2025,22.754029,88.439341,37,21.74583333,37.00208333,77.79875,30.78,38,2025,September
Kokapur Mouza,North 24 Pgs.,9/22/2025,22.754029,88.439341,31.79166667,18.75291667,31.70333333,80.53208333,29.28583333,39,2025,September
Kokapur Mouza,North 24 Pgs.,9/23/2025,22.754029,88.439341,28.41666667,16.98,28.14083333,83.6875,28.60041667,39,2025,September
Kokapur Mouza,North 24 Pgs.,9/24/2025,22.754029,88.439341,30.70833333,18.11708333,30.5875,78.73875,30.16291667,39,2025,September
Kokapur Mouza,North 24 Pgs.,9/25/2025,22.754029,88.439341,29.5,17.39541667,29.31333333,78.52666667,30.47375,39,2025,September
Kokapur Mouza,North 24 Pgs.,9/26/2025,22.754029,88.439341,27.04166667,16.23916667,26.89583333,79.82041667,30.1025,39,2025,September
Kokapur Mouza,North 24 Pgs.,9/27/2025,22.754029,88.439341,27.91666667,16.56833333,27.7625,77.97958333,30.31583333,39,2025,September
Kokapur Mouza,North 24 Pgs.,9/28/2025,22.754029,88.439341,28.04166667,16.60125,27.93916667,75.28208333,31.04791667,39,2025,September
Kokapur Mouza,North 24 Pgs.,9/29/2025,22.754029,88.439341,30.875,18.17666667,30.92958333,74.17,31.62416667,40,2025,September
Kokapur Mouza,North 24 Pgs.,9/30/2025,22.754029,88.439341,31.45833333,18.50708333,31.5025,73.4825,31.55541667,40,2025,September
Kokapur Mouza,North 24 Pgs.,10/1/2025,22.754029,88.439341,28.29166667,16.7775,28.14416667,76.59791667,30.05958333,40,2025,October
Kokapur Mouza,North 24 Pgs.,10/2/2025,22.754029,88.439341,25.125,15.07583333,24.61958333,85.32208333,28.18041667,40,2025,October
Kokapur Mouza,North 24 Pgs.,10/3/2025,22.754029,88.439341,26.5,15.92125,26.08416667,87.17375,28.03083333,40,2025,October
Kokapur Mouza,North 24 Pgs.,10/4/2025,22.754029,88.439341,27.33333333,16.3925,26.96,81.00291667,29.65791667,40,2025,October
Kokapur Mouza,North 24 Pgs.,10/5/2025,22.754029,88.439341,27.79166667,16.59166667,27.31041667,81.31791667,28.40041667,40,2025,October
Kokapur Mouza,North 24 Pgs.,10/6/2025,22.754029,88.439341,32.5,19.27875,32.48791667,80.95583333,28.36416667,41,2025,October
Kokapur Mouza,North 24 Pgs.,10/7/2025,22.754029,88.439341,35.16666667,20.70208333,35.12166667,77.07583333,29.35125,41,2025,October
Kokapur Mouza,North 24 Pgs.,10/8/2025,22.754029,88.439341,36.375,21.40666667,36.42291667,79.95625,28.69833333,41,2025,October
Kokapur Mouza,North 24 Pgs.,10/9/2025,22.754029,88.439341,36.79166667,21.64958333,36.81541667,77.80625,29.23666667,41,2025,October
Kokapur Mouza,North 24 Pgs.,10/10/2025,22.754029,88.439341,36.68181818,21.58136364,36.625,81.22409091,28.26272727,41,2025,October
Kokapur Mouza,North 24 Pgs.,10/11/2025,22.754029,88.439341,32.95833333,19.27583333,32.83,77.19333333,28.83958333,41,2025,October
Kokapur Mouza,North 24 Pgs.,10/12/2025,22.754029,88.439341,35,20.34541667,35.10125,74.3825,29.32333333,41,2025,October
Kokapur Mouza,North 24 Pgs.,10/13/2025,22.754029,88.439341,37,21.33041667,36.93958333,70.91,29.07083333,42,2025,October
Kokapur Mouza,North 24 Pgs.,10/14/2025,22.754029,88.439341,37.625,21.65083333,37.45875,70.575,28.81041667,42,2025,October
Kokapur Mouza,North 24 Pgs.,10/15/2025,22.754029,88.439341,38.875,22.60625,38.85166667,69.08541667,28.58958333,42,2025,October
Kokapur Mouza,North 24 Pgs.,10/16/2025,22.754029,88.439341,40.70833333,23.56583333,40.715,68.90708333,28.25166667,42,2025,October
Kokapur Mouza,North 24 Pgs.,10/17/2025,22.754029,88.439341,43.2173913,25.00130435,43.16391304,70.00391304,28.90608696,42,2025,October
Kokapur Mouza,North 24 Pgs.,10/18/2025,22.754029,88.439341,41.52380952,24.19285714,41.50190476,73.37095238,29.20428571,42,2025,October
Kokapur Mouza,North 24 Pgs.,10/19/2025,22.754029,88.439341,39.15789474,22.80473684,39.15,70.85157895,30.88421053,42,2025,October
Kokapur Mouza,North 24 Pgs.,10/20/2025,22.754029,88.439341,41.61904762,24.26285714,41.61285714,73.34047619,30.19761905,43,2025,October
Kokapur Mouza,North 24 Pgs.,10/21/2025,22.754029,88.439341,44.52173913,25.93304348,44.5526087,69.83913043,30.03869565,43,2025,October
Kokapur Mouza,North 24 Pgs.,10/22/2025,22.754029,88.439341,48.45833333,28.00958333,48.45041667,70.43416667,29.52791667,43,2025,October
Kokapur Mouza,North 24 Pgs.,10/23/2025,22.754029,88.439341,43.29166667,25.08708333,43.21958333,68.9,29.82208333,43,2025,October
Kokapur Mouza,North 24 Pgs.,10/24/2025,22.754029,88.439341,45.5,26.35291667,45.395,70.0025,29.60708333,43,2025,October
Kokapur Mouza,North 24 Pgs.,10/25/2025,22.754029,88.439341,45.69230769,26.66769231,45.84384615,75.60846154,28.28384615,43,2025,October
Kokapur Mouza,North 24 Pgs.,10/27/2025,22.754029,88.439341,40,23.30333333,40.21333333,65.74166667,31.92,44,2025,October
Kokapur Mouza,North 24 Pgs.,10/28/2025,22.754029,88.439341,36.25,21.31875,36.28333333,75.3675,29.25166667,44,2025,October
Kokapur Mouza,North 24 Pgs.,10/29/2025,22.754029,88.439341,27.125,16.26,26.78916667,85.00375,26.89791667,44,2025,October
Kokapur Mouza,North 24 Pgs.,10/30/2025,22.754029,88.439341,26.875,16.09375,26.52625,81.53041667,28.05916667,44,2025,October
Kokapur Mouza,North 24 Pgs.,10/31/2025,22.754029,88.439341,29.20833333,17.45875,28.99125,78.42875,29.00375,44,2025,October
Kokapur Mouza,North 24 Pgs.,11/1/2025,22.754029,88.439341,30.04166667,17.91333333,29.97375,75.71958333,29.47458333,44,2025,November
Kokapur Mouza,North 24 Pgs.,11/2/2025,22.754029,88.439341,26.125,15.53958333,25.99708333,74.12041667,26.86541667,44,2025,November
Kokapur Mouza,North 24 Pgs.,11/3/2025,22.754029,88.439341,35.08333333,20.525,35.1125,70.19,26.97541667,45,2025,November
Kokapur Mouza,North 24 Pgs.,11/4/2025,22.754029,88.439341,51.04166667,29.65208333,51.06083333,71.82458333,26.3125,45,2025,November
Kokapur Mouza,North 24 Pgs.,11/5/2025,22.754029,88.439341,54.70833333,31.38375,54.65833333,69.78916667,27.03625,45,2025,November
Kokapur Mouza,North 24 Pgs.,11/6/2025,22.754029,88.439341,51.16666667,29.44375,51.20666667,71.67041667,27.73791667,45,2025,November
Kokapur Mouza,North 24 Pgs.,11/7/2025,22.754029,88.439341,46.5,26.94416667,46.56291667,69.89291667,27.89166667,45,2025,November
Kokapur Mouza,North 24 Pgs.,11/8/2025,22.754029,88.439341,33.5,19.44416667,33.53791667,60.69958333,26.06541667,45,2025,November
Kokapur Mouza,North 24 Pgs.,11/9/2025,22.754029,88.439341,36.08333333,20.80916667,36.06708333,60.68791667,24.77166667,45,2025,November
Kokapur Mouza,North 24 Pgs.,11/10/2025,22.754029,88.439341,43.91666667,25.35583333,43.92458333,65.10208333,24.80541667,46,2025,November
Kokapur Mouza,North 24 Pgs.,11/11/2025,22.754029,88.439341,42.54166667,24.55416667,42.50375,63.50458333,23.91125,46,2025,November
Kokapur Mouza,North 24 Pgs.,11/12/2025,22.754029,88.439341,47.20833333,27.36,47.29666667,65.09166667,23.14583333,46,2025,November
Kokapur Mouza,North 24 Pgs.,11/13/2025,22.754029,88.439341,47.91666667,27.67541667,47.84333333,66.2075,23.2925,46,2025,November
Kokapur Mouza,North 24 Pgs.,11/14/2025,22.754029,88.439341,46.41666667,26.72791667,46.44916667,66.29916667,23.25125,46,2025,November
Kokapur Mouza,North 24 Pgs.,11/15/2025,22.754029,88.439341,44.16666667,25.46541667,44.10375,68.07958333,23.5375,46,2025,November
Kokapur Mouza,North 24 Pgs.,11/16/2025,22.754029,88.439341,44.04166667,25.39625,44.00125,67.82,23.44,46,2025,November
Kokapur Mouza,North 24 Pgs.,11/17/2025,22.754029,88.439341,42.625,24.63333333,42.61208333,68.52416667,23.81208333,47,2025,November
Kokapur Mouza,North 24 Pgs.,11/18/2025,22.754029,88.439341,40.33333333,23.08708333,40.32666667,67.7775,24.08833333,47,2025,November
Kokapur Mouza,North 24 Pgs.,11/19/2025,22.754029,88.439341,36.83333333,20.99208333,36.735,66.44166667,24.49708333,47,2025,November
Kokapur Mouza,North 24 Pgs.,11/20/2025,22.754029,88.439341,40.58333333,23.1925,40.49875,66.60166667,24.51791667,47,2025,November
Kokapur Mouza,North 24 Pgs.,11/21/2025,22.754029,88.439341,42.76470588,24.63352941,42.70941176,67.83235294,23.89058824,47,2025,November
Kuberpur Mouza,North 24 Pgs.,8/31/2025,22.704908,88.523177,63.54166667,34.42583333,63.04166667,82.8275,30.63333333,35,2025,August
Kuberpur Mouza,North 24 Pgs.,9/1/2025,22.704908,88.523177,77.54166667,41.76208333,78.02583333,83.26708333,31.35666667,36,2025,September
Kuberpur Mouza,North 24 Pgs.,9/2/2025,22.704908,88.523177,40.625,23.03333333,40.54291667,87.28083333,28.47708333,36,2025,September
Kuberpur Mouza,North 24 Pgs.,9/3/2025,22.704908,88.523177,37.58333333,21.475,37.62041667,88.04375,28.12125,36,2025,September
Kuberpur Mouza,North 24 Pgs.,9/4/2025,22.704908,88.523177,44.95833333,25.57708333,44.96,85.46875,29.38958333,36,2025,September
Kuberpur Mouza,North 24 Pgs.,9/5/2025,22.704908,88.523177,63.91666667,34.51708333,63.8825,81.24666667,30.6675,36,2025,September
Kuberpur Mouza,North 24 Pgs.,9/6/2025,22.704908,88.523177,72.04166667,37.53291667,72.02583333,77.74375,31.63833333,36,2025,September
Kuberpur Mouza,North 24 Pgs.,9/7/2025,22.704908,88.523177,65.5,34.35208333,65.48416667,77.765,31.44416667,36,2025,September
Kuberpur Mouza,North 24 Pgs.,9/8/2025,22.704908,88.523177,66.29166667,34.25708333,66.17958333,75.75333333,31.74458333,37,2025,September
Kuberpur Mouza,North 24 Pgs.,9/9/2025,22.704908,88.523177,74.33333333,38.43416667,74.26083333,76.88666667,31.575,37,2025,September
Kuberpur Mouza,North 24 Pgs.,9/10/2025,22.704908,88.523177,71.625,37.19458333,71.64875,75.875,32.03333333,37,2025,September
Kuberpur Mouza,North 24 Pgs.,9/11/2025,22.704908,88.523177,62.375,33.18666667,62.38625,76.90541667,31.97791667,37,2025,September
Kuberpur Mouza,North 24 Pgs.,9/12/2025,22.704908,88.523177,55.25,29.92625,55.155,79.40166667,31.28416667,37,2025,September
Kuberpur Mouza,North 24 Pgs.,9/13/2025,22.704908,88.523177,54.29166667,29.11875,54.24666667,78.06583333,31.38375,37,2025,September
Kuberpur Mouza,North 24 Pgs.,9/14/2025,22.704908,88.523177,54.41666667,30.00458333,54.40875,86.78458333,29.30291667,37,2025,September
Kuberpur Mouza,North 24 Pgs.,9/15/2025,22.704908,88.523177,50.875,28.69041667,50.81166667,86.39375,29.03625,38,2025,September
Kuberpur Mouza,North 24 Pgs.,9/16/2025,22.704908,88.523177,58.5,33.30416667,58.76625,88.12625,28.34541667,38,2025,September
Kuberpur Mouza,North 24 Pgs.,9/17/2025,22.704908,88.523177,56.54166667,31.51791667,56.43125,84.86125,29.47125,38,2025,September
Kuberpur Mouza,North 24 Pgs.,9/18/2025,22.704908,88.523177,64.95833333,35.43791667,64.97708333,79.96166667,31.22666667,38,2025,September
Kuberpur Mouza,North 24 Pgs.,9/19/2025,22.704908,88.523177,87.16666667,48.07875,87.15916667,81.65291667,31.2475,38,2025,September
Kuberpur Mouza,North 24 Pgs.,9/20/2025,22.704908,88.523177,87.91666667,49.35875,88.85625,85.9325,29.31375,38,2025,September
Kuberpur Mouza,North 24 Pgs.,9/21/2025,22.704908,88.523177,109.7083333,59.48083333,107.0495833,81.60875,30.64875,38,2025,September
Kuberpur Mouza,North 24 Pgs.,9/22/2025,22.704908,88.523177,80.125,44.62375,79.53416667,85.31458333,29.155,39,2025,September
Kuberpur Mouza,North 24 Pgs.,9/23/2025,22.704908,88.523177,62.25,35.58083333,62.1,87.165,28.625,39,2025,September
Kuberpur Mouza,North 24 Pgs.,9/24/2025,22.704908,88.523177,68.04166667,38.21625,67.94333333,81.34458333,30.35625,39,2025,September
Kuberpur Mouza,North 24 Pgs.,9/25/2025,22.704908,88.523177,61.375,34.34041667,61.30458333,80.45416667,30.8325,39,2025,September
Kuberpur Mouza,North 24 Pgs.,9/26/2025,22.704908,88.523177,49.79166667,28.25625,49.65583333,82.7,30.22,39,2025,September
Kuberpur Mouza,North 24 Pgs.,9/27/2025,22.704908,88.523177,50.45833333,28.56166667,50.41541667,81.51958333,30.40333333,39,2025,September
Kuberpur Mouza,North 24 Pgs.,9/28/2025,22.704908,88.523177,50.45833333,28.06583333,50.40916667,78.54583333,31.35583333,39,2025,September
Kuberpur Mouza,North 24 Pgs.,9/29/2025,22.704908,88.523177,65.625,36.03833333,65.68666667,79.49,31.3725,40,2025,September
Kuberpur Mouza,North 24 Pgs.,9/30/2025,22.704908,88.523177,77.20833333,43.015,77.7425,78.8475,31.46458333,40,2025,September
Kuberpur Mouza,North 24 Pgs.,10/1/2025,22.704908,88.523177,60.5,34.07791667,60.5425,82.05791667,29.88041667,40,2025,October
Kuberpur Mouza,North 24 Pgs.,10/2/2025,22.704908,88.523177,38,21.85458333,37.95375,88.42208333,28.35333333,40,2025,October
Kuberpur Mouza,North 24 Pgs.,10/3/2025,22.704908,88.523177,55.40909091,31.28272727,55.50454545,90.37636364,28.13636364,40,2025,October
Kuberpur Mouza,North 24 Pgs.,10/4/2025,22.704908,88.523177,55.08333333,30.93458333,55.12875,86.35166667,29.39333333,40,2025,October
Kuberpur Mouza,North 24 Pgs.,10/5/2025,22.704908,88.523177,49.625,28.06458333,49.65,86.75083333,28.10458333,40,2025,October
Kuberpur Mouza,North 24 Pgs.,10/6/2025,22.704908,88.523177,88.66666667,48.21708333,86.20791667,85.64791667,28.31208333,41,2025,October
Kuberpur Mouza,North 24 Pgs.,10/7/2025,22.704908,88.523177,82.58333333,46.4925,82.60416667,83.46583333,28.72166667,41,2025,October
Kuberpur Mouza,North 24 Pgs.,10/8/2025,22.704908,88.523177,88,49.70208333,88.36625,83.89625,28.80833333,41,2025,October
Kuberpur Mouza,North 24 Pgs.,10/9/2025,22.704908,88.523177,98.375,55.17875,99.48958333,83.08625,29.04583333,41,2025,October
Kuberpur Mouza,North 24 Pgs.,10/10/2025,22.704908,88.523177,104.6190476,58.12714286,104.1190476,83.99904762,28.64952381,41,2025,October
Kuberpur Mouza,North 24 Pgs.,10/11/2025,22.704908,88.523177,90.41666667,48.93,89.345,82.15541667,28.81625,41,2025,October
Kuberpur Mouza,North 24 Pgs.,10/12/2025,22.704908,88.523177,102.625,53.05541667,99.69333333,79.22958333,29.27375,41,2025,October
Kuberpur Mouza,North 24 Pgs.,10/13/2025,22.704908,88.523177,107.625,58.26208333,108.80125,76.56708333,29.06375,42,2025,October
Kuberpur Mouza,North 24 Pgs.,10/14/2025,22.704908,88.523177,115.5833333,62.4825,118.1204167,75.26291667,28.835,42,2025,October
Kuberpur Mouza,North 24 Pgs.,10/15/2025,22.704908,88.523177,125.0416667,66.24958333,124.7279167,74.38708333,28.45125,42,2025,October
Kuberpur Mouza,North 24 Pgs.,10/16/2025,22.704908,88.523177,131.5833333,68.8075,129.7525,75.74666667,28.02875,42,2025,October
Kuberpur Mouza,North 24 Pgs.,10/17/2025,22.704908,88.523177,155.25,76.40041667,140.3670833,76.66,28.59041667,42,2025,October
Kuberpur Mouza,North 24 Pgs.,10/18/2025,22.704908,88.523177,151.7083333,74.39375,136.9545833,77.8125,29.63125,42,2025,October
Kuberpur Mouza,North 24 Pgs.,10/19/2025,22.704908,88.523177,125.875,64.24875,117.9458333,78.19875,29.99708333,42,2025,October
Kuberpur Mouza,North 24 Pgs.,10/20/2025,22.704908,88.523177,147.5416667,71.08458333,130.9358333,77.40916667,30.17625,43,2025,October
Kuberpur Mouza,North 24 Pgs.,10/21/2025,22.704908,88.523177,171.0833333,79.555,146.7666667,75.48666667,29.95291667,43,2025,October
Kuberpur Mouza,North 24 Pgs.,10/22/2025,22.704908,88.523177,165.25,78.92166667,149.6454167,76.3325,29.39083333,43,2025,October
Kuberpur Mouza,North 24 Pgs.,10/23/2025,22.704908,88.523177,166,75.5125,146.7691667,74.02041667,29.70791667,43,2025,October
Kuberpur Mouza,North 24 Pgs.,10/24/2025,22.704908,88.523177,169.8333333,80.19875,155.97625,76.33666667,29.5125,43,2025,October
Kuberpur Mouza,North 24 Pgs.,10/25/2025,22.704908,88.523177,161.375,77.44041667,146.7641667,76.77708333,29.45083333,43,2025,October
Kuberpur Mouza,North 24 Pgs.,10/26/2025,22.704908,88.523177,132.0416667,65.84166667,123.275,78.62208333,29.60958333,43,2025,October
Kuberpur Mouza,North 24 Pgs.,10/27/2025,22.704908,88.523177,155.25,74.99375,142.0483333,76.90958333,30.15875,44,2025,October
Kuberpur Mouza,North 24 Pgs.,10/28/2025,22.704908,88.523177,116.8181818,58.24954545,107.8136364,79.62772727,29.43045455,44,2025,October
Kuberpur Mouza,North 24 Pgs.,10/29/2025,22.704908,88.523177,62.625,34.73166667,62.53958333,89.21,26.98708333,44,2025,October
Kuberpur Mouza,North 24 Pgs.,10/30/2025,22.704908,88.523177,54.16666667,30.38541667,54.35208333,84.03041667,28.54583333,44,2025,October
Kuberpur Mouza,North 24 Pgs.,10/31/2025,22.704908,88.523177,62.125,33.82458333,62.13166667,80.17541667,29.23083333,44,2025,October
Kuberpur Mouza,North 24 Pgs.,11/1/2025,22.704908,88.523177,77.75,42.19666667,77.80125,79.86166667,29.77458333,44,2025,November
Kuberpur Mouza,North 24 Pgs.,11/2/2025,22.704908,88.523177,62.625,33.83,62.59041667,79.66208333,27.14083333,44,2025,November
Kuberpur Mouza,North 24 Pgs.,11/3/2025,22.704908,88.523177,123.2916667,60.85458333,113.3083333,75.36458333,27.01083333,45,2025,November
Kuberpur Mouza,North 24 Pgs.,11/4/2025,22.704908,88.523177,258.7916667,108.3125,196.5658333,78.74208333,26.23041667,45,2025,November
Kuberpur Mouza,North 24 Pgs.,11/5/2025,22.704908,88.523177,266.8333333,112.7429167,188.0670833,74.52291667,27.01,45,2025,November
Kuberpur Mouza,North 24 Pgs.,11/6/2025,22.704908,88.523177,224,97.42041667,127.7575,78.72166667,27.55,45,2025,November
Kuberpur Mouza,North 24 Pgs.,11/7/2025,22.704908,88.523177,221.375,96.37291667,124.3491667,76.17791667,27.78625,45,2025,November
Kuberpur Mouza,North 24 Pgs.,11/8/2025,22.704908,88.523177,110.1666667,61.72166667,86.04166667,66.89333333,26.045,45,2025,November
Kuberpur Mouza,North 24 Pgs.,11/9/2025,22.704908,88.523177,114.4583333,62.60875,90.94625,65.6175,24.81458333,45,2025,November
Kuberpur Mouza,North 24 Pgs.,11/10/2025,22.704908,88.523177,176.9583333,83.09458333,115.1404167,71.85625,24.60083333,46,2025,November
Kuberpur Mouza,North 24 Pgs.,11/11/2025,22.704908,88.523177,155.75,76.7125,108.9829167,70.23166667,23.8775,46,2025,November
Kuberpur Mouza,North 24 Pgs.,11/12/2025,22.704908,88.523177,205.2916667,91.555,131.5433333,71.0575,23.13458333,46,2025,November
Kuberpur Mouza,North 24 Pgs.,11/13/2025,22.704908,88.523177,211.5,93.45166667,135.3616667,71.71083333,23.32791667,46,2025,November
Kuberpur Mouza,North 24 Pgs.,11/14/2025,22.704908,88.523177,192.5833333,87.74416667,125.955,71.8125,23.23583333,46,2025,November
Kuberpur Mouza,North 24 Pgs.,11/15/2025,22.704908,88.523177,173.7916667,82.11958333,116.6454167,73.085,23.55625,46,2025,November
Kuberpur Mouza,North 24 Pgs.,11/16/2025,22.704908,88.523177,180.125,84.03,118.3241667,72.26333333,23.50916667,46,2025,November
Kuberpur Mouza,North 24 Pgs.,11/17/2025,22.704908,88.523177,169.5833333,80.20916667,114.7458333,72.7825,23.975,47,2025,November
Kuberpur Mouza,North 24 Pgs.,11/18/2025,22.704908,88.523177,130.9583333,66.87708333,96.90875,71.60125,24.25541667,47,2025,November
Kuberpur Mouza,North 24 Pgs.,11/19/2025,22.704908,88.523177,127.125,64.6175,93.87625,70.31916667,24.58833333,47,2025,November
Kuberpur Mouza,North 24 Pgs.,11/20/2025,22.704908,88.523177,149.5,73.96416667,106.04875,70.06583333,24.77833333,47,2025,November
Kuberpur Mouza,North 24 Pgs.,11/21/2025,22.704908,88.523177,171.2083333,81.35208333,115.2958333,72.5425,24.10208333,47,2025,November
Kuberpur Mouza,North 24 Pgs.,11/22/2025,22.704908,88.523177,226.1666667,97.84291667,136.6691667,73.60166667,23.63791667,47,2025,November
Kuberpur Mouza,North 24 Pgs.,11/23/2025,22.704908,88.523177,210.4583333,93.63583333,132.0691667,73.19416667,23.56125,47,2025,November
Kuberpur Mouza,North 24 Pgs.,11/24/2025,22.704908,88.523177,212.5833333,93.76208333,134.0945833,71.03125,22.84458333,48,2025,November
Kuberpur Mouza,North 24 Pgs.,11/25/2025,22.704908,88.523177,237.875,101.4308333,150.0391667,71.10875,21.76416667,48,2025,November
Kuberpur Mouza,North 24 Pgs.,11/26/2025,22.704908,88.523177,214.0833333,94.23333333,140.6070833,70.48833333,21.63041667,48,2025,November
Kuberpur Mouza,North 24 Pgs.,11/27/2025,22.704908,88.523177,173.9583333,80.18625,119.6979167,71.56,22.71583333,48,2025,November
Kuberpur Mouza,North 24 Pgs.,11/28/2025,22.704908,88.523177,153.7916667,74.36708333,110.5425,70.90125,23.03041667,48,2025,November
Kuberpur Mouza,North 24 Pgs.,11/29/2025,22.704908,88.523177,162.1666667,78.46208333,116.825,73.25375,22.65708333,48,2025,November
Kuberpur Mouza,North 24 Pgs.,11/30/2025,22.704908,88.523177,196.4166667,88.9025,128.61125,73.80541667,22.80875,48,2025,November
Kuberpur Mouza,North 24 Pgs.,12/1/2025,22.704908,88.523177,221,96.27,140.59,83.76,19.68,49,2025,December
Lalkuthi Crossing,North 24 Pgs.,8/31/2025,22.766602,88.369385,39.54166667,22.3925,39.48208333,77.96916667,32.38041667,35,2025,August
Lalkuthi Crossing,North 24 Pgs.,9/1/2025,22.766602,88.369385,44.83333333,24.72583333,44.90833333,77.63458333,32.98708333,36,2025,September
Lalkuthi Crossing,North 24 Pgs.,9/2/2025,22.766602,88.369385,31.54166667,18.46041667,31.49791667,87.1,29.39458333,36,2025,September
Lalkuthi Crossing,North 24 Pgs.,9/3/2025,22.766602,88.369385,31.08333333,18.17166667,31.08708333,87.28291667,29.27166667,36,2025,September
Lalkuthi Crossing,North 24 Pgs.,9/4/2025,22.766602,88.369385,33.75,19.44958333,33.66625,83.8975,31.08375,36,2025,September
Lalkuthi Crossing,North 24 Pgs.,9/5/2025,22.766602,88.369385,40.58333333,22.84958333,40.53375,78.80416667,31.83875,36,2025,September
Lalkuthi Crossing,North 24 Pgs.,9/6/2025,22.766602,88.369385,45.25,25.06791667,45.24583333,75.54291667,32.55875,36,2025,September
Lalkuthi Crossing,North 24 Pgs.,9/7/2025,22.766602,88.369385,43.33333333,24.38416667,43.38958333,75.98541667,32.42541667,36,2025,September
Lalkuthi Crossing,North 24 Pgs.,9/8/2025,22.766602,88.369385,41.54166667,23.41625,41.59875,75.06541667,32.56791667,37,2025,September
Lalkuthi Crossing,North 24 Pgs.,9/9/2025,22.766602,88.369385,43.83333333,24.67875,43.80791667,74.72833333,32.6,37,2025,September
Lalkuthi Crossing,North 24 Pgs.,9/10/2025,22.766602,88.369385,44.08333333,24.97541667,44.06166667,76.57,32.3975,37,2025,September
Lalkuthi Crossing,North 24 Pgs.,9/11/2025,22.766602,88.369385,40.875,23.53625,40.93708333,76.53958333,32.70333333,37,2025,September
Lalkuthi Crossing,North 24 Pgs.,9/12/2025,22.766602,88.369385,40.58333333,23.21208333,40.52541667,80.69708333,31.52375,37,2025,September
Lalkuthi Crossing,North 24 Pgs.,9/13/2025,22.766602,88.369385,35.375,20.51291667,35.35625,78.37833333,31.90833333,37,2025,September
Lalkuthi Crossing,North 24 Pgs.,9/14/2025,22.766602,88.369385,37.29166667,21.75958333,37.24416667,87.15416667,29.6275,37,2025,September
Lalkuthi Crossing,North 24 Pgs.,9/15/2025,22.766602,88.369385,37.20833333,21.88041667,37.27916667,89.61416667,28.96708333,38,2025,September
Lalkuthi Crossing,North 24 Pgs.,9/16/2025,22.766602,88.369385,49.625,28.6975,49.69041667,89.49583333,28.93458333,38,2025,September
Lalkuthi Crossing,North 24 Pgs.,9/17/2025,22.766602,88.369385,45.54166667,26.28,45.49875,83.74,30.65916667,38,2025,September
Lalkuthi Crossing,North 24 Pgs.,9/18/2025,22.766602,88.369385,39.625,23.09666667,39.67291667,76.72666667,32.5425,38,2025,September
Lalkuthi Crossing,North 24 Pgs.,9/19/2025,22.766602,88.369385,51.16666667,29.565,51.09125,81.7075,31.92625,38,2025,September
Lalkuthi Crossing,North 24 Pgs.,9/20/2025,22.766602,88.369385,55.58333333,32.18958333,55.65833333,86.2575,30.27125,38,2025,September
Lalkuthi Crossing,North 24 Pgs.,9/21/2025,22.766602,88.369385,59.08333333,34.34,59.15208333,79.39916667,31.91041667,38,2025,September
Lalkuthi Crossing,North 24 Pgs.,9/22/2025,22.766602,88.369385,48.20833333,28.03208333,48.22125,85.03833333,30.07,39,2025,September
Lalkuthi Crossing,North 24 Pgs.,9/23/2025,22.766602,88.369385,39.66666667,23.2875,39.71291667,88.45666667,29.01708333,39,2025,September
Lalkuthi Crossing,North 24 Pgs.,9/24/2025,22.766602,88.369385,42.5,24.81666667,42.55916667,80.67708333,31.8425,39,2025,September
Lalkuthi Crossing,North 24 Pgs.,9/25/2025,22.766602,88.369385,40.29166667,23.41791667,40.30791667,81.33458333,32.18791667,39,2025,September
Lalkuthi Crossing,North 24 Pgs.,9/26/2025,22.766602,88.369385,35.875,21.12833333,35.86125,84.01958333,31.14708333,39,2025,September
Lalkuthi Crossing,North 24 Pgs.,9/27/2025,22.766602,88.369385,35.08333333,20.43375,34.93041667,80.52041667,31.90208333,39,2025,September
Lalkuthi Crossing,North 24 Pgs.,9/28/2025,22.766602,88.369385,36.41666667,21.13833333,36.49625,76.87291667,32.39916667,39,2025,September
Lalkuthi Crossing,North 24 Pgs.,9/29/2025,22.766602,88.369385,42.33333333,24.53791667,42.37416667,77.39666667,32.43208333,40,2025,September
Lalkuthi Crossing,North 24 Pgs.,9/30/2025,22.766602,88.369385,44,25.67541667,44.01458333,77.21083333,32.85916667,40,2025,September
Lalkuthi Crossing,North 24 Pgs.,10/1/2025,22.766602,88.369385,36.83333333,21.58208333,36.80541667,78.67041667,31.37,40,2025,October
Lalkuthi Crossing,North 24 Pgs.,10/2/2025,22.766602,88.369385,30.5,18.13625,30.47916667,91.79416667,28.62166667,40,2025,October
Lalkuthi Crossing,North 24 Pgs.,10/3/2025,22.766602,88.369385,35.04166667,20.62125,35.1525,93.76666667,28.40583333,40,2025,October
Lalkuthi Crossing,North 24 Pgs.,10/4/2025,22.766602,88.369385,37.45833333,21.64916667,37.4725,86.02041667,30.89166667,40,2025,October
Lalkuthi Crossing,North 24 Pgs.,10/5/2025,22.766602,88.369385,36.375,21.42375,36.41125,87.64958333,29.0225,40,2025,October
Lalkuthi Crossing,North 24 Pgs.,10/6/2025,22.766602,88.369385,50.83333333,29.51458333,50.8025,86.36083333,29.03875,41,2025,October
Lalkuthi Crossing,North 24 Pgs.,10/7/2025,22.766602,88.369385,52.29166667,30.4775,52.26416667,83.17041667,29.985,41,2025,October
Lalkuthi Crossing,North 24 Pgs.,10/8/2025,22.766602,88.369385,57.375,33.33916667,57.29541667,87.30708333,29.04916667,41,2025,October
Lalkuthi Crossing,North 24 Pgs.,10/9/2025,22.766602,88.369385,62.875,35.96958333,62.79875,85.24958333,30.1225,41,2025,October
Lalkuthi Crossing,North 24 Pgs.,10/10/2025,22.766602,88.369385,56.08333333,32.59958333,56.14708333,86.8225,28.78166667,41,2025,October
Lalkuthi Crossing,North 24 Pgs.,10/11/2025,22.766602,88.369385,52,29.45291667,51.95916667,80.13833333,29.96708333,41,2025,October
Lalkuthi Crossing,North 24 Pgs.,10/12/2025,22.766602,88.369385,60.41666667,33.92875,60.50125,76.81166667,30.48458333,41,2025,October
Lalkuthi Crossing,North 24 Pgs.,10/13/2025,22.766602,88.369385,61.16666667,34.42291667,61.13291667,73.93708333,30.46083333,42,2025,October
Lalkuthi Crossing,North 24 Pgs.,10/14/2025,22.766602,88.369385,62.58333333,35.29958333,62.575,72.60875,30.32541667,42,2025,October
Lalkuthi Crossing,North 24 Pgs.,10/15/2025,22.766602,88.369385,63.375,35.90708333,63.38083333,69.9525,29.96041667,42,2025,October
Lalkuthi Crossing,North 24 Pgs.,10/16/2025,22.766602,88.369385,66,37.11208333,65.94416667,68.89458333,29.72041667,42,2025,October
Lalkuthi Crossing,North 24 Pgs.,10/17/2025,22.766602,88.369385,77.04166667,43.585,77.0625,71.51875,30.36625,42,2025,October
Lalkuthi Crossing,North 24 Pgs.,10/18/2025,22.766602,88.369385,73.75,42.00833333,73.80916667,71.90833333,31.12083333,42,2025,October
Lalkuthi Crossing,North 24 Pgs.,10/19/2025,22.766602,88.369385,65.66666667,37.46125,65.7475,73.04958333,32.35666667,42,2025,October
Lalkuthi Crossing,North 24 Pgs.,10/20/2025,22.766602,88.369385,70.33333333,39.19083333,67.61458333,75.6675,31.70458333,43,2025,October
Lalkuthi Crossing,North 24 Pgs.,10/21/2025,22.766602,88.369385,92.91666667,50.84875,90.0275,70.95041667,31.67041667,43,2025,October
Lalkuthi Crossing,North 24 Pgs.,10/22/2025,22.766602,88.369385,87.54166667,49.09541667,87.7825,71.47333333,31.11958333,43,2025,October
Lalkuthi Crossing,North 24 Pgs.,10/23/2025,22.766602,88.369385,74,41.24416667,73.88416667,69.3225,31.34208333,43,2025,October
Lalkuthi Crossing,North 24 Pgs.,10/24/2025,22.766602,88.369385,78.45833333,43.1675,77.47916667,68.73958333,31.63041667,43,2025,October
Lalkuthi Crossing,North 24 Pgs.,10/25/2025,22.766602,88.369385,80.66666667,45.0425,80.74458333,70.25625,31.49083333,43,2025,October
Lalkuthi Crossing,North 24 Pgs.,10/26/2025,22.766602,88.369385,77.75,43.44791667,78.02916667,74.54791667,31.02375,43,2025,October
Lalkuthi Crossing,North 24 Pgs.,10/27/2025,22.766602,88.369385,77.79166667,44.11083333,77.78,72.84583333,31.78708333,44,2025,October
Lalkuthi Crossing,North 24 Pgs.,10/28/2025,22.766602,88.369385,63.25,35.53458333,63.25125,75.22916667,30.99125,44,2025,October
Lalkuthi Crossing,North 24 Pgs.,10/29/2025,22.766602,88.369385,41,23.66958333,41.03166667,89.82125,27.59,44,2025,October
Lalkuthi Crossing,North 24 Pgs.,10/30/2025,22.766602,88.369385,38.45833333,22.08416667,38.50333333,85.2275,29.54375,44,2025,October
Lalkuthi Crossing,North 24 Pgs.,10/31/2025,22.766602,88.369385,43.375,24.82125,43.33083333,80.34458333,30.70833333,44,2025,October
Lalkuthi Crossing,North 24 Pgs.,11/1/2025,22.766602,88.369385,47,26.91375,47.02958333,80.82916667,30.3975,44,2025,November
Lalkuthi Crossing,North 24 Pgs.,11/2/2025,22.766602,88.369385,36.75,21.34416667,36.74916667,80.8475,27.69416667,44,2025,November
Lalkuthi Crossing,North 24 Pgs.,11/3/2025,22.766602,88.369385,64.45833333,36.26375,64.4,73.18416667,28.37875,45,2025,November
Lalkuthi Crossing,North 24 Pgs.,11/4/2025,22.766602,88.369385,123.4583333,66.1125,117.1766667,76.93083333,27.39208333,45,2025,November
Lalkuthi Crossing,North 24 Pgs.,11/5/2025,22.766602,88.369385,118.2083333,63.36083333,113.1733333,72.90291667,28.10958333,45,2025,November
Lalkuthi Crossing,North 24 Pgs.,11/6/2025,22.766602,88.369385,106.125,57.50833333,103.96625,73.47,28.84541667,45,2025,November
Lalkuthi Crossing,North 24 Pgs.,11/7/2025,22.766602,88.369385,86.41666667,48.69208333,86.49125,72.85,29.135,45,2025,November
Lalkuthi Crossing,North 24 Pgs.,11/8/2025,22.766602,88.369385,55.625,31.02458333,55.65291667,60.65375,27.57208333,45,2025,November
Lalkuthi Crossing,North 24 Pgs.,11/9/2025,22.766602,88.369385,60.5,32.96208333,60.51333333,59.55666667,27.05625,45,2025,November
Lalkuthi Crossing,North 24 Pgs.,11/10/2025,22.766602,88.369385,80.91666667,44.71833333,80.9675,64.5525,26.44916667,46,2025,November
Lalkuthi Crossing,North 24 Pgs.,11/11/2025,22.766602,88.369385,80,44.11208333,80.21708333,62.22041667,25.51083333,46,2025,November
Lalkuthi Crossing,North 24 Pgs.,11/12/2025,22.766602,88.369385,98.33333333,54.16291667,98.385,62.82083333,24.99875,46,2025,November
Lalkuthi Crossing,North 24 Pgs.,11/13/2025,22.766602,88.369385,93,51.51583333,93.67583333,64.31541667,25.38291667,46,2025,November
Lalkuthi Crossing,North 24 Pgs.,11/14/2025,22.766602,88.369385,86.95833333,47.94333333,86.86208333,65.2525,25.36833333,46,2025,November
Lalkuthi Crossing,North 24 Pgs.,11/15/2025,22.766602,88.369385,82.125,45.7175,82.33291667,64.57375,25.36875,46,2025,November
Lalkuthi Crossing,North 24 Pgs.,11/16/2025,22.766602,88.369385,86.20833333,48.1725,86.86291667,65.91708333,25.06625,46,2025,November
Lalkuthi Crossing,North 24 Pgs.,11/17/2025,22.766602,88.369385,80.54166667,44.82125,80.65125,66.28833333,26.16,47,2025,November
Lalkuthi Crossing,North 24 Pgs.,11/18/2025,22.766602,88.369385,75.875,41.81041667,76.15041667,66.12041667,26.25583333,47,2025,November
Lalkuthi Crossing,North 24 Pgs.,11/19/2025,22.766602,88.369385,75.20833333,41.57125,75.84666667,64.15833333,27.22958333,47,2025,November
Lalkuthi Crossing,North 24 Pgs.,11/20/2025,22.766602,88.369385,78.16666667,43.865,78.4675,64.04333333,26.55125,47,2025,November
Lalkuthi Crossing,North 24 Pgs.,11/21/2025,22.766602,88.369385,96.70833333,53.2225,95.19,65.09791667,26.14958333,47,2025,November
Lalkuthi Crossing,North 24 Pgs.,11/22/2025,22.766602,88.369385,113.25,61.65375,110.4116667,68.42791667,25.53875,47,2025,November
Lalkuthi Crossing,North 24 Pgs.,11/23/2025,22.766602,88.369385,112.3333333,60.08125,107.1245833,69.36958333,25.60416667,47,2025,November
Lalkuthi Crossing,North 24 Pgs.,11/24/2025,22.766602,88.369385,101.7916667,56.84291667,100.4891667,66.29291667,24.72333333,48,2025,November
Lalkuthi Crossing,North 24 Pgs.,11/25/2025,22.766602,88.369385,100.8333333,56.38125,100.0233333,63.525,23.42583333,48,2025,November
Lalkuthi Crossing,North 24 Pgs.,11/26/2025,22.766602,88.369385,87.04166667,49.34583333,87.41875,60.72583333,23.35166667,48,2025,November
Lalkuthi Crossing,North 24 Pgs.,11/27/2025,22.766602,88.369385,82.66666667,46.06291667,83.43208333,67.05375,24.47458333,48,2025,November
Lalkuthi Crossing,North 24 Pgs.,11/28/2025,22.766602,88.369385,86.33333333,47.47208333,87.48458333,68.25291667,25.20833333,48,2025,November
Lalkuthi Crossing,North 24 Pgs.,11/29/2025,22.766602,88.369385,87.20833333,47.98041667,87.57125,67.81875,24.54625,48,2025,November
Lalkuthi Crossing,North 24 Pgs.,11/30/2025,22.766602,88.369385,95.41666667,52.40708333,95.73333333,69.73666667,24.8625,48,2025,November
Lalkuthi Crossing,North 24 Pgs.,12/1/2025,22.766602,88.369385,128,68.42,127.28,83.81,21.35,49,2025,December
Mahadevananda Mahavidyalaya,North 24 Pgs.,8/31/2025,22.772478,88.337822,44.43478261,25.11217391,44.41217391,82.64782609,31.5626087,35,2025,August
Mahadevananda Mahavidyalaya,North 24 Pgs.,9/1/2025,22.772478,88.337822,54.5,30.7075,54.48541667,85.66958333,31.85291667,36,2025,September
Mahadevananda Mahavidyalaya,North 24 Pgs.,9/2/2025,22.772478,88.337822,34.33333333,19.84583333,34.26583333,90.87375,29.0825,36,2025,September
Mahadevananda Mahavidyalaya,North 24 Pgs.,9/3/2025,22.772478,88.337822,31.47826087,18.40826087,31.47391304,92.09,28.59521739,36,2025,September
Mahadevananda Mahavidyalaya,North 24 Pgs.,9/4/2025,22.772478,88.337822,37.04166667,21.12416667,36.98791667,88.56708333,30.01875,36,2025,September
Mahadevananda Mahavidyalaya,North 24 Pgs.,9/5/2025,22.772478,88.337822,49.71428571,28.01428571,49.64428571,97.17428571,28.11714286,36,2025,September
Mahadevananda Mahavidyalaya,North 24 Pgs.,9/8/2025,22.772478,88.337822,53.375,28.84625,53.34875,77.22375,32.3025,37,2025,September
Mahadevananda Mahavidyalaya,North 24 Pgs.,9/9/2025,22.772478,88.337822,62.08333333,34.22416667,62.19291667,83.08375,31.54,37,2025,September
Mahadevananda Mahavidyalaya,North 24 Pgs.,9/10/2025,22.772478,88.337822,59.16666667,32.83083333,59.14333333,84.70625,31.31041667,37,2025,September
Mahadevananda Mahavidyalaya,North 24 Pgs.,9/11/2025,22.772478,88.337822,55.79166667,31.52041667,55.80458333,84.02666667,31.64458333,37,2025,September
Mahadevananda Mahavidyalaya,North 24 Pgs.,9/12/2025,22.772478,88.337822,49.04166667,27.715,49.07333333,87.965,30.34625,37,2025,September
Mahadevananda Mahavidyalaya,North 24 Pgs.,9/13/2025,22.772478,88.337822,42.33333333,24.23833333,42.35875,83.79625,31.08958333,37,2025,September
Mahadevananda Mahavidyalaya,North 24 Pgs.,9/14/2025,22.772478,88.337822,43,24.78208333,43.05708333,91.94208333,29.13083333,37,2025,September
Mahadevananda Mahavidyalaya,North 24 Pgs.,9/15/2025,22.772478,88.337822,43.20833333,24.95208333,43.19583333,94.43833333,28.54458333,38,2025,September
Mahadevananda Mahavidyalaya,North 24 Pgs.,9/16/2025,22.772478,88.337822,46.83333333,27.13791667,46.78041667,93.85583333,28.4725,38,2025,September
Mahadevananda Mahavidyalaya,North 24 Pgs.,9/17/2025,22.772478,88.337822,51,29.18041667,51.0175,90.2075,29.6475,38,2025,September
Mahadevananda Mahavidyalaya,North 24 Pgs.,9/18/2025,22.772478,88.337822,48.91666667,27.93208333,48.81041667,84.9275,31.41583333,38,2025,September
Mahadevananda Mahavidyalaya,North 24 Pgs.,9/19/2025,22.772478,88.337822,64.66666667,36.77,64.60166667,88.18666667,31.13,38,2025,September
Mahadevananda Mahavidyalaya,North 24 Pgs.,9/20/2025,22.772478,88.337822,73.5,41.64375,73.53333333,92.53791667,29.48375,38,2025,September
Mahadevananda Mahavidyalaya,North 24 Pgs.,9/21/2025,22.772478,88.337822,77.29166667,44.12208333,77.21541667,85.25875,31.11125,38,2025,September
Mahadevananda Mahavidyalaya,North 24 Pgs.,9/22/2025,22.772478,88.337822,60.25,34.43083333,60.2125,90.35666667,29.44666667,39,2025,September
Mahadevananda Mahavidyalaya,North 24 Pgs.,9/23/2025,22.772478,88.337822,47.54166667,27.47333333,47.60708333,93.32333333,28.52666667,39,2025,September
Mahadevananda Mahavidyalaya,North 24 Pgs.,9/24/2025,22.772478,88.337822,52.41666667,29.85541667,52.35291667,85.97333333,30.82,39,2025,September
Mahadevananda Mahavidyalaya,North 24 Pgs.,9/25/2025,22.772478,88.337822,48.20833333,27.48083333,48.03291667,86.79708333,30.90625,39,2025,September
Mahadevananda Mahavidyalaya,North 24 Pgs.,9/26/2025,22.772478,88.337822,43.375,25.00708333,43.36958333,88.59541667,30.45166667,39,2025,September
Mahadevananda Mahavidyalaya,North 24 Pgs.,9/27/2025,22.772478,88.337822,41,23.52875,40.92041667,83.94125,31.49041667,39,2025,September
Mahadevananda Mahavidyalaya,North 24 Pgs.,9/28/2025,22.772478,88.337822,42.16666667,24.025,42.08958333,81.94041667,31.75416667,39,2025,September
Mahadevananda Mahavidyalaya,North 24 Pgs.,9/29/2025,22.772478,88.337822,50.83333333,29.08375,50.71791667,82.84166667,31.80333333,40,2025,September
Mahadevananda Mahavidyalaya,North 24 Pgs.,9/30/2025,22.772478,88.337822,52.41666667,30.25416667,52.39458333,83.37416667,31.68041667,40,2025,September
Mahadevananda Mahavidyalaya,North 24 Pgs.,10/1/2025,22.772478,88.337822,42.91666667,24.88833333,42.97291667,84.14125,30.605,40,2025,October
Mahadevananda Mahavidyalaya,North 24 Pgs.,10/2/2025,22.772478,88.337822,33.04166667,19.36291667,33.02541667,95.40625,28.29958333,40,2025,October
Mahadevananda Mahavidyalaya,North 24 Pgs.,10/3/2025,22.772478,88.337822,41.83333333,23.97291667,41.81458333,96.425,28.20208333,40,2025,October
Mahadevananda Mahavidyalaya,North 24 Pgs.,10/4/2025,22.772478,88.337822,46.54166667,26.65291667,46.52375,90.66041667,29.74458333,40,2025,October
Mahadevananda Mahavidyalaya,North 24 Pgs.,10/5/2025,22.772478,88.337822,41.83333333,24.2925,41.72625,93.005,28.20375,40,2025,October
Mahadevananda Mahavidyalaya,North 24 Pgs.,10/6/2025,22.772478,88.337822,61.95833333,35.27583333,61.9325,91.05458333,28.53208333,41,2025,October
Mahadevananda Mahavidyalaya,North 24 Pgs.,10/7/2025,22.772478,88.337822,63.625,36.67666667,63.59458333,88.355,29.4275,41,2025,October
Mahadevananda Mahavidyalaya,North 24 Pgs.,10/8/2025,22.772478,88.337822,72.75,41.66791667,73.03375,92.16833333,28.30291667,41,2025,October
Mahadevananda Mahavidyalaya,North 24 Pgs.,10/9/2025,22.772478,88.337822,82.91666667,47.115,83.08,88.44291667,29.16791667,41,2025,October
Mahadevananda Mahavidyalaya,North 24 Pgs.,10/10/2025,22.772478,88.337822,69.75,39.9275,69.76625,91.89541667,28.19541667,41,2025,October
Mahadevananda Mahavidyalaya,North 24 Pgs.,10/11/2025,22.772478,88.337822,69.04166667,37.96833333,69.05208333,84.64458333,29.47375,41,2025,October
Mahadevananda Mahavidyalaya,North 24 Pgs.,10/12/2025,22.772478,88.337822,77.79166667,42.14041667,78.03166667,81.36041667,29.87833333,41,2025,October
Mahadevananda Mahavidyalaya,North 24 Pgs.,10/13/2025,22.772478,88.337822,76.70833333,42.22125,76.80833333,78.12416667,29.6675,42,2025,October
Mahadevananda Mahavidyalaya,North 24 Pgs.,10/14/2025,22.772478,88.337822,81.66666667,44.98166667,81.73583333,78.31916667,29.45125,42,2025,October
Mahadevananda Mahavidyalaya,North 24 Pgs.,10/15/2025,22.772478,88.337822,82.625,45.82291667,82.70041667,76.16208333,29.21833333,42,2025,October
Mahadevananda Mahavidyalaya,North 24 Pgs.,10/16/2025,22.772478,88.337822,87.52173913,48.28521739,87.55782609,75.82652174,28.57347826,42,2025,October
Mahadevananda Mahavidyalaya,North 24 Pgs.,10/17/2025,22.772478,88.337822,102.9166667,56.37958333,102.1820833,76.87833333,29.40541667,42,2025,October
Mahadevananda Mahavidyalaya,North 24 Pgs.,10/18/2025,22.772478,88.337822,93.75,52.66,94.45708333,78.16083333,30.25375,42,2025,October
Mahadevananda Mahavidyalaya,North 24 Pgs.,10/19/2025,22.772478,88.337822,86.91666667,48.97041667,87.18208333,80.38458333,30.71666667,42,2025,October
Mahadevananda Mahavidyalaya,North 24 Pgs.,10/20/2025,22.772478,88.337822,88.91666667,48.81666667,85.93291667,81.13708333,30.76041667,43,2025,October
Mahadevananda Mahavidyalaya,North 24 Pgs.,10/21/2025,22.772478,88.337822,96.04166667,53.54583333,94.88125,76.48541667,30.57,43,2025,October
Mahadevananda Mahavidyalaya,North 24 Pgs.,10/22/2025,22.772478,88.337822,95.375,53.83375,95.67833333,77.48291667,30.22541667,43,2025,October
Mahadevananda Mahavidyalaya,North 24 Pgs.,10/23/2025,22.772478,88.337822,88.29166667,49.24916667,88.08833333,75.02041667,30.38625,43,2025,October
Mahadevananda Mahavidyalaya,North 24 Pgs.,10/24/2025,22.772478,88.337822,86.41666667,48.20041667,86.52041667,73.76083333,30.32458333,43,2025,October
Mahadevananda Mahavidyalaya,North 24 Pgs.,10/25/2025,22.772478,88.337822,89.79166667,50.61333333,90.02083333,75.95125,30.29708333,43,2025,October
Mahadevananda Mahavidyalaya,North 24 Pgs.,10/26/2025,22.772478,88.337822,89.33333333,50.24458333,89.41208333,81.11791667,29.86875,43,2025,October
Mahadevananda Mahavidyalaya,North 24 Pgs.,10/27/2025,22.772478,88.337822,87.5,49.48583333,88.08458333,76.91541667,31.00916667,44,2025,October
Mahadevananda Mahavidyalaya,North 24 Pgs.,10/28/2025,22.772478,88.337822,68.5,38.87291667,68.47,80.0275,30.33791667,44,2025,October
Mahadevananda Mahavidyalaya,North 24 Pgs.,10/29/2025,22.772478,88.337822,44.625,25.3475,44.65375,94.24,27.17791667,44,2025,October
Mahadevananda Mahavidyalaya,North 24 Pgs.,10/30/2025,22.772478,88.337822,42.41666667,24.27666667,42.46416667,92.23291667,27.99541667,44,2025,October
Mahadevananda Mahavidyalaya,North 24 Pgs.,10/31/2025,22.772478,88.337822,49.875,28.42458333,49.86166667,87.28666667,29.35916667,44,2025,October
Mahadevananda Mahavidyalaya,North 24 Pgs.,11/1/2025,22.772478,88.337822,52.91666667,30.14583333,52.84958333,87.47541667,29.4525,44,2025,November
Mahadevananda Mahavidyalaya,North 24 Pgs.,11/2/2025,22.772478,88.337822,41.29166667,23.67166667,41.35708333,86.75916667,26.85833333,44,2025,November
Mahadevananda Mahavidyalaya,North 24 Pgs.,11/3/2025,22.772478,88.337822,78.16666667,43.995,78.62541667,79.54041667,27.3225,45,2025,November
Mahadevananda Mahavidyalaya,North 24 Pgs.,11/4/2025,22.772478,88.337822,156.8695652,77.07347826,137.6895652,82.34608696,26.59913043,45,2025,November
Mahadevananda Mahavidyalaya,North 24 Pgs.,11/5/2025,22.772478,88.337822,147.9583333,73.90583333,131.905,79.79,27.05875,45,2025,November
Mahadevananda Mahavidyalaya,North 24 Pgs.,11/6/2025,22.772478,88.337822,126.5,66.17041667,118.4779167,79.94416667,28.08416667,45,2025,November
Mahadevananda Mahavidyalaya,North 24 Pgs.,11/7/2025,22.772478,88.337822,108.5833333,59.7625,106.6695833,78.05125,28.18,45,2025,November
Mahadevananda Mahavidyalaya,North 24 Pgs.,11/8/2025,22.772478,88.337822,74.20833333,40.67333333,74.15708333,66.96333333,26.40541667,45,2025,November
Mahadevananda Mahavidyalaya,North 24 Pgs.,11/9/2025,22.772478,88.337822,79.29166667,43.07,79.32916667,66.01916667,25.24208333,45,2025,November
Mahadevananda Mahavidyalaya,North 24 Pgs.,11/10/2025,22.772478,88.337822,98.91666667,55.355,99.85708333,70.55458333,25.30041667,46,2025,November
Mahadevananda Mahavidyalaya,North 24 Pgs.,11/11/2025,22.772478,88.337822,102,56.66166667,103.055,66.97583333,24.62333333,46,2025,November
Mahadevananda Mahavidyalaya,North 24 Pgs.,11/12/2025,22.772478,88.337822,115.9166667,64.01,116.2291667,66.98375,24.11708333,46,2025,November
Mahadevananda Mahavidyalaya,North 24 Pgs.,11/13/2025,22.772478,88.337822,111.9166667,61.72041667,111.5175,68.29916667,24.1925,46,2025,November
Mahadevananda Mahavidyalaya,North 24 Pgs.,11/14/2025,22.772478,88.337822,102.625,56.98333333,102.8095833,69.3,24.03916667,46,2025,November
Mahadevananda Mahavidyalaya,North 24 Pgs.,11/15/2025,22.772478,88.337822,92.25,51.7475,92.6075,69.07666667,24.42708333,46,2025,November
Mahadevananda Mahavidyalaya,North 24 Pgs.,11/16/2025,22.772478,88.337822,103.4583333,57.785,104.0783333,70.38083333,24.20291667,46,2025,November
Mahadevananda Mahavidyalaya,North 24 Pgs.,11/17/2025,22.772478,88.337822,92.95833333,52.23291667,93.79,70.97708333,24.76833333,47,2025,November
Mahadevananda Mahavidyalaya,North 24 Pgs.,11/18/2025,22.772478,88.337822,84.79166667,47.31083333,85.42083333,71.84916667,25.15,47,2025,November
Mahadevananda Mahavidyalaya,North 24 Pgs.,11/19/2025,22.772478,88.337822,92.70833333,50.25291667,91.63833333,70.54166667,25.68833333,47,2025,November
Mahadevananda Mahavidyalaya,North 24 Pgs.,11/20/2025,22.772478,88.337822,94.58333333,51.91916667,94.5725,67.89916667,25.46083333,47,2025,November
Mahadevananda Mahavidyalaya,North 24 Pgs.,11/21/2025,22.772478,88.337822,117.9166667,62.28375,111.9091667,70.09916667,25.06916667,47,2025,November
Mahadevananda Mahavidyalaya,North 24 Pgs.,11/22/2025,22.772478,88.337822,146.75,73.2925,131.76875,74.50541667,24.50041667,47,2025,November
Mahadevananda Mahavidyalaya,North 24 Pgs.,11/23/2025,22.772478,88.337822,147.375,73.08041667,130.8254167,74.73958333,24.53,47,2025,November
Mahadevananda Mahavidyalaya,North 24 Pgs.,11/24/2025,22.772478,88.337822,136.0833333,70.74833333,126.5408333,72.98166667,23.79666667,48,2025,November
Mahadevananda Mahavidyalaya,North 24 Pgs.,11/25/2025,22.772478,88.337822,129.5,68.30666667,123.4508333,68.65666667,22.65958333,48,2025,November
Mahadevananda Mahavidyalaya,North 24 Pgs.,11/26/2025,22.772478,88.337822,107.5833333,59.95,108.2841667,65.795,22.5275,48,2025,November
Mahadevananda Mahavidyalaya,North 24 Pgs.,11/27/2025,22.772478,88.337822,93.70833333,52.30583333,94.19083333,71.81166667,23.41958333,48,2025,November
Mahadevananda Mahavidyalaya,North 24 Pgs.,11/28/2025,22.772478,88.337822,95.66666667,52.68916667,95.42708333,73.25041667,24.33583333,48,2025,November
Mahadevananda Mahavidyalaya,North 24 Pgs.,11/29/2025,22.772478,88.337822,108.125,58.62958333,106.8333333,73.27208333,23.67291667,48,2025,November
Mahadevananda Mahavidyalaya,North 24 Pgs.,11/30/2025,22.772478,88.337822,110.9583333,61.14583333,110.145,75.29125,23.39291667,48,2025,November
Mahadevananda Mahavidyalaya,North 24 Pgs.,12/1/2025,22.772478,88.337822,166,79.77,145.1,93.02,21.18,49,2025,December
Mohanpur G.P.,North 24 Pgs.,8/31/2025,22.7709816,88.394588,48.16666667,26.84,48.17583333,72.35541667,31.2225,35,2025,August
Mohanpur G.P.,North 24 Pgs.,9/1/2025,22.7709816,88.394588,60.95833333,33.76958333,60.97416667,70.09458333,32.48375,36,2025,September
Mohanpur G.P.,North 24 Pgs.,9/2/2025,22.7709816,88.394588,36.23809524,20.84619048,36.31428571,78.18809524,29.19809524,36,2025,September
Mohanpur G.P.,North 24 Pgs.,9/3/2025,22.7709816,88.394588,32.76923077,18.85846154,32.58461538,79.78384615,28.69307692,36,2025,September
Mohanpur G.P.,North 24 Pgs.,9/4/2025,22.7709816,88.394588,39.82352941,22.64058824,39.76941176,72.73941176,30.86470588,36,2025,September
Mohanpur G.P.,North 24 Pgs.,9/5/2025,22.7709816,88.394588,53.66666667,29.63875,53.67041667,71.44583333,31.095,36,2025,September
Mohanpur G.P.,North 24 Pgs.,9/6/2025,22.7709816,88.394588,62.375,34.1125,62.36916667,67.92666667,31.99625,36,2025,September
Mohanpur G.P.,North 24 Pgs.,9/7/2025,22.7709816,88.394588,60.20833333,32.93375,60.14041667,67.24375,31.97916667,36,2025,September
Mohanpur G.P.,North 24 Pgs.,9/8/2025,22.7709816,88.394588,58.125,31.64583333,58.12791667,65.925,32.20791667,37,2025,September
Mohanpur G.P.,North 24 Pgs.,9/9/2025,22.7709816,88.394588,63.04166667,34.40583333,62.97125,66.57125,32.10333333,37,2025,September
Mohanpur G.P.,North 24 Pgs.,9/10/2025,22.7709816,88.394588,61.75,33.75833333,61.71375,66.07291667,32.29041667,37,2025,September
Mohanpur G.P.,North 24 Pgs.,9/11/2025,22.7709816,88.394588,58.20833333,32.10208333,58.2975,67.73166667,32.24916667,37,2025,September
Mohanpur G.P.,North 24 Pgs.,9/12/2025,22.7709816,88.394588,49.375,27.78791667,49.40333333,75.73,30.42833333,37,2025,September
Mohanpur G.P.,North 24 Pgs.,9/13/2025,22.7709816,88.394588,46.45833333,25.70833333,46.43125,69.67833333,31.37958333,37,2025,September
Mohanpur G.P.,North 24 Pgs.,9/14/2025,22.7709816,88.394588,48.31818182,27.14772727,48.21954545,79.23863636,29.23954545,37,2025,September
Mohanpur G.P.,North 24 Pgs.,9/15/2025,22.7709816,88.394588,48.75,27.6875,48.68833333,81.22708333,28.77375,38,2025,September
Mohanpur G.P.,North 24 Pgs.,9/16/2025,22.7709816,88.394588,53.95833333,30.76958333,53.95166667,81.425,28.47666667,38,2025,September
Mohanpur G.P.,North 24 Pgs.,9/17/2025,22.7709816,88.394588,54.45833333,30.69375,54.5025,75.86916667,29.92333333,38,2025,September
Mohanpur G.P.,North 24 Pgs.,9/18/2025,22.7709816,88.394588,55.83333333,30.9625,55.76708333,68.67666667,32.08666667,38,2025,September
Mohanpur G.P.,North 24 Pgs.,9/19/2025,22.7709816,88.394588,76.58333333,43.00291667,76.55291667,73.11791667,31.47958333,38,2025,September
Mohanpur G.P.,North 24 Pgs.,9/20/2025,22.7709816,88.394588,87.54545455,49.44545455,87.56090909,78.78727273,30.60090909,38,2025,September
Mohanpur G.P.,North 24 Pgs.,9/22/2025,22.7709816,88.394588,77.2,43.414,77.118,79.778,28.812,39,2025,September
Mohanpur G.P.,North 24 Pgs.,9/23/2025,22.7709816,88.394588,53.95833333,30.81625,53.94,80.92166667,28.4825,39,2025,September
Mohanpur G.P.,North 24 Pgs.,9/24/2025,22.7709816,88.394588,58.04166667,33.12291667,58.0825,73.51541667,30.6875,39,2025,September
Mohanpur G.P.,North 24 Pgs.,9/25/2025,22.7709816,88.394588,55.58333333,31.52291667,55.65,74.19625,30.89708333,39,2025,September
Mohanpur G.P.,North 24 Pgs.,9/26/2025,22.7709816,88.394588,44.04166667,25.22458333,44.13916667,75.50833333,30.61875,39,2025,September
Mohanpur G.P.,North 24 Pgs.,9/27/2025,22.7709816,88.394588,42.41666667,24.27958333,42.47083333,73.09625,30.90291667,39,2025,September
Mohanpur G.P.,North 24 Pgs.,9/28/2025,22.7709816,88.394588,43.83333333,24.70791667,43.84041667,69.92416667,31.56166667,39,2025,September
Mohanpur G.P.,North 24 Pgs.,9/29/2025,22.7709816,88.394588,56.625,31.81791667,56.66541667,68.39875,32.115,40,2025,September
Mohanpur G.P.,North 24 Pgs.,9/30/2025,22.7709816,88.394588,64.04166667,36.11666667,64.05458333,68.12375,32.15375,40,2025,September
Mohanpur G.P.,North 24 Pgs.,10/1/2025,22.7709816,88.394588,50.75,28.91125,50.85208333,71.61125,30.62333333,40,2025,October
Mohanpur G.P.,North 24 Pgs.,10/2/2025,22.7709816,88.394588,33.41666667,19.40583333,33.36625,82.90458333,28.37083333,40,2025,October
Mohanpur G.P.,North 24 Pgs.,10/3/2025,22.7709816,88.394588,42.04166667,24.04625,41.93708333,85.07166667,28.0425,40,2025,October
Mohanpur G.P.,North 24 Pgs.,10/4/2025,22.7709816,88.394588,47.66666667,26.87791667,47.69833333,78.25333333,29.72166667,40,2025,October
Mohanpur G.P.,North 24 Pgs.,10/5/2025,22.7709816,88.394588,46,26.04583333,45.96458333,80.27791667,28.25791667,40,2025,October
Mohanpur G.P.,North 24 Pgs.,10/6/2025,22.7709816,88.394588,76.04166667,42.85375,76.21166667,79.63916667,28.29791667,41,2025,October
Mohanpur G.P.,North 24 Pgs.,10/7/2025,22.7709816,88.394588,81.88235294,46.31823529,81.93705882,83.50823529,27.22352941,41,2025,October
Mohanpur G.P.,North 24 Pgs.,10/8/2025,22.7709816,88.394588,86.33333333,48.79708333,86.39791667,80.03333333,28.37166667,41,2025,October
Mohanpur G.P.,North 24 Pgs.,10/9/2025,22.7709816,88.394588,95.79166667,53.86625,95.69583333,78.9025,28.71208333,41,2025,October
Mohanpur G.P.,North 24 Pgs.,10/10/2025,22.7709816,88.394588,85.29166667,48.56125,85.94833333,80.08041667,28.20125,41,2025,October
Mohanpur G.P.,North 24 Pgs.,10/11/2025,22.7709816,88.394588,77.91666667,43.10541667,77.88,73.50083333,29.06958333,41,2025,October
Mohanpur G.P.,North 24 Pgs.,10/12/2025,22.7709816,88.394588,87.95833333,48.39125,87.93583333,69.57083333,29.57916667,41,2025,October
Mohanpur G.P.,North 24 Pgs.,10/13/2025,22.7709816,88.394588,90,49.69875,90.005,66.27625,29.38375,42,2025,October
Mohanpur G.P.,North 24 Pgs.,10/14/2025,22.7709816,88.394588,99.54166667,54.97791667,99.21916667,65.43541667,29.25458333,42,2025,October
Mohanpur G.P.,North 24 Pgs.,10/15/2025,22.7709816,88.394588,99.08333333,55.64458333,100.0854167,62.30708333,28.94916667,42,2025,October
Mohanpur G.P.,North 24 Pgs.,10/16/2025,22.7709816,88.394588,104.5833333,58.02125,104.3866667,62.37625,28.59708333,42,2025,October
Mohanpur G.P.,North 24 Pgs.,10/17/2025,22.7709816,88.394588,123.9583333,66.84416667,119.3445833,65.34625,29.21875,42,2025,October
Mohanpur G.P.,North 24 Pgs.,10/18/2025,22.7709816,88.394588,120.625,64.42916667,114.6391667,66.92625,30.02625,42,2025,October
Mohanpur G.P.,North 24 Pgs.,10/19/2025,22.7709816,88.394588,100.9583333,55.76208333,99.66916667,67.84958333,30.65083333,42,2025,October
Mohanpur G.P.,North 24 Pgs.,10/20/2025,22.7709816,88.394588,122.4583333,62.76583333,111.0458333,67.89083333,30.74208333,43,2025,October
Mohanpur G.P.,North 24 Pgs.,10/21/2025,22.7709816,88.394588,157.3333333,76.655,135.9970833,65.02791667,30.32458333,43,2025,October
Mohanpur G.P.,North 24 Pgs.,10/22/2025,22.7709816,88.394588,148.4583333,74.09791667,131.7075,65.76958333,29.90958333,43,2025,October
Mohanpur G.P.,North 24 Pgs.,10/23/2025,22.7709816,88.394588,121.4583333,62.03,110.52,63.36208333,29.98625,43,2025,October
Mohanpur G.P.,North 24 Pgs.,10/24/2025,22.7709816,88.394588,130.1904762,66.83571429,118.8619048,66.27952381,29.50428571,43,2025,October
Mohanpur G.P.,North 24 Pgs.,10/25/2025,22.7709816,88.394588,138.4375,70.4475,125.204375,66.7275,30.170625,43,2025,October
Mohanpur G.P.,North 24 Pgs.,10/28/2025,22.7709816,88.394588,53.44444444,29.78444444,51.62222222,74.46,37.44111111,44,2025,October
Mohanpur G.P.,North 24 Pgs.,10/29/2025,22.7709816,88.394588,51.875,28.58041667,51.88166667,83.66791667,26.84541667,44,2025,October
Mohanpur G.P.,North 24 Pgs.,10/30/2025,22.7709816,88.394588,49.375,27.79375,49.36416667,80.81,35.92083333,44,2025,October
Mohanpur G.P.,North 24 Pgs.,10/31/2025,22.7709816,88.394588,65.125,36.56541667,65.18875,79.22875,44.26958333,44,2025,October
Mohanpur G.P.,North 24 Pgs.,11/1/2025,22.7709816,88.394588,83.08333333,44.72125,78.86666667,79.13666667,50.60291667,44,2025,November
Mohanpur G.P.,North 24 Pgs.,11/2/2025,22.7709816,88.394588,48.45833333,27.02083333,48.42916667,72.25458333,26.98458333,44,2025,November
Mohanpur G.P.,North 24 Pgs.,11/3/2025,22.7709816,88.394588,124.25,60.33416667,107.5325,73.31291667,42.05875,45,2025,November
Mohanpur G.P.,North 24 Pgs.,11/4/2025,22.7709816,88.394588,249.9166667,105.2620833,187.6091667,68.895,28.56708333,45,2025,November
Mohanpur G.P.,North 24 Pgs.,11/5/2025,22.7709816,88.394588,257.2916667,108.0395833,173.73375,69.65,36.52166667,45,2025,November
Mohanpur G.P.,North 24 Pgs.,11/6/2025,22.7709816,88.394588,240.8333333,102.3891667,138.79125,78.25,53.145,45,2025,November
Mohanpur G.P.,North 24 Pgs.,11/7/2025,22.7709816,88.394588,215.9583333,94.77375,125.9066667,75.56458333,52.03166667,45,2025,November
Mohanpur G.P.,North 24 Pgs.,11/8/2025,22.7709816,88.394588,102.7083333,58.31625,85.23291667,64.9,46.84791667,45,2025,November
Mohanpur G.P.,North 24 Pgs.,11/9/2025,22.7709816,88.394588,121.8695652,65.28956522,99.20869565,69.55913043,53.32565217,45,2025,November
Mohanpur G.P.,North 24 Pgs.,11/10/2025,22.7709816,88.394588,179.5833333,83.87625,121.285,73.71916667,54.81,46,2025,November
Mohanpur G.P.,North 24 Pgs.,11/11/2025,22.7709816,88.394588,181.9583333,84.54416667,125.6933333,73.65041667,54.395,46,2025,November
Mohanpur G.P.,North 24 Pgs.,11/12/2025,22.7709816,88.394588,234.2083333,100.37625,148.1791667,76.42541667,54.31791667,46,2025,November
Mohanpur G.P.,North 24 Pgs.,11/13/2025,22.7709816,88.394588,202.4583333,90.75583333,130.8945833,66.75625,33.1925,46,2025,November
Mohanpur G.P.,North 24 Pgs.,11/14/2025,22.7709816,88.394588,189.25,86.58916667,128.37,75.18166667,47.16708333,46,2025,November
Mohanpur G.P.,North 24 Pgs.,11/15/2025,22.7709816,88.394588,149.5,74.18916667,108.4033333,62.00541667,23.63958333,46,2025,November
Mohanpur G.P.,North 24 Pgs.,11/16/2025,22.7709816,88.394588,146.6666667,73.72333333,106.8016667,62.30666667,23.62208333,46,2025,November
Mohanpur G.P.,North 24 Pgs.,11/17/2025,22.7709816,88.394588,129.3333333,66.85666667,95.52125,61.87041667,24.09833333,47,2025,November
Mohanpur G.P.,North 24 Pgs.,11/18/2025,22.7709816,88.394588,103.7083333,57.2175,82.93875,62.00041667,24.39416667,47,2025,November
Mohanpur G.P.,North 24 Pgs.,11/19/2025,22.7709816,88.394588,95.58333333,52.84458333,76.73708333,60.86666667,24.7725,47,2025,November
Mohanpur G.P.,North 24 Pgs.,11/20/2025,22.7709816,88.394588,137.5,67.94625,98.85875,59.93958333,24.87416667,47,2025,November
Mohanpur G.P.,North 24 Pgs.,11/21/2025,22.7709816,88.394588,187.3333333,86.34875,124.3654167,61.71458333,24.37458333,47,2025,November
Mohanpur G.P.,North 24 Pgs.,11/22/2025,22.7709816,88.394588,224.3333333,97.2675,137.7833333,63.82875,23.84625,47,2025,November
Mohanpur G.P.,North 24 Pgs.,11/23/2025,22.7709816,88.394588,213.6666667,94.19,132.6925,65.79041667,23.6925,47,2025,November
Mohanpur G.P.,North 24 Pgs.,11/24/2025,22.7709816,88.394588,212.2083333,93.6825,133.3575,63.14791667,23.06791667,48,2025,November
Mohanpur G.P.,North 24 Pgs.,11/25/2025,22.7709816,88.394588,218.7916667,95.64708333,142.53625,60.075,22.145,48,2025,November
Mohanpur G.P.,North 24 Pgs.,11/26/2025,22.7709816,88.394588,188.5,86.5475,132.0095833,56.11416667,22.03708333,48,2025,November
Mohanpur G.P.,North 24 Pgs.,11/27/2025,22.7709816,88.394588,152,73.11541667,108.8925,62.70833333,22.87,48,2025,November
Mohanpur G.P.,North 24 Pgs.,11/28/2025,22.7709816,88.394588,138.125,69.04291667,100.7195833,63.79208333,23.41333333,48,2025,November
Mohanpur G.P.,North 24 Pgs.,11/29/2025,22.7709816,88.394588,144.5,72.55583333,106.005,64.37416667,23.04083333,48,2025,November
Mohanpur G.P.,North 24 Pgs.,11/30/2025,22.7709816,88.394588,183.7083333,85.11708333,121.96625,64.8625,22.94958333,48,2025,November
Mohanpur G.P.,North 24 Pgs.,12/1/2025,22.7709816,88.394588,231,99.28,145.7,80.93,19.98,49,2025,December
Mohanpur G.P.(Chak Kanthalia),North 24 Pgs.,8/31/2025,22.762725,88.3881883,49.15789474,26.08578947,49.25894737,85.49947368,30.29263158,35,2025,August
Mohanpur G.P.(Chak Kanthalia),North 24 Pgs.,9/1/2025,22.762725,88.3881883,56.25,29.78958333,56.20375,78.79416667,32.49666667,36,2025,September
Mohanpur G.P.(Chak Kanthalia),North 24 Pgs.,9/2/2025,22.762725,88.3881883,36.91304348,20.34695652,36.92956522,93.31304348,28.84217391,36,2025,September
Mohanpur G.P.(Chak Kanthalia),North 24 Pgs.,9/3/2025,22.762725,88.3881883,32.20833333,18.10916667,32.21458333,89.15,28.70916667,36,2025,September
Mohanpur G.P.(Chak Kanthalia),North 24 Pgs.,9/4/2025,22.762725,88.3881883,38.375,20.84375,38.3025,86.08083333,29.91458333,36,2025,September
Mohanpur G.P.(Chak Kanthalia),North 24 Pgs.,9/5/2025,22.762725,88.3881883,50.875,26.95958333,50.90916667,80.32541667,31.43333333,36,2025,September
Mohanpur G.P.(Chak Kanthalia),North 24 Pgs.,9/6/2025,22.762725,88.3881883,59.77272727,31.33409091,59.63090909,78.21863636,31.88681818,36,2025,September
Mohanpur G.P.(Chak Kanthalia),North 24 Pgs.,9/7/2025,22.762725,88.3881883,83.45833333,42.13708333,78.14916667,77.41666667,31.88958333,36,2025,September
Mohanpur G.P.(Chak Kanthalia),North 24 Pgs.,9/8/2025,22.762725,88.3881883,62.45833333,32.35416667,61.41291667,76.09125,32.06416667,37,2025,September
Mohanpur G.P.(Chak Kanthalia),North 24 Pgs.,9/9/2025,22.762725,88.3881883,59,31.07291667,59.00708333,76.40666667,32.16791667,37,2025,September
Mohanpur G.P.(Chak Kanthalia),North 24 Pgs.,9/10/2025,22.762725,88.3881883,57.33333333,30.52291667,57.34583333,75.73916667,32.42958333,37,2025,September
Mohanpur G.P.(Chak Kanthalia),North 24 Pgs.,9/11/2025,22.762725,88.3881883,53.875,28.84666667,53.87666667,77.08583333,32.40375,37,2025,September
Mohanpur G.P.(Chak Kanthalia),North 24 Pgs.,9/12/2025,22.762725,88.3881883,47.79166667,25.57666667,47.79333333,82.51583333,30.84375,37,2025,September
Mohanpur G.P.(Chak Kanthalia),North 24 Pgs.,9/13/2025,22.762725,88.3881883,46.33333333,24.45416667,46.36791667,78.18333333,31.65708333,37,2025,September
Mohanpur G.P.(Chak Kanthalia),North 24 Pgs.,9/14/2025,22.762725,88.3881883,49.5,26.75791667,49.47708333,87.33458333,29.51375,37,2025,September
Mohanpur G.P.(Chak Kanthalia),North 24 Pgs.,9/15/2025,22.762725,88.3881883,45.83333333,24.97875,45.81833333,89.77958333,29.07458333,38,2025,September
Mohanpur G.P.(Chak Kanthalia),North 24 Pgs.,9/16/2025,22.762725,88.3881883,51.5,28.08666667,51.375,89.57458333,28.88875,38,2025,September
Mohanpur G.P.(Chak Kanthalia),North 24 Pgs.,9/17/2025,22.762725,88.3881883,52.95833333,28.58416667,53.02,84.78541667,30.34125,38,2025,September
Mohanpur G.P.(Chak Kanthalia),North 24 Pgs.,9/18/2025,22.762725,88.3881883,54.04166667,29.03708333,54.17458333,78.62291667,32.23166667,38,2025,September
Mohanpur G.P.(Chak Kanthalia),North 24 Pgs.,9/19/2025,22.762725,88.3881883,66.79166667,36.32541667,66.76875,82.25416667,31.61541667,38,2025,September
Mohanpur G.P.(Chak Kanthalia),North 24 Pgs.,9/20/2025,22.762725,88.3881883,70.41666667,38.6575,70.42875,88.24125,29.73541667,38,2025,September
Mohanpur G.P.(Chak Kanthalia),North 24 Pgs.,9/21/2025,22.762725,88.3881883,79.375,43.8775,79.40041667,82.30291667,31.1125,38,2025,September
Mohanpur G.P.(Chak Kanthalia),North 24 Pgs.,9/22/2025,22.762725,88.3881883,61.79166667,34.14166667,61.90208333,85.69791667,29.68208333,39,2025,September
Mohanpur G.P.(Chak Kanthalia),North 24 Pgs.,9/23/2025,22.762725,88.3881883,48.625,27.03291667,48.51416667,95.14791667,28.45125,39,2025,September
Mohanpur G.P.(Chak Kanthalia),North 24 Pgs.,9/24/2025,22.762725,88.3881883,51.25,28.39583333,51.2375,84.01916667,30.695,39,2025,September
Mohanpur G.P.(Chak Kanthalia),North 24 Pgs.,9/25/2025,22.762725,88.3881883,49.25,27.175,49.3025,84.45291667,30.69916667,39,2025,September
Mohanpur G.P.(Chak Kanthalia),North 24 Pgs.,9/26/2025,22.762725,88.3881883,40.79166667,22.77166667,40.84166667,85.97708333,30.38041667,39,2025,September
Mohanpur G.P.(Chak Kanthalia),North 24 Pgs.,9/27/2025,22.762725,88.3881883,41.5,22.765,41.36958333,82.5,31.06916667,39,2025,September
Mohanpur G.P.(Chak Kanthalia),North 24 Pgs.,9/28/2025,22.762725,88.3881883,41.54166667,22.54791667,41.67416667,78.90541667,31.71291667,39,2025,September
Mohanpur G.P.(Chak Kanthalia),North 24 Pgs.,9/29/2025,22.762725,88.3881883,49.45833333,26.54041667,49.44125,77.60333333,32.06333333,40,2025,September
Mohanpur G.P.(Chak Kanthalia),North 24 Pgs.,9/30/2025,22.762725,88.3881883,54.75,29.85041667,54.68958333,78.28125,32.07291667,40,2025,September
Mohanpur G.P.(Chak Kanthalia),North 24 Pgs.,10/1/2025,22.762725,88.3881883,45.75,25.00125,45.75583333,80.68291667,30.66833333,40,2025,October
Mohanpur G.P.(Chak Kanthalia),North 24 Pgs.,10/2/2025,22.762725,88.3881883,33.45833333,18.9325,33.44458333,93.80166667,28.26875,40,2025,October
Mohanpur G.P.(Chak Kanthalia),North 24 Pgs.,10/3/2025,22.762725,88.3881883,41.45833333,23.0925,41.38208333,99,28.07041667,40,2025,October
Mohanpur G.P.(Chak Kanthalia),North 24 Pgs.,10/4/2025,22.762725,88.3881883,46,24.93208333,46.02791667,89.79625,30.13458333,40,2025,October
Mohanpur G.P.(Chak Kanthalia),North 24 Pgs.,10/5/2025,22.762725,88.3881883,42.875,23.37916667,42.845,88.4625,28.86583333,40,2025,October
Mohanpur G.P.(Chak Kanthalia),North 24 Pgs.,10/6/2025,22.762725,88.3881883,65.375,35.59333333,65.32708333,87.77791667,28.72,41,2025,October
Mohanpur G.P.(Chak Kanthalia),North 24 Pgs.,10/7/2025,22.762725,88.3881883,66.375,36.88375,66.44291667,85.19375,29.33666667,41,2025,October
Mohanpur G.P.(Chak Kanthalia),North 24 Pgs.,10/8/2025,22.762725,88.3881883,66.30769231,36.44538462,66.32692308,88.10230769,28.78538462,41,2025,October
Mohanpur G.P.(Chak Kanthalia),North 24 Pgs.,10/9/2025,22.762725,88.3881883,79.7,44.855,79.63,87.314,29.026,41,2025,October
Mohanpur G.P.(Chak Kanthalia),North 24 Pgs.,10/10/2025,22.762725,88.3881883,74.45833333,42.04,74.40125,87.145,28.74416667,41,2025,October
Mohanpur G.P.(Chak Kanthalia),North 24 Pgs.,10/11/2025,22.762725,88.3881883,66.54166667,36.53291667,66.58375,80.15333333,29.62708333,41,2025,October
Mohanpur G.P.(Chak Kanthalia),North 24 Pgs.,10/12/2025,22.762725,88.3881883,71.5,38.74833333,71.49291667,76.4525,30.05416667,41,2025,October
Mohanpur G.P.(Chak Kanthalia),North 24 Pgs.,10/13/2025,22.762725,88.3881883,72.25,39.15583333,72.15833333,71.925,29.98083333,42,2025,October
Mohanpur G.P.(Chak Kanthalia),North 24 Pgs.,10/14/2025,22.762725,88.3881883,79.20833333,43.09083333,79.15916667,71.67875,29.80875,42,2025,October
Mohanpur G.P.(Chak Kanthalia),North 24 Pgs.,10/15/2025,22.762725,88.3881883,82.79166667,45.18458333,82.72708333,68.37791667,29.56208333,42,2025,October
Mohanpur G.P.(Chak Kanthalia),North 24 Pgs.,10/16/2025,22.762725,88.3881883,85.33333333,46.61833333,85.45416667,67.78666667,29.26458333,42,2025,October
Mohanpur G.P.(Chak Kanthalia),North 24 Pgs.,10/17/2025,22.762725,88.3881883,96.16666667,53.31541667,96.72416667,70.18541667,29.965,42,2025,October
Mohanpur G.P.(Chak Kanthalia),North 24 Pgs.,10/18/2025,22.762725,88.3881883,94.45833333,52.70458333,95.05166667,70.91,30.8175,42,2025,October
Mohanpur G.P.(Chak Kanthalia),North 24 Pgs.,10/19/2025,22.762725,88.3881883,86.29166667,47.8925,86.65458333,73.6775,31.33666667,42,2025,October
Mohanpur G.P.(Chak Kanthalia),North 24 Pgs.,10/20/2025,22.762725,88.3881883,92.16666667,49.2275,88.40791667,74.99875,31.27416667,43,2025,October
Mohanpur G.P.(Chak Kanthalia),North 24 Pgs.,10/21/2025,22.762725,88.3881883,110.5416667,58.63,105.65875,70.99291667,30.91291667,43,2025,October
Mohanpur G.P.(Chak Kanthalia),North 24 Pgs.,10/22/2025,22.762725,88.3881883,103.9583333,57.88,104.4695833,70.53875,30.62041667,43,2025,October
Mohanpur G.P.(Chak Kanthalia),North 24 Pgs.,10/23/2025,22.762725,88.3881883,89.375,48.52916667,89.01333333,68.30958333,30.82291667,43,2025,October
Mohanpur G.P.(Chak Kanthalia),North 24 Pgs.,10/24/2025,22.762725,88.3881883,89.58333333,49.24041667,89.9325,67.20375,30.79541667,43,2025,October
Mohanpur G.P.(Chak Kanthalia),North 24 Pgs.,10/25/2025,22.762725,88.3881883,99.16666667,55.38,100.3145833,70.82083333,30.76166667,43,2025,October
Mohanpur G.P.(Chak Kanthalia),North 24 Pgs.,10/26/2025,22.762725,88.3881883,89.29166667,49.42583333,89.25708333,74.33541667,30.81833333,43,2025,October
Mohanpur G.P.(Chak Kanthalia),North 24 Pgs.,10/27/2025,22.762725,88.3881883,90.04166667,50.30625,90.21791667,73.6425,31.18,44,2025,October
Mohanpur G.P.(Chak Kanthalia),North 24 Pgs.,10/28/2025,22.762725,88.3881883,73.5,40.9775,73.74125,76.44791667,30.37291667,44,2025,October
Mohanpur G.P.(Chak Kanthalia),North 24 Pgs.,10/29/2025,22.762725,88.3881883,44.04166667,24.67708333,44.08708333,89.81333333,27.52708333,44,2025,October
Mohanpur G.P.(Chak Kanthalia),North 24 Pgs.,10/30/2025,22.762725,88.3881883,38.5,21.4025,38.3875,83.268125,29.47125,44,2025,October
Mohanpur G.P.(Chak Kanthalia),North 24 Pgs.,11/1/2025,22.762725,88.3881883,54.11111111,29.60222222,54.04,79.10222222,30.03222222,44,2025,November
Mohanpur G.P.(Chak Kanthalia),North 24 Pgs.,11/2/2025,22.762725,88.3881883,41.07692308,22.7,41.00384615,83.61,26.88076923,44,2025,November
Mohanpur G.P.(Chak Kanthalia),North 24 Pgs.,11/4/2025,22.762725,88.3881883,249.875,104.89875,192.61625,78.0725,27.43125,45,2025,November
Mohanpur G.P.(Chak Kanthalia),North 24 Pgs.,11/5/2025,22.762725,88.3881883,224.25,97.44875,178.57875,73.62708333,27.33708333,45,2025,November
Mohanpur G.P.(Chak Kanthalia),North 24 Pgs.,11/6/2025,22.762725,88.3881883,205.2083333,92.55958333,171.2608333,75.16375,28.04,45,2025,November
Mohanpur G.P.(Chak Kanthalia),North 24 Pgs.,11/7/2025,22.762725,88.3881883,172.5,81.70083333,148.7925,71.585,28.47666667,45,2025,November
Mohanpur G.P.(Chak Kanthalia),North 24 Pgs.,11/8/2025,22.762725,88.3881883,90.625,48.13125,91.10541667,58.34875,26.84916667,45,2025,November
Mohanpur G.P.(Chak Kanthalia),North 24 Pgs.,11/9/2025,22.762725,88.3881883,97.5,51.90875,99.22333333,58.88291667,25.31208333,45,2025,November
Mohanpur G.P.(Chak Kanthalia),North 24 Pgs.,11/10/2025,22.762725,88.3881883,132.5416667,69.335,128.6554167,63.78166667,25.51083333,46,2025,November
Mohanpur G.P.(Chak Kanthalia),North 24 Pgs.,11/11/2025,22.762725,88.3881883,133.0833333,68.71583333,128.5920833,61.19583333,24.70375,46,2025,November
Mohanpur G.P.(Chak Kanthalia),North 24 Pgs.,11/12/2025,22.762725,88.3881883,170.875,81.2575,150.9316667,61.65,24.09208333,46,2025,November
Mohanpur G.P.(Chak Kanthalia),North 24 Pgs.,11/13/2025,22.762725,88.3881883,174.2916667,82.26333333,152.535,64.00208333,24.24541667,46,2025,November
Mohanpur G.P.(Chak Kanthalia),North 24 Pgs.,11/14/2025,22.762725,88.3881883,155.2916667,75.86083333,141.6391667,64.99333333,24.29041667,46,2025,November
Mohanpur G.P.(Chak Kanthalia),North 24 Pgs.,11/15/2025,22.762725,88.3881883,146.25,73.11041667,135.6520833,63.6125,24.84541667,46,2025,November
Mohanpur G.P.(Chak Kanthalia),North 24 Pgs.,11/16/2025,22.762725,88.3881883,151.5416667,74.81833333,139.7741667,65.47625,24.47458333,46,2025,November
Mohanpur G.P.(Chak Kanthalia),North 24 Pgs.,11/17/2025,22.762725,88.3881883,141.3333333,70.19958333,130.1716667,65.91583333,24.95541667,47,2025,November
Mohanpur G.P.(Chak Kanthalia),North 24 Pgs.,11/18/2025,22.762725,88.3881883,136.625,66.78916667,126.0520833,67.0075,25.07583333,47,2025,November
Mohanpur G.P.(Chak Kanthalia),North 24 Pgs.,11/19/2025,22.762725,88.3881883,119.5,60.18625,113.6541667,65.06416667,25.41958333,47,2025,November
Mohanpur G.P.(Chak Kanthalia),North 24 Pgs.,11/20/2025,22.762725,88.3881883,140.25,68.01916667,127.57375,63.66,25.61708333,47,2025,November
Mohanpur G.P.(Chak Kanthalia),North 24 Pgs.,11/21/2025,22.762725,88.3881883,171.25,80.84708333,149.8233333,64.93375,25.22291667,47,2025,November
Mohanpur G.P.(Chak Kanthalia),North 24 Pgs.,11/22/2025,22.762725,88.3881883,229.1666667,100.1008333,184.8779167,68.62333333,24.54583333,47,2025,November
Mohanpur G.P.(Chak Kanthalia),North 24 Pgs.,11/23/2025,22.762725,88.3881883,219.4583333,96.60875,177.9579167,70.11375,24.48208333,47,2025,November
Mohanpur G.P.(Chak Kanthalia),North 24 Pgs.,11/24/2025,22.762725,88.3881883,204.5,91.34958333,169.1358333,66.83291667,23.9825,48,2025,November
Mohanpur G.P.(Chak Kanthalia),North 24 Pgs.,11/25/2025,22.762725,88.3881883,207.7083333,92.31458333,173.2320833,62.8175,22.95291667,48,2025,November
Mohanpur G.P.(Chak Kanthalia),North 24 Pgs.,11/26/2025,22.762725,88.3881883,173.375,81.9525,154.0454167,59.25666667,22.83333333,48,2025,November
Mohanpur G.P.(Chak Kanthalia),North 24 Pgs.,11/27/2025,22.762725,88.3881883,147.9583333,71.32666667,134.5483333,67.37541667,23.4225,48,2025,November
Mohanpur G.P.(Chak Kanthalia),North 24 Pgs.,11/28/2025,22.762725,88.3881883,164,76.205,144.4641667,69.34375,23.86125,48,2025,November
Mohanpur G.P.(Chak Kanthalia),North 24 Pgs.,11/29/2025,22.762725,88.3881883,169.75,80.21666667,152.7366667,68.38833333,23.77083333,48,2025,November
Mohanpur G.P.(Chak Kanthalia),North 24 Pgs.,11/30/2025,22.762725,88.3881883,193.2083333,88.30458333,166.84125,69.27208333,23.68958333,48,2025,November
Mohanpur G.P.(Chak Kanthalia),North 24 Pgs.,12/1/2025,22.762725,88.3881883,305,126.67,236.68,83.11,21,49,2025,December
Mohanpur G.P.(Jafarpur),North 24 Pgs.,8/31/2025,22.7751866,88.382525,57.125,31.135,56.74708333,78.57166667,31.76291667,35,2025,August
Mohanpur G.P.(Jafarpur),North 24 Pgs.,9/1/2025,22.7751866,88.382525,68.04166667,37.6275,68.19791667,76.31125,32.87458333,36,2025,September
Mohanpur G.P.(Jafarpur),North 24 Pgs.,9/2/2025,22.7751866,88.382525,39.54166667,21.355,39.43166667,84.29916667,29.56291667,36,2025,September
Mohanpur G.P.(Jafarpur),North 24 Pgs.,9/3/2025,22.7751866,88.382525,36.79166667,19.935,36.8075,85.055,29.32041667,36,2025,September
Mohanpur G.P.(Jafarpur),North 24 Pgs.,9/4/2025,22.7751866,88.382525,43.375,23.53708333,43.28083333,81.89625,30.53208333,36,2025,September
Mohanpur G.P.(Jafarpur),North 24 Pgs.,9/5/2025,22.7751866,88.382525,59,32.30583333,58.97208333,76.57416667,32.01458333,36,2025,September
Mohanpur G.P.(Jafarpur),North 24 Pgs.,9/6/2025,22.7751866,88.382525,74.125,39.70708333,73.44166667,73.26458333,32.79916667,36,2025,September
Mohanpur G.P.(Jafarpur),North 24 Pgs.,9/7/2025,22.7751866,88.382525,64.70833333,35.51708333,64.67541667,73.72833333,32.41166667,36,2025,September
Mohanpur G.P.(Jafarpur),North 24 Pgs.,9/8/2025,22.7751866,88.382525,68.625,36.69583333,67.69041667,72.48875,32.65708333,37,2025,September
Mohanpur G.P.(Jafarpur),North 24 Pgs.,9/9/2025,22.7751866,88.382525,69.70833333,38.22833333,69.71625,72.68958333,32.72708333,37,2025,September
Mohanpur G.P.(Jafarpur),North 24 Pgs.,9/10/2025,22.7751866,88.382525,66.91666667,37.13375,67.0525,73.07958333,32.73083333,37,2025,September
Mohanpur G.P.(Jafarpur),North 24 Pgs.,9/11/2025,22.7751866,88.382525,63.625,35.305,63.55958333,73.54833333,32.92125,37,2025,September
Mohanpur G.P.(Jafarpur),North 24 Pgs.,9/12/2025,22.7751866,88.382525,55.08333333,30.23833333,55.08166667,80.29875,31.11,37,2025,September
Mohanpur G.P.(Jafarpur),North 24 Pgs.,9/13/2025,22.7751866,88.382525,50.5,27.6575,50.50458333,75.25291667,32.0375,37,2025,September
Mohanpur G.P.(Jafarpur),North 24 Pgs.,9/14/2025,22.7751866,88.382525,61.375,33.5675,60.99083333,83.55125,30.075,37,2025,September
Mohanpur G.P.(Jafarpur),North 24 Pgs.,9/15/2025,22.7751866,88.382525,53.70833333,29.52416667,53.78958333,86.28583333,29.45916667,38,2025,September
Mohanpur G.P.(Jafarpur),North 24 Pgs.,9/16/2025,22.7751866,88.382525,60.70833333,33.6375,60.82125,86.03125,29.3525,38,2025,September
Mohanpur G.P.(Jafarpur),North 24 Pgs.,9/17/2025,22.7751866,88.382525,63.25,35.02625,63.21916667,80.90625,30.76833333,38,2025,September
Mohanpur G.P.(Jafarpur),North 24 Pgs.,9/18/2025,22.7751866,88.382525,61.45833333,34.05583333,61.41083333,74.82333333,32.71458333,38,2025,September
Mohanpur G.P.(Jafarpur),North 24 Pgs.,9/19/2025,22.7751866,88.382525,83.79166667,47.16166667,83.78166667,79.46666667,31.96458333,38,2025,September
Mohanpur G.P.(Jafarpur),North 24 Pgs.,9/20/2025,22.7751866,88.382525,91.95833333,51.91541667,92.21333333,83.67166667,30.39666667,38,2025,September
Mohanpur G.P.(Jafarpur),North 24 Pgs.,9/21/2025,22.7751866,88.382525,103.75,57.92916667,102.5241667,77.98375,31.80875,38,2025,September
Mohanpur G.P.(Jafarpur),North 24 Pgs.,9/22/2025,22.7751866,88.382525,78.375,43.9775,78.4725,82.395,30.17916667,39,2025,September
Mohanpur G.P.(Jafarpur),North 24 Pgs.,9/23/2025,22.7751866,88.382525,61.5,34.47125,61.48166667,85.86791667,29.26583333,39,2025,September
Mohanpur G.P.(Jafarpur),North 24 Pgs.,9/24/2025,22.7751866,88.382525,63.45833333,35.48916667,63.42208333,79.3075,31.37583333,39,2025,September
Mohanpur G.P.(Jafarpur),North 24 Pgs.,9/25/2025,22.7751866,88.382525,60.83333333,33.95291667,60.75916667,80.5225,31.36083333,39,2025,September
Mohanpur G.P.(Jafarpur),North 24 Pgs.,9/26/2025,22.7751866,88.382525,49.79166667,27.545,49.8425,81.38125,31.1575,39,2025,September
Mohanpur G.P.(Jafarpur),North 24 Pgs.,9/27/2025,22.7751866,88.382525,48.29166667,26.23375,48.18875,78.2575,31.75625,39,2025,September
Mohanpur G.P.(Jafarpur),North 24 Pgs.,9/28/2025,22.7751866,88.382525,50.04166667,27.36541667,49.99166667,76.12708333,32.31666667,39,2025,September
Mohanpur G.P.(Jafarpur),North 24 Pgs.,9/29/2025,22.7751866,88.382525,65.875,36.77166667,65.90625,75.13166667,32.55708333,40,2025,September
Mohanpur G.P.(Jafarpur),North 24 Pgs.,9/30/2025,22.7751866,88.382525,69.54166667,38.67875,69.50375,76.07375,32.42666667,40,2025,September
Mohanpur G.P.(Jafarpur),North 24 Pgs.,10/1/2025,22.7751866,88.382525,56.75,31.37416667,56.8025,77.63333333,31.22333333,40,2025,October
Mohanpur G.P.(Jafarpur),North 24 Pgs.,10/2/2025,22.7751866,88.382525,38.16666667,20.88666667,38.12375,88.17041667,28.96875,40,2025,October
Mohanpur G.P.(Jafarpur),North 24 Pgs.,10/3/2025,22.7751866,88.382525,50.625,27.69666667,50.59958333,90.12208333,28.68791667,40,2025,October
Mohanpur G.P.(Jafarpur),North 24 Pgs.,10/4/2025,22.7751866,88.382525,56.08333333,30.78166667,55.995,83.0525,31.09583333,40,2025,October
Mohanpur G.P.(Jafarpur),North 24 Pgs.,10/5/2025,22.7751866,88.382525,51.625,28.38708333,51.4825,84.56666667,29.17666667,40,2025,October
Mohanpur G.P.(Jafarpur),North 24 Pgs.,10/6/2025,22.7751866,88.382525,84.75,47.0175,84.0675,84.14208333,29.08833333,41,2025,October
Mohanpur G.P.(Jafarpur),North 24 Pgs.,10/7/2025,22.7751866,88.382525,86.29166667,48.62458333,86.57791667,82.00583333,29.7075,41,2025,October
Mohanpur G.P.(Jafarpur),North 24 Pgs.,10/8/2025,22.7751866,88.382525,97.91666667,53.72833333,95.52166667,85.36083333,28.97791667,41,2025,October
Mohanpur G.P.(Jafarpur),North 24 Pgs.,10/9/2025,22.7751866,88.382525,105.5,59.18125,104.9925,84.01625,29.34791667,41,2025,October
Mohanpur G.P.(Jafarpur),North 24 Pgs.,10/10/2025,22.7751866,88.382525,95.16666667,52.92291667,94.1425,85.56458333,28.70166667,41,2025,October
Mohanpur G.P.(Jafarpur),North 24 Pgs.,10/11/2025,22.7751866,88.382525,82.75,45.40958333,82.97125,79.41416667,29.67916667,41,2025,October
Mohanpur G.P.(Jafarpur),North 24 Pgs.,10/12/2025,22.7751866,88.382525,94.75,52.15375,95.29375,76.395,30.02458333,41,2025,October
Mohanpur G.P.(Jafarpur),North 24 Pgs.,10/13/2025,22.7751866,88.382525,95.875,53.12791667,96.66166667,73.33583333,29.82083333,42,2025,October
Mohanpur G.P.(Jafarpur),North 24 Pgs.,10/14/2025,22.7751866,88.382525,106,58.46416667,106.4175,72.90125,29.68375,42,2025,October
Mohanpur G.P.(Jafarpur),North 24 Pgs.,10/15/2025,22.7751866,88.382525,106.9583333,59.96666667,108.15,69.87,29.475,42,2025,October
Mohanpur G.P.(Jafarpur),North 24 Pgs.,10/16/2025,22.7751866,88.382525,122.8333333,65.76083333,118.80875,69.78541667,29.03583333,42,2025,October
Mohanpur G.P.(Jafarpur),North 24 Pgs.,10/17/2025,22.7751866,88.382525,169.2083333,81.05,146.4791667,72.49291667,29.63458333,42,2025,October
Mohanpur G.P.(Jafarpur),North 24 Pgs.,10/18/2025,22.7751866,88.382525,144.25,72.37291667,128.9783333,73.36833333,30.64583333,42,2025,October
Mohanpur G.P.(Jafarpur),North 24 Pgs.,10/19/2025,22.7751866,88.382525,129.375,66.565,118.83,74.75083333,31.28625,42,2025,October
Mohanpur G.P.(Jafarpur),North 24 Pgs.,10/20/2025,22.7751866,88.382525,133,67.08125,119.075,74.51416667,31.31583333,43,2025,October
Mohanpur G.P.(Jafarpur),North 24 Pgs.,10/21/2025,22.7751866,88.382525,170.2916667,81.44958333,144.0795833,72.02916667,30.78666667,43,2025,October
Mohanpur G.P.(Jafarpur),North 24 Pgs.,10/22/2025,22.7751866,88.382525,163.5833333,79.0825,140.37,72.68833333,30.32708333,43,2025,October
Mohanpur G.P.(Jafarpur),North 24 Pgs.,10/23/2025,22.7751866,88.382525,134.125,66.74083333,119.2095833,70.07666667,30.63875,43,2025,October
Mohanpur G.P.(Jafarpur),North 24 Pgs.,10/24/2025,22.7751866,88.382525,137.9583333,69.78458333,124.2675,70.61166667,30.42833333,43,2025,October
Mohanpur G.P.(Jafarpur),North 24 Pgs.,10/25/2025,22.7751866,88.382525,153.0416667,75.40458333,134.5383333,72.09208333,30.59333333,43,2025,October
Mohanpur G.P.(Jafarpur),North 24 Pgs.,10/26/2025,22.7751866,88.382525,132.125,69.00708333,122.9191667,75.38583333,30.5575,43,2025,October
Mohanpur G.P.(Jafarpur),North 24 Pgs.,10/27/2025,22.7751866,88.382525,129.625,67.66916667,119.8104167,75.18916667,30.89291667,44,2025,October
Mohanpur G.P.(Jafarpur),North 24 Pgs.,10/28/2025,22.7751866,88.382525,104.75,54.10125,95.95625,75.89291667,30.57458333,44,2025,October
Mohanpur G.P.(Jafarpur),North 24 Pgs.,10/29/2025,22.7751866,88.382525,57.33333333,31.30083333,57.29083333,87.8875,27.65416667,44,2025,October
Mohanpur G.P.(Jafarpur),North 24 Pgs.,10/30/2025,22.7751866,88.382525,49.83333333,27.29666667,49.84333333,83.51291667,29.11708333,44,2025,October
Mohanpur G.P.(Jafarpur),North 24 Pgs.,10/31/2025,22.7751866,88.382525,63.91666667,35.36125,63.90958333,79.27958333,30.35375,44,2025,October
Mohanpur G.P.(Jafarpur),North 24 Pgs.,11/1/2025,22.7751866,88.382525,70.91666667,39.55583333,71.03041667,79.13083333,30.54416667,44,2025,November
Mohanpur G.P.(Jafarpur),North 24 Pgs.,11/2/2025,22.7751866,88.382525,50.875,27.87625,50.95083333,79.85208333,27.50041667,44,2025,November
Mohanpur G.P.(Jafarpur),North 24 Pgs.,11/3/2025,22.7751866,88.382525,110.2083333,56.37583333,101.1229167,72.69541667,27.85125,45,2025,November
Mohanpur G.P.(Jafarpur),North 24 Pgs.,11/4/2025,22.7751866,88.382525,261.3333333,108.69375,192.9995833,76.21291667,27.0625,45,2025,November
Mohanpur G.P.(Jafarpur),North 24 Pgs.,11/5/2025,22.7751866,88.382525,251.5833333,106.4941667,168.8095833,73.23625,27.57666667,45,2025,November
Mohanpur G.P.(Jafarpur),North 24 Pgs.,11/6/2025,22.7751866,88.382525,231.6666667,99.92,126.8829167,74.64416667,28.3775,45,2025,November
Mohanpur G.P.(Jafarpur),North 24 Pgs.,11/7/2025,22.7751866,88.382525,194.9166667,88.45791667,112.34625,71.93666667,28.67916667,45,2025,November
Mohanpur G.P.(Jafarpur),North 24 Pgs.,11/8/2025,22.7751866,88.382525,97.45833333,56.75708333,75.8625,59.54791667,27.20916667,45,2025,November
Mohanpur G.P.(Jafarpur),North 24 Pgs.,11/9/2025,22.7751866,88.382525,98.875,57.65416667,79.14083333,60.37666667,25.77208333,45,2025,November
Mohanpur G.P.(Jafarpur),North 24 Pgs.,11/10/2025,22.7751866,88.382525,165.6666667,79.70958333,105.615,65.97625,25.62583333,46,2025,November
Mohanpur G.P.(Jafarpur),North 24 Pgs.,11/11/2025,22.7751866,88.382525,161.125,78.38208333,107.7445833,63.59791667,24.79625,46,2025,November
Mohanpur G.P.(Jafarpur),North 24 Pgs.,11/12/2025,22.7751866,88.382525,211.5833333,93.49125,130.54,65.04541667,24.1475,46,2025,November
Mohanpur G.P.(Jafarpur),North 24 Pgs.,11/13/2025,22.7751866,88.382525,211.125,93.63208333,129.7116667,67.45166667,24.25291667,46,2025,November
Mohanpur G.P.(Jafarpur),North 24 Pgs.,11/14/2025,22.7751866,88.382525,178.7083333,83.5225,116.7058333,68.02833333,24.07208333,46,2025,November
Mohanpur G.P.(Jafarpur),North 24 Pgs.,11/15/2025,22.7751866,88.382525,171.2083333,81.38833333,112.9145833,68.54791667,24.3725,46,2025,November
Mohanpur G.P.(Jafarpur),North 24 Pgs.,11/16/2025,22.7751866,88.382525,184.0833333,85.185,117.9608333,68.56583333,24.2725,46,2025,November
Mohanpur G.P.(Jafarpur),North 24 Pgs.,11/17/2025,22.7751866,88.382525,162.125,77.65875,106.2729167,68.3975,24.89041667,47,2025,November
Mohanpur G.P.(Jafarpur),North 24 Pgs.,11/18/2025,22.7751866,88.382525,139.1666667,68.83791667,95.67041667,68.56791667,25.17833333,47,2025,November
Mohanpur G.P.(Jafarpur),North 24 Pgs.,11/19/2025,22.7751866,88.382525,129.8333333,66.15958333,91.23833333,67.25916667,25.61875,47,2025,November
Mohanpur G.P.(Jafarpur),North 24 Pgs.,11/20/2025,22.7751866,88.382525,144.125,71.42625,98.50833333,66.37041667,25.57875,47,2025,November
Mohanpur G.P.(Jafarpur),North 24 Pgs.,11/21/2025,22.7751866,88.382525,198.875,89.68208333,123.1754167,67.74125,25.14875,47,2025,November
Mohanpur G.P.(Jafarpur),North 24 Pgs.,11/22/2025,22.7751866,88.382525,259.4583333,110.2291667,152.0645833,70.26666667,24.59083333,47,2025,November
Mohanpur G.P.(Jafarpur),North 24 Pgs.,11/23/2025,22.7751866,88.382525,237.875,101.6870833,138.8066667,71.4425,24.62958333,47,2025,November
Mohanpur G.P.(Jafarpur),North 24 Pgs.,11/24/2025,22.7751866,88.382525,170.4583333,78.43541667,104.7783333,70.195,23.77083333,48,2025,November
Mohanpur G.P.(Jafarpur),North 24 Pgs.,11/25/2025,22.7751866,88.382525,65.04166667,39.055,53.65666667,66.42583333,22.84833333,48,2025,November
Mohanpur G.P.(Jafarpur),North 24 Pgs.,11/26/2025,22.7751866,88.382525,61.83333333,36.87291667,53.50166667,63.845,22.72958333,48,2025,November
Mohanpur G.P.(Jafarpur),North 24 Pgs.,11/27/2025,22.7751866,88.382525,54.16666667,32.25208333,44.9375,70.64791667,23.45833333,48,2025,November
Mohanpur G.P.(Jafarpur),North 24 Pgs.,11/28/2025,22.7751866,88.382525,54.29166667,32.55166667,43.5475,70.41125,24.115,48,2025,November
Mohanpur G.P.(Jafarpur),North 24 Pgs.,11/29/2025,22.7751866,88.382525,58.45833333,35.035,46.87791667,70.93416667,23.74791667,48,2025,November
Mohanpur G.P.(Jafarpur),North 24 Pgs.,11/30/2025,22.7751866,88.382525,65.08333333,38.93583333,49.85791667,71.25,23.73875,48,2025,November
Mohanpur G.P.(Jafarpur),North 24 Pgs.,12/1/2025,22.7751866,88.382525,84,50.48,63.98,85.65,20.82,49,2025,December
Naihati Municipality,North 24 Pgs.,8/31/2025,22.888831,88.4169647,51.125,27.50875,51.125,78.39625,31.66125,35,2025,August
Naihati Municipality,North 24 Pgs.,9/1/2025,22.888831,88.4169647,62.70833333,33.94083333,62.81833333,77.16666667,32.85458333,36,2025,September
Naihati Municipality,North 24 Pgs.,9/2/2025,22.888831,88.4169647,37.375,21.22958333,37.39458333,88.13958333,28.56083333,36,2025,September
Naihati Municipality,North 24 Pgs.,9/3/2025,22.888831,88.4169647,38.04166667,20.45208333,37.9625,87.31208333,28.66291667,36,2025,September
Naihati Municipality,North 24 Pgs.,9/4/2025,22.888831,88.4169647,41.08333333,22.72375,41.06708333,82.82916667,30.32083333,36,2025,September
Naihati Municipality,North 24 Pgs.,9/5/2025,22.888831,88.4169647,57.91666667,30.99791667,57.89541667,79.87291667,31.23916667,36,2025,September
Naihati Municipality,North 24 Pgs.,9/6/2025,22.888831,88.4169647,72.42857143,38.09952381,72.38571429,78.41619048,31.7952381,36,2025,September
Naihati Municipality,North 24 Pgs.,9/7/2025,22.888831,88.4169647,67.25,36.01333333,67.2175,76.52041667,32.13583333,36,2025,September
Naihati Municipality,North 24 Pgs.,9/8/2025,22.888831,88.4169647,64.45833333,33.74083333,64.46583333,74.24291667,32.51583333,37,2025,September
Naihati Municipality,North 24 Pgs.,9/9/2025,22.888831,88.4169647,74.83333333,39.6775,74.97958333,73.30625,32.73291667,37,2025,September
Naihati Municipality,North 24 Pgs.,9/10/2025,22.888831,88.4169647,67.125,36.1975,67.21,73.35083333,32.98625,37,2025,September
Naihati Municipality,North 24 Pgs.,9/11/2025,22.888831,88.4169647,65,35.30625,64.96291667,75.59666667,32.77375,37,2025,September
Naihati Municipality,North 24 Pgs.,9/12/2025,22.888831,88.4169647,57.41666667,31.245,57.44458333,84.57208333,30.55333333,37,2025,September
Naihati Municipality,North 24 Pgs.,9/13/2025,22.888831,88.4169647,49.625,26.99791667,49.55833333,78.64416667,31.6475,37,2025,September
Naihati Municipality,North 24 Pgs.,9/14/2025,22.888831,88.4169647,51.45833333,28.68375,51.48208333,86.89458333,29.39375,37,2025,September
Naihati Municipality,North 24 Pgs.,9/15/2025,22.888831,88.4169647,51.58333333,29.28291667,51.63958333,89.24958333,28.56708333,38,2025,September
Naihati Municipality,North 24 Pgs.,9/16/2025,22.888831,88.4169647,52.66666667,30.215,52.72291667,88.73166667,28.51833333,38,2025,September
Naihati Municipality,North 24 Pgs.,9/17/2025,22.888831,88.4169647,60.70833333,34.05333333,60.74833333,85.88208333,29.7025,38,2025,September
Naihati Municipality,North 24 Pgs.,9/18/2025,22.888831,88.4169647,62.58333333,34.61,62.48416667,77.86541667,32.14083333,38,2025,September
Naihati Municipality,North 24 Pgs.,9/19/2025,22.888831,88.4169647,80.66666667,44.56291667,80.6175,85.42333333,30.56625,38,2025,September
Naihati Municipality,North 24 Pgs.,9/20/2025,22.888831,88.4169647,97,54.4125,97.62375,86.4275,29.98666667,38,2025,September
Naihati Municipality,North 24 Pgs.,9/21/2025,22.888831,88.4169647,101.0416667,56.73208333,101.3504167,80.80541667,31.31416667,38,2025,September
Naihati Municipality,North 24 Pgs.,9/22/2025,22.888831,88.4169647,71.08333333,40.35958333,71.47166667,85.56208333,29.60458333,39,2025,September
Naihati Municipality,North 24 Pgs.,9/23/2025,22.888831,88.4169647,51.875,29.72791667,51.81416667,88.31625,28.74958333,39,2025,September
Naihati Municipality,North 24 Pgs.,9/24/2025,22.888831,88.4169647,59.91666667,32.83208333,59.855,79.48583333,31.24875,39,2025,September
Naihati Municipality,North 24 Pgs.,9/25/2025,22.888831,88.4169647,59.83333333,33.325,59.85333333,80.79,31.40208333,39,2025,September
Naihati Municipality,North 24 Pgs.,9/26/2025,22.888831,88.4169647,47.45833333,26.1875,47.39875,80.42583333,31.25,39,2025,September
Naihati Municipality,North 24 Pgs.,9/27/2025,22.888831,88.4169647,46.66666667,26.12916667,46.6725,79.43083333,31.54875,39,2025,September
Naihati Municipality,North 24 Pgs.,9/28/2025,22.888831,88.4169647,50.20833333,27.53208333,50.12625,77.57583333,31.85875,39,2025,September
Naihati Municipality,North 24 Pgs.,9/29/2025,22.888831,88.4169647,60.04166667,33.34041667,59.99,76.84125,32.35541667,40,2025,September
Naihati Municipality,North 24 Pgs.,9/30/2025,22.888831,88.4169647,67.08333333,37.97583333,67.05416667,78.10666667,32.20333333,40,2025,September
Naihati Municipality,North 24 Pgs.,10/1/2025,22.888831,88.4169647,53.79166667,30.02958333,53.83125,81.51,30.50791667,40,2025,October
Naihati Municipality,North 24 Pgs.,10/2/2025,22.888831,88.4169647,33.75,19.83083333,33.84375,90.42833333,28.0875,40,2025,October
Naihati Municipality,North 24 Pgs.,10/3/2025,22.888831,88.4169647,43.08333333,24.87958333,43.08875,91.96833333,27.88291667,40,2025,October
Naihati Municipality,North 24 Pgs.,10/4/2025,22.888831,88.4169647,49.83333333,28.01416667,49.89166667,85.84333333,29.92791667,40,2025,October
Naihati Municipality,North 24 Pgs.,10/5/2025,22.888831,88.4169647,47.20833333,26.87166667,47.2175,87.30125,28.56333333,40,2025,October
Naihati Municipality,North 24 Pgs.,10/6/2025,22.888831,88.4169647,75.375,41.88958333,75.41041667,86.21625,28.64125,41,2025,October
Naihati Municipality,North 24 Pgs.,10/7/2025,22.888831,88.4169647,83.29166667,47.02666667,83.00083333,81.40583333,29.93458333,41,2025,October
Naihati Municipality,North 24 Pgs.,10/8/2025,22.888831,88.4169647,87.95833333,49.10458333,87.60375,85.33958333,28.99666667,41,2025,October
Naihati Municipality,North 24 Pgs.,10/9/2025,22.888831,88.4169647,99.45833333,55.73458333,99.96333333,81.44875,29.765,41,2025,October
Naihati Municipality,North 24 Pgs.,10/10/2025,22.888831,88.4169647,85.16666667,48.37583333,85.32125,85.08458333,28.71,41,2025,October
Naihati Municipality,North 24 Pgs.,10/11/2025,22.888831,88.4169647,78.79166667,42.81541667,78.84916667,78.74875,29.61833333,41,2025,October
Naihati Municipality,North 24 Pgs.,10/12/2025,22.888831,88.4169647,94.33333333,51.27041667,95.14,75.76625,30.11583333,41,2025,October
Naihati Municipality,North 24 Pgs.,10/13/2025,22.888831,88.4169647,94.875,51.3625,95.34375,72.10416667,29.98541667,42,2025,October
Naihati Municipality,North 24 Pgs.,10/14/2025,22.888831,88.4169647,104.125,57.0225,105.7816667,72.42166667,29.77,42,2025,October
Naihati Municipality,North 24 Pgs.,10/15/2025,22.888831,88.4169647,107.2857143,60.02619048,110.4361905,72.20380952,28.92238095,42,2025,October
Naihati Municipality,North 24 Pgs.,10/16/2025,22.888831,88.4169647,107.1666667,58.44333333,107.3841667,67.92708333,29.33041667,42,2025,October
Naihati Municipality,North 24 Pgs.,10/17/2025,22.888831,88.4169647,126.1428571,67.34714286,122.9666667,72.33571429,29.42714286,42,2025,October
Naihati Municipality,North 24 Pgs.,10/18/2025,22.888831,88.4169647,116.5833333,63.56166667,115.3833333,72.2025,30.55625,42,2025,October
Naihati Municipality,North 24 Pgs.,10/19/2025,22.888831,88.4169647,121.1666667,63.25,114.7575,74.00416667,31.195,42,2025,October
Naihati Municipality,North 24 Pgs.,10/20/2025,22.888831,88.4169647,129.5416667,65.57125,116.9008333,74.53083333,31.32416667,43,2025,October
Naihati Municipality,North 24 Pgs.,10/21/2025,22.888831,88.4169647,134.125,68.71208333,123.6129167,70.97,30.93,43,2025,October
Naihati Municipality,North 24 Pgs.,10/22/2025,22.888831,88.4169647,137.4583333,71.2125,128.2570833,71.03833333,30.62041667,43,2025,October
Naihati Municipality,North 24 Pgs.,10/23/2025,22.888831,88.4169647,106.5416667,57.09916667,102.5591667,68.51291667,30.81666667,43,2025,October
Naihati Municipality,North 24 Pgs.,10/24/2025,22.888831,88.4169647,106.9166667,59.01583333,106.04125,67.00125,30.84333333,43,2025,October
Naihati Municipality,North 24 Pgs.,10/25/2025,22.888831,88.4169647,130.0833333,67.86875,123.6075,69.74333333,30.7025,43,2025,October
Naihati Municipality,North 24 Pgs.,10/26/2025,22.888831,88.4169647,119.7083333,63.68125,114.8533333,73.29375,30.78708333,43,2025,October
Naihati Municipality,North 24 Pgs.,10/27/2025,22.888831,88.4169647,134.2916667,68.39166667,123.75625,72.33458333,31.17041667,44,2025,October
Naihati Municipality,North 24 Pgs.,10/28/2025,22.888831,88.4169647,99.79166667,52.06875,95.19458333,75.15625,30.53208333,44,2025,October
Naihati Municipality,North 24 Pgs.,10/29/2025,22.888831,88.4169647,53.20833333,29.81125,53.14083333,88.21416667,27.50166667,44,2025,October
Naihati Municipality,North 24 Pgs.,10/30/2025,22.888831,88.4169647,44.83333333,25.09083333,44.92375,83.405,28.86125,44,2025,October
Naihati Municipality,North 24 Pgs.,10/31/2025,22.888831,88.4169647,57.20833333,31.56666667,57.0325,79.88875,29.95375,44,2025,October
Naihati Municipality,North 24 Pgs.,11/1/2025,22.888831,88.4169647,63.75,35.8225,63.82125,80.8525,30.02958333,44,2025,November
Naihati Municipality,North 24 Pgs.,11/2/2025,22.888831,88.4169647,46.45833333,26.58333333,46.42333333,80.02625,27.34458333,44,2025,November
Naihati Municipality,North 24 Pgs.,11/3/2025,22.888831,88.4169647,98.875,52.27291667,93.83041667,73.135,27.77208333,45,2025,November
Naihati Municipality,North 24 Pgs.,11/4/2025,22.888831,88.4169647,229.875,98.96666667,177.1191667,76.57083333,27.07791667,45,2025,November
Naihati Municipality,North 24 Pgs.,11/5/2025,22.888831,88.4169647,227.5789474,98.81157895,168.4221053,72.32526316,27.98947368,45,2025,November
Naihati Municipality,North 24 Pgs.,11/6/2025,22.888831,88.4169647,175.6666667,82.7175,107.5075,67.81916667,30.76666667,45,2025,November
Naihati Municipality,North 24 Pgs.,11/7/2025,22.888831,88.4169647,173.75,82.10041667,106.86375,71.18625,28.58041667,45,2025,November
Naihati Municipality,North 24 Pgs.,11/8/2025,22.888831,88.4169647,86,50.92208333,70.22666667,59.1475,26.93708333,45,2025,November
Naihati Municipality,North 24 Pgs.,11/9/2025,22.888831,88.4169647,85.75,51.3475,72.94291667,58.76541667,25.7125,45,2025,November
Naihati Municipality,North 24 Pgs.,11/10/2025,22.888831,88.4169647,133.2083333,69.92833333,94.43416667,63.10583333,25.81875,46,2025,November
Naihati Municipality,North 24 Pgs.,11/11/2025,22.888831,88.4169647,129.2916667,68.25208333,95.69333333,60.44666667,25.04416667,46,2025,November
Naihati Municipality,North 24 Pgs.,11/12/2025,22.888831,88.4169647,178.75,83.6325,118.1920833,61.165,24.45,46,2025,November
Naihati Municipality,North 24 Pgs.,11/13/2025,22.888831,88.4169647,169.9166667,80.99458333,113.8608333,62.03291667,24.5875,46,2025,November
Naihati Municipality,North 24 Pgs.,11/14/2025,22.888831,88.4169647,152.6666667,75.3125,105.3808333,63.80875,24.50625,46,2025,November
Naihati Municipality,North 24 Pgs.,11/15/2025,22.888831,88.4169647,135.875,70.30125,96.825,64.55291667,24.7775,46,2025,November
Naihati Municipality,North 24 Pgs.,11/16/2025,22.888831,88.4169647,152.6666667,75.80125,103.2133333,65.08291667,24.82208333,46,2025,November
Naihati Municipality,North 24 Pgs.,11/17/2025,22.888831,88.4169647,145.9583333,71.7875,98.10708333,64.93166667,25.28208333,47,2025,November
Naihati Municipality,North 24 Pgs.,11/18/2025,22.888831,88.4169647,112.9545455,61.00772727,85.90318182,67.68090909,24.95181818,47,2025,November
Naihati Municipality,North 24 Pgs.,11/19/2025,22.888831,88.4169647,105.5,56.26708333,82.58875,63.91291667,25.69291667,47,2025,November
Naihati Municipality,North 24 Pgs.,11/20/2025,22.888831,88.4169647,125.4583333,64.48583333,94.30125,64.35583333,25.50208333,47,2025,November
Naihati Municipality,North 24 Pgs.,11/21/2025,22.888831,88.4169647,156.3333333,76.67916667,108.00375,65.65958333,25.04791667,47,2025,November
Naihati Municipality,North 24 Pgs.,11/22/2025,22.888831,88.4169647,201.4583333,90.39916667,128.9991667,67.84208333,24.64708333,47,2025,November
Naihati Municipality,North 24 Pgs.,11/23/2025,22.888831,88.4169647,210.3333333,93.46875,131.2091667,69.29125,24.6975,47,2025,November
Naihati Municipality,North 24 Pgs.,11/24/2025,22.888831,88.4169647,200.5416667,90.1475,126.6616667,65.77166667,23.96375,48,2025,November
Naihati Municipality,North 24 Pgs.,11/25/2025,22.888831,88.4169647,204.2083333,91.2875,133.5758333,62.38666667,23.00875,48,2025,November
Naihati Municipality,North 24 Pgs.,11/26/2025,22.888831,88.4169647,177.375,83.19958333,124.7258333,59.58958333,22.88,48,2025,November
Naihati Municipality,North 24 Pgs.,11/27/2025,22.888831,88.4169647,155.0833333,74.35541667,108.1391667,67.90875,23.60125,48,2025,November
Naihati Municipality,North 24 Pgs.,11/28/2025,22.888831,88.4169647,148.4583333,72.57666667,106.3791667,69.11791667,24.18166667,48,2025,November
Naihati Municipality,North 24 Pgs.,11/29/2025,22.888831,88.4169647,167.0833333,79.7075,115.8404167,68.84958333,24.03625,48,2025,November
Naihati Municipality,North 24 Pgs.,11/30/2025,22.888831,88.4169647,190.375,87.66625,126.0983333,67.71166667,24.06958333,48,2025,November
Naihati Municipality,North 24 Pgs.,12/1/2025,22.888831,88.4169647,305,126.75,188.97,84.73,21.44,49,2025,December
National Atlas Bhaban,North 24 Pgs.,8/31/2025,22.5705348,88.430926,31.45833333,17.97166667,31.40291667,73.93416667,32.585,35,2025,August
National Atlas Bhaban,North 24 Pgs.,9/1/2025,22.5705348,88.430926,39.70833333,22.34458333,39.64791667,73.64458333,33.26375,36,2025,September
National Atlas Bhaban,North 24 Pgs.,9/2/2025,22.5705348,88.430926,28.625,16.73541667,28.55375,84.45791667,29.37125,36,2025,September
National Atlas Bhaban,North 24 Pgs.,9/3/2025,22.5705348,88.430926,27.54166667,15.92,27.53458333,85.68625,29.02083333,36,2025,September
National Atlas Bhaban,North 24 Pgs.,9/4/2025,22.5705348,88.430926,30,17.30916667,29.99291667,81.41541667,30.59416667,36,2025,September
National Atlas Bhaban,North 24 Pgs.,9/5/2025,22.5705348,88.430926,35.20833333,19.61458333,35.25083333,78.05333333,31.60666667,36,2025,September
National Atlas Bhaban,North 24 Pgs.,9/6/2025,22.5705348,88.430926,36.91666667,20.26958333,36.97625,74.08416667,32.6225,36,2025,September
National Atlas Bhaban,North 24 Pgs.,9/7/2025,22.5705348,88.430926,35.875,19.98875,35.9075,74.03958333,32.62333333,36,2025,September
National Atlas Bhaban,North 24 Pgs.,9/8/2025,22.5705348,88.430926,36.875,20.38291667,36.7125,71.16333333,33.00333333,37,2025,September
National Atlas Bhaban,North 24 Pgs.,9/9/2025,22.5705348,88.430926,37.58333333,21.005,37.67291667,72.13583333,32.90958333,37,2025,September
National Atlas Bhaban,North 24 Pgs.,9/10/2025,22.5705348,88.430926,36.54166667,20.62791667,36.52083333,71.38625,33.11416667,37,2025,September
National Atlas Bhaban,North 24 Pgs.,9/11/2025,22.5705348,88.430926,34.79166667,20.08333333,34.86666667,73.72958333,32.885,37,2025,September
National Atlas Bhaban,North 24 Pgs.,9/12/2025,22.5705348,88.430926,33.70833333,19.4825,33.77875,76.37333333,32.27458333,37,2025,September
National Atlas Bhaban,North 24 Pgs.,9/13/2025,22.5705348,88.430926,32.16666667,18.64875,32.20458333,74.48583333,32.415,37,2025,September
National Atlas Bhaban,North 24 Pgs.,9/14/2025,22.5705348,88.430926,31.625,18.34833333,31.67708333,82.32083333,30.54208333,37,2025,September
National Atlas Bhaban,North 24 Pgs.,9/15/2025,22.5705348,88.430926,32.16666667,18.74041667,32.2625,81.43333333,30.36791667,38,2025,September
National Atlas Bhaban,North 24 Pgs.,9/16/2025,22.5705348,88.430926,33.58333333,19.37208333,33.53875,84.8775,29.49833333,38,2025,September
National Atlas Bhaban,North 24 Pgs.,9/17/2025,22.5705348,88.430926,35.16666667,20.0875,35.16416667,81.22,30.5,38,2025,September
National Atlas Bhaban,North 24 Pgs.,9/18/2025,22.5705348,88.430926,36.125,20.5,36.05041667,75.30125,32.445,38,2025,September
National Atlas Bhaban,North 24 Pgs.,9/19/2025,22.5705348,88.430926,43.25,24.69958333,43.2775,77.44791667,32.48791667,38,2025,September
National Atlas Bhaban,North 24 Pgs.,9/20/2025,22.5705348,88.430926,42.91666667,24.40916667,42.87666667,83.90833333,30.09875,38,2025,September
National Atlas Bhaban,North 24 Pgs.,9/21/2025,22.5705348,88.430926,52.29166667,29.60083333,52.3075,77.86833333,31.77666667,38,2025,September
National Atlas Bhaban,North 24 Pgs.,9/22/2025,22.5705348,88.430926,47.08333333,26.67166667,47.07208333,82.19916667,30.00291667,39,2025,September
National Atlas Bhaban,North 24 Pgs.,9/23/2025,22.5705348,88.430926,55.16666667,31.80708333,55.05291667,91.05416667,27.76416667,39,2025,September
National Atlas Bhaban,North 24 Pgs.,9/24/2025,22.5705348,88.430926,58.45833333,32.725,58.42291667,81.54916667,30.32208333,39,2025,September
National Atlas Bhaban,North 24 Pgs.,9/25/2025,22.5705348,88.430926,56.29166667,31.33416667,56.3175,78.33833333,31.38416667,39,2025,September
National Atlas Bhaban,North 24 Pgs.,9/26/2025,22.5705348,88.430926,48.125,26.825,48.15166667,82.8075,30.39625,39,2025,September
National Atlas Bhaban,North 24 Pgs.,9/27/2025,22.5705348,88.430926,45.08333333,25.1525,45.04833333,78.7775,31.40541667,39,2025,September
National Atlas Bhaban,North 24 Pgs.,9/28/2025,22.5705348,88.430926,43.83333333,24.44416667,43.76291667,76.93708333,31.95875,39,2025,September
National Atlas Bhaban,North 24 Pgs.,9/29/2025,22.5705348,88.430926,49.625,27.67833333,49.58666667,74.16041667,32.28666667,40,2025,September
National Atlas Bhaban,North 24 Pgs.,9/30/2025,22.5705348,88.430926,61.83333333,34.61541667,61.885,77.17041667,31.545,40,2025,September
National Atlas Bhaban,North 24 Pgs.,10/1/2025,22.5705348,88.430926,45.375,25.78875,45.28791667,78.8825,30.42,40,2025,October
National Atlas Bhaban,North 24 Pgs.,10/2/2025,22.5705348,88.430926,34,19.58791667,34.01916667,89.13625,28.34958333,40,2025,October
National Atlas Bhaban,North 24 Pgs.,10/3/2025,22.5705348,88.430926,45.33333333,25.58666667,45.36875,89.295,28.62541667,40,2025,October
National Atlas Bhaban,North 24 Pgs.,10/4/2025,22.5705348,88.430926,52.54166667,29.36875,52.53041667,85.965,29.75541667,40,2025,October
National Atlas Bhaban,North 24 Pgs.,10/5/2025,22.5705348,88.430926,47,26.58166667,46.94791667,88.12791667,28.06625,40,2025,October
National Atlas Bhaban,North 24 Pgs.,10/6/2025,22.5705348,88.430926,77.20833333,43.56833333,77.19916667,86.58375,28.46125,41,2025,October
National Atlas Bhaban,North 24 Pgs.,10/7/2025,22.5705348,88.430926,79.70833333,45.3425,79.84708333,82.46083333,29.19333333,41,2025,October
National Atlas Bhaban,North 24 Pgs.,10/8/2025,22.5705348,88.430926,93.375,52.86166667,92.98833333,85.645,28.78916667,41,2025,October
National Atlas Bhaban,North 24 Pgs.,10/9/2025,22.5705348,88.430926,89.04166667,50.52708333,89.3025,81.385,29.0575,41,2025,October
National Atlas Bhaban,North 24 Pgs.,10/10/2025,22.5705348,88.430926,94.08333333,52.705,93.4675,83.82416667,28.56291667,41,2025,October
National Atlas Bhaban,North 24 Pgs.,10/11/2025,22.5705348,88.430926,72.91666667,40.51625,72.90666667,79.71375,29.25666667,41,2025,October
National Atlas Bhaban,North 24 Pgs.,10/12/2025,22.5705348,88.430926,76.29166667,41.92708333,76.42041667,73.2875,30.1325,41,2025,October
National Atlas Bhaban,North 24 Pgs.,10/13/2025,22.5705348,88.430926,96.33333333,53.27,97.11875,69.50875,30.06,42,2025,October
National Atlas Bhaban,North 24 Pgs.,10/14/2025,22.5705348,88.430926,98.04166667,54.2025,99.10541667,66.91375,29.93958333,42,2025,October
National Atlas Bhaban,North 24 Pgs.,10/15/2025,22.5705348,88.430926,100.625,56.5375,102.1604167,64.30958333,29.75041667,42,2025,October
National Atlas Bhaban,North 24 Pgs.,10/16/2025,22.5705348,88.430926,116.0833333,62.96541667,114.3370833,65.02291667,29.28875,42,2025,October
National Atlas Bhaban,North 24 Pgs.,10/17/2025,22.5705348,88.430926,136.5,69.79541667,125.53875,66.6725,29.83583333,42,2025,October
National Atlas Bhaban,North 24 Pgs.,10/18/2025,22.5705348,88.430926,120.75,63.90833333,114.03875,68.91083333,30.62583333,42,2025,October
National Atlas Bhaban,North 24 Pgs.,10/19/2025,22.5705348,88.430926,104.125,56.5625,100.105,72.01625,30.89458333,42,2025,October
National Atlas Bhaban,North 24 Pgs.,10/20/2025,22.5705348,88.430926,113.125,59.1075,104.3970833,71.95958333,31.05833333,43,2025,October
National Atlas Bhaban,North 24 Pgs.,10/21/2025,22.5705348,88.430926,142.875,71.35541667,126.05625,66.83625,31.08416667,43,2025,October
National Atlas Bhaban,North 24 Pgs.,10/22/2025,22.5705348,88.430926,139.625,71.85791667,127.4220833,67.23958333,30.59583333,43,2025,October
National Atlas Bhaban,North 24 Pgs.,10/23/2025,22.5705348,88.430926,118.3333333,60.72,107.75625,64.70625,31.0575,43,2025,October
National Atlas Bhaban,North 24 Pgs.,10/24/2025,22.5705348,88.430926,114.4583333,62.00666667,110.2566667,66.03791667,30.78208333,43,2025,October
National Atlas Bhaban,North 24 Pgs.,10/25/2025,22.5705348,88.430926,129.9166667,67.91291667,121.1745833,68.77,30.53708333,43,2025,October
National Atlas Bhaban,North 24 Pgs.,10/26/2025,22.5705348,88.430926,130.2916667,68.195,120.3491667,73.58625,30.3175,43,2025,October
National Atlas Bhaban,North 24 Pgs.,10/27/2025,22.5705348,88.430926,111.8333333,60.2175,106.44125,70.19375,31.44833333,44,2025,October
National Atlas Bhaban,North 24 Pgs.,10/28/2025,22.5705348,88.430926,77.16666667,42.19333333,74.85083333,73.52541667,30.92208333,44,2025,October
National Atlas Bhaban,North 24 Pgs.,10/29/2025,22.5705348,88.430926,47.70833333,26.79291667,47.70666667,88.69541667,27.67083333,44,2025,October
National Atlas Bhaban,North 24 Pgs.,10/30/2025,22.5705348,88.430926,41.25,23.42583333,41.21833333,84.81583333,28.56708333,44,2025,October
National Atlas Bhaban,North 24 Pgs.,10/31/2025,22.5705348,88.430926,57.58333333,32.67458333,57.59416667,78.98833333,30.17666667,44,2025,October
National Atlas Bhaban,North 24 Pgs.,11/1/2025,22.5705348,88.430926,71.79166667,40.56208333,71.88125,81.50083333,29.73208333,44,2025,November
National Atlas Bhaban,North 24 Pgs.,11/2/2025,22.5705348,88.430926,50.5,28.43083333,50.42333333,77.15708333,27.52625,44,2025,November
National Atlas Bhaban,North 24 Pgs.,11/3/2025,22.5705348,88.430926,109,56.21291667,100.6116667,67.79375,27.94708333,45,2025,November
National Atlas Bhaban,North 24 Pgs.,11/4/2025,22.5705348,88.430926,278.4166667,118.3616667,209.9433333,72.13541667,27.2025,45,2025,November
National Atlas Bhaban,North 24 Pgs.,11/5/2025,22.5705348,88.430926,265.9583333,112.2766667,183.6525,69.21958333,27.78416667,45,2025,November
National Atlas Bhaban,North 24 Pgs.,11/6/2025,22.5705348,88.430926,189.4166667,87.11125,110.9220833,72.45333333,28.24875,45,2025,November
National Atlas Bhaban,North 24 Pgs.,11/7/2025,22.5705348,88.430926,194.4166667,88.32583333,112.30875,67.86708333,28.90875,45,2025,November
National Atlas Bhaban,North 24 Pgs.,11/8/2025,22.5705348,88.430926,87.75,51.6225,70.35541667,52.2475,27.62166667,45,2025,November
National Atlas Bhaban,North 24 Pgs.,11/9/2025,22.5705348,88.430926,94.66666667,54.8725,76.15083333,53.1575,26.3225,45,2025,November
National Atlas Bhaban,North 24 Pgs.,11/10/2025,22.5705348,88.430926,158.0833333,77.40791667,102.5633333,58.35666667,26.39541667,46,2025,November
National Atlas Bhaban,North 24 Pgs.,11/11/2025,22.5705348,88.430926,159.75,77.87958333,107.15625,55.80541667,25.60666667,46,2025,November
National Atlas Bhaban,North 24 Pgs.,11/12/2025,22.5705348,88.430926,203.8333333,91.14666667,128.95375,55.76958333,24.8925,46,2025,November
National Atlas Bhaban,North 24 Pgs.,11/13/2025,22.5705348,88.430926,200.4583333,90.23125,128.4879167,58.44125,25.035,46,2025,November
National Atlas Bhaban,North 24 Pgs.,11/14/2025,22.5705348,88.430926,187.0833333,86.33333333,121.8329167,60.52666667,24.76333333,46,2025,November
National Atlas Bhaban,North 24 Pgs.,11/15/2025,22.5705348,88.430926,159,77.68416667,108.42,61.3775,25.21125,46,2025,November
National Atlas Bhaban,North 24 Pgs.,11/16/2025,22.5705348,88.430926,164.625,79.36625,109.8575,60.3775,25.16458333,46,2025,November
National Atlas Bhaban,North 24 Pgs.,11/17/2025,22.5705348,88.430926,147.2083333,72.7125,100.0929167,61.54125,25.48666667,47,2025,November
National Atlas Bhaban,North 24 Pgs.,11/18/2025,22.5705348,88.430926,123.4166667,63.01208333,87.47416667,64.8,25.59708333,47,2025,November
National Atlas Bhaban,North 24 Pgs.,11/19/2025,22.5705348,88.430926,132.0416667,65.5025,90.83583333,63.42208333,26.21666667,47,2025,November
National Atlas Bhaban,North 24 Pgs.,11/20/2025,22.5705348,88.430926,148.3333333,72.60875,101.295,58.78083333,26.42958333,47,2025,November
National Atlas Bhaban,North 24 Pgs.,11/21/2025,22.5705348,88.430926,166.8333333,80.31625,109.82375,61.70333333,25.85625,47,2025,November
National Atlas Bhaban,North 24 Pgs.,11/22/2025,22.5705348,88.430926,261.5,111.8554167,152.4983333,64.28,25.34666667,47,2025,November
National Atlas Bhaban,North 24 Pgs.,11/23/2025,22.5705348,88.430926,245.7272727,119.1713636,164.9831818,66.09727273,25.32272727,47,2025,November
National Atlas Bhaban,North 24 Pgs.,11/24/2025,22.5705348,88.430926,209.7083333,92.95375,127.5875,60.10291667,24.65791667,48,2025,November
National Atlas Bhaban,North 24 Pgs.,11/25/2025,22.5705348,88.430926,237.7916667,102.1295833,145.51875,57.92708333,23.76333333,48,2025,November
National Atlas Bhaban,North 24 Pgs.,11/26/2025,22.5705348,88.430926,196.125,88.82125,129.02,54.27208333,23.55208333,48,2025,November
National Atlas Bhaban,North 24 Pgs.,11/27/2025,22.5705348,88.430926,140.1666667,69.12166667,98.03708333,62.05875,24.19458333,48,2025,November
National Atlas Bhaban,North 24 Pgs.,11/28/2025,22.5705348,88.430926,146.9583333,73.40458333,103.1975,63.97041667,24.55875,48,2025,November
National Atlas Bhaban,North 24 Pgs.,11/29/2025,22.5705348,88.430926,180.9166667,85.7875,120.99,64.78833333,24.28833333,48,2025,November
National Atlas Bhaban,North 24 Pgs.,11/30/2025,22.5705348,88.430926,178.5,83.55041667,113.8858333,65.58458333,24.19291667,48,2025,November
National Atlas Bhaban,North 24 Pgs.,12/1/2025,22.5705348,88.430926,244,103.08,144.77,77.07,22,49,2025,December
New Acharya Prafulla Chandra College,North 24 Pgs.,8/31/2025,22.697426,88.437801,40.75,22.73708333,40.76333333,75.88708333,31.63541667,35,2025,August
New Acharya Prafulla Chandra College,North 24 Pgs.,9/1/2025,22.697426,88.437801,58.20833333,31.30875,58.40875,74.20333333,32.83791667,36,2025,September
New Acharya Prafulla Chandra College,North 24 Pgs.,9/2/2025,22.697426,88.437801,33.83333333,19.36875,33.84291667,86.54125,28.40625,36,2025,September
New Acharya Prafulla Chandra College,North 24 Pgs.,9/3/2025,22.697426,88.437801,31.45,17.8775,31.3715,85.8185,28.1215,36,2025,September
New Acharya Prafulla Chandra College,North 24 Pgs.,9/4/2025,22.697426,88.437801,34.375,19.63125,34.32583333,82.4325,29.42583333,36,2025,September
New Acharya Prafulla Chandra College,North 24 Pgs.,9/5/2025,22.697426,88.437801,45.33333333,25.34416667,45.32,77.93083333,30.85291667,36,2025,September
New Acharya Prafulla Chandra College,North 24 Pgs.,9/6/2025,22.697426,88.437801,50.20833333,27.51416667,50.1175,73.76375,32.0425,36,2025,September
New Acharya Prafulla Chandra College,North 24 Pgs.,9/7/2025,22.697426,88.437801,47.16666667,26.28625,47.17958333,73.43958333,31.76333333,36,2025,September
New Acharya Prafulla Chandra College,North 24 Pgs.,9/8/2025,22.697426,88.437801,46.91666667,25.73666667,46.84833333,71.6075,32.15041667,37,2025,September
New Acharya Prafulla Chandra College,North 24 Pgs.,9/9/2025,22.697426,88.437801,51.17391304,27.95304348,51.14608696,72.77304348,32.03434783,37,2025,September
New Acharya Prafulla Chandra College,North 24 Pgs.,9/10/2025,22.697426,88.437801,50.25,27.81125,50.17166667,71.20875,32.62541667,37,2025,September
New Acharya Prafulla Chandra College,North 24 Pgs.,9/11/2025,22.697426,88.437801,47.625,26.66625,47.66,75.01625,31.86083333,37,2025,September
New Acharya Prafulla Chandra College,North 24 Pgs.,9/12/2025,22.697426,88.437801,40.91304348,23.28434783,40.85695652,76.01347826,31.26869565,37,2025,September
New Acharya Prafulla Chandra College,North 24 Pgs.,9/13/2025,22.697426,88.437801,37.66666667,21.46208333,37.74958333,75.79541667,31.18666667,37,2025,September
New Acharya Prafulla Chandra College,North 24 Pgs.,9/14/2025,22.697426,88.437801,41.25,23.59083333,41.29125,86.12583333,28.61166667,37,2025,September
New Acharya Prafulla Chandra College,North 24 Pgs.,9/15/2025,22.697426,88.437801,40.95833333,23.55041667,40.94875,84.63875,28.6575,38,2025,September
New Acharya Prafulla Chandra College,North 24 Pgs.,9/16/2025,22.697426,88.437801,44.20833333,25.4025,44.22958333,85.82666667,28.26625,38,2025,September
New Acharya Prafulla Chandra College,North 24 Pgs.,9/17/2025,22.697426,88.437801,45.45833333,26.05791667,45.5225,80.5975,29.67916667,38,2025,September
New Acharya Prafulla Chandra College,North 24 Pgs.,9/18/2025,22.697426,88.437801,48.5,27.59791667,48.52208333,74.50916667,32.10625,38,2025,September
New Acharya Prafulla Chandra College,North 24 Pgs.,9/19/2025,22.697426,88.437801,64.33333333,36.40166667,64.30875,78.3675,31.21291667,38,2025,September
New Acharya Prafulla Chandra College,North 24 Pgs.,9/20/2025,22.697426,88.437801,70.13043478,39.4173913,70.11,83.14347826,29.56956522,38,2025,September
New Acharya Prafulla Chandra College,North 24 Pgs.,9/21/2025,22.697426,88.437801,85.41666667,48.465,85.36291667,78.71125,30.98625,38,2025,September
New Acharya Prafulla Chandra College,North 24 Pgs.,9/22/2025,22.697426,88.437801,65,36.72541667,64.95291667,80.91916667,29.35333333,39,2025,September
New Acharya Prafulla Chandra College,North 24 Pgs.,9/23/2025,22.697426,88.437801,48.25,27.76083333,48.19583333,85.83333333,28.14291667,39,2025,September
New Acharya Prafulla Chandra College,North 24 Pgs.,9/24/2025,22.697426,88.437801,51.41666667,29.43458333,51.3425,78.95791667,30.62208333,39,2025,September
New Acharya Prafulla Chandra College,North 24 Pgs.,9/25/2025,22.697426,88.437801,51.5,29.22208333,51.51333333,77.68125,31.30875,39,2025,September
New Acharya Prafulla Chandra College,North 24 Pgs.,9/26/2025,22.697426,88.437801,40.54166667,23.26083333,40.43625,80.81791667,30.36583333,39,2025,September
New Acharya Prafulla Chandra College,North 24 Pgs.,9/27/2025,22.697426,88.437801,38.95833333,22.40666667,38.92,78.32375,30.84916667,39,2025,September
New Acharya Prafulla Chandra College,North 24 Pgs.,9/28/2025,22.697426,88.437801,37.875,21.65708333,37.83625,75.17,31.67125,39,2025,September
New Acharya Prafulla Chandra College,North 24 Pgs.,9/29/2025,22.697426,88.437801,50.20833333,28.24833333,50.31333333,73.20875,32.36958333,40,2025,September
New Acharya Prafulla Chandra College,North 24 Pgs.,9/30/2025,22.697426,88.437801,56.125,31.73916667,56.09166667,73.68166667,32.24708333,40,2025,September
New Acharya Prafulla Chandra College,North 24 Pgs.,10/1/2025,22.697426,88.437801,43.95833333,25.32583333,43.98333333,77.19833333,30.39291667,40,2025,October
New Acharya Prafulla Chandra College,North 24 Pgs.,10/2/2025,22.697426,88.437801,32.08333333,18.57416667,32.1575,86.75541667,28.20208333,40,2025,October
New Acharya Prafulla Chandra College,North 24 Pgs.,10/3/2025,22.697426,88.437801,39.29166667,22.60333333,39.25041667,88.19625,28.09583333,40,2025,October
New Acharya Prafulla Chandra College,North 24 Pgs.,10/4/2025,22.697426,88.437801,42.5,24.56833333,42.59666667,82.7325,29.57625,40,2025,October
New Acharya Prafulla Chandra College,North 24 Pgs.,10/5/2025,22.697426,88.437801,41.5,23.84541667,41.53666667,84.23041667,28.07583333,40,2025,October
New Acharya Prafulla Chandra College,North 24 Pgs.,10/6/2025,22.697426,88.437801,70.16666667,40.04541667,70.28291667,82.92208333,28.40208333,41,2025,October
New Acharya Prafulla Chandra College,North 24 Pgs.,10/7/2025,22.697426,88.437801,71.08333333,40.57083333,71.11125,80.37291667,29.305,41,2025,October
New Acharya Prafulla Chandra College,North 24 Pgs.,10/8/2025,22.697426,88.437801,76.25,43.55291667,76.20958333,81.55458333,29.025,41,2025,October
New Acharya Prafulla Chandra College,North 24 Pgs.,10/9/2025,22.697426,88.437801,81.41666667,46.38,81.64583333,80.23083333,29.49333333,41,2025,October
New Acharya Prafulla Chandra College,North 24 Pgs.,10/10/2025,22.697426,88.437801,81.5,46.41541667,82.13,83.12958333,28.55291667,41,2025,October
New Acharya Prafulla Chandra College,North 24 Pgs.,10/11/2025,22.697426,88.437801,71.58333333,39.45625,71.63875,76.72916667,29.91208333,41,2025,October
New Acharya Prafulla Chandra College,North 24 Pgs.,10/12/2025,22.697426,88.437801,76.91666667,41.85875,77.32541667,73.14583333,30.58291667,41,2025,October
New Acharya Prafulla Chandra College,North 24 Pgs.,10/13/2025,22.697426,88.437801,90.45833333,49.26625,91.12666667,69.765,30.37,42,2025,October
New Acharya Prafulla Chandra College,North 24 Pgs.,10/14/2025,22.697426,88.437801,94.29166667,51.09,95.06708333,68.805,30.18541667,42,2025,October
New Acharya Prafulla Chandra College,North 24 Pgs.,10/15/2025,22.697426,88.437801,100.375,55.18375,101.6225,66.68791667,30.00041667,42,2025,October
New Acharya Prafulla Chandra College,North 24 Pgs.,10/16/2025,22.697426,88.437801,104.1666667,57.0675,105.7875,65.94375,29.73,42,2025,October
New Acharya Prafulla Chandra College,North 24 Pgs.,10/17/2025,22.697426,88.437801,121.4736842,63.91368421,117.6594737,66.94736842,30.64210526,42,2025,October
New Acharya Prafulla Chandra College,North 24 Pgs.,10/18/2025,22.697426,88.437801,96.14285714,51.83857143,96.49,72.85571429,30.21571429,42,2025,October
New Acharya Prafulla Chandra College,North 24 Pgs.,10/19/2025,22.697426,88.437801,91.875,50.8825,92.30375,69.615,31.76625,42,2025,October
New Acharya Prafulla Chandra College,North 24 Pgs.,10/20/2025,22.697426,88.437801,82,46.8,82.2,75.14,32.11,43,2025,October
New Acharya Prafulla Chandra College,North 24 Pgs.,10/22/2025,22.697426,88.437801,126.7,65.174,121.527,64.87,31.81,43,2025,October
New Acharya Prafulla Chandra College,North 24 Pgs.,10/23/2025,22.697426,88.437801,123.1818182,62.78636364,113.9668182,67.45590909,30.76590909,43,2025,October
New Acharya Prafulla Chandra College,North 24 Pgs.,10/24/2025,22.697426,88.437801,119.8333333,62.92208333,115.2183333,66.88666667,30.88958333,43,2025,October
New Acharya Prafulla Chandra College,North 24 Pgs.,10/25/2025,22.697426,88.437801,108.5,57.39041667,106.5341667,67.58416667,31.1175,43,2025,October
New Acharya Prafulla Chandra College,North 24 Pgs.,10/26/2025,22.697426,88.437801,102.7916667,55.8825,101.36375,71.57625,30.79541667,43,2025,October
New Acharya Prafulla Chandra College,North 24 Pgs.,10/27/2025,22.697426,88.437801,99.33333333,54.17416667,97.06708333,70.22375,31.28708333,44,2025,October
New Acharya Prafulla Chandra College,North 24 Pgs.,10/28/2025,22.697426,88.437801,72.04166667,41.28041667,72.79958333,74.22791667,30.24666667,44,2025,October
New Acharya Prafulla Chandra College,North 24 Pgs.,10/29/2025,22.697426,88.437801,46.79166667,26.61541667,46.86958333,88.17625,26.71875,44,2025,October
New Acharya Prafulla Chandra College,North 24 Pgs.,10/30/2025,22.697426,88.437801,41.66666667,23.85583333,41.68458333,83.49458333,28.4075,44,2025,October
New Acharya Prafulla Chandra College,North 24 Pgs.,10/31/2025,22.697426,88.437801,47.20833333,27.0075,47.20958333,78.04458333,29.7725,44,2025,October
New Acharya Prafulla Chandra College,North 24 Pgs.,11/1/2025,22.697426,88.437801,61.54166667,34.67083333,61.6025,77.89958333,29.68291667,44,2025,November
New Acharya Prafulla Chandra College,North 24 Pgs.,11/2/2025,22.697426,88.437801,50.625,28.39625,50.58833333,76.96333333,27.25666667,44,2025,November
New Acharya Prafulla Chandra College,North 24 Pgs.,11/3/2025,22.697426,88.437801,95.29166667,50.59625,93.00916667,69.04916667,28.11458333,45,2025,November
New Acharya Prafulla Chandra College,North 24 Pgs.,11/4/2025,22.697426,88.437801,213.5,94.03083333,170.4779167,72.85291667,27.11958333,45,2025,November
New Acharya Prafulla Chandra College,North 24 Pgs.,11/5/2025,22.697426,88.437801,207.75,92.71125,168.9283333,69.1475,28.03166667,45,2025,November
New Acharya Prafulla Chandra College,North 24 Pgs.,11/6/2025,22.697426,88.437801,176.125,82.18583333,151.2183333,71.83458333,28.73,45,2025,November
New Acharya Prafulla Chandra College,North 24 Pgs.,11/7/2025,22.697426,88.437801,165.75,79.705,144.5570833,69.61416667,28.97666667,45,2025,November
New Acharya Prafulla Chandra College,North 24 Pgs.,11/8/2025,22.697426,88.437801,93.5,50.5925,94.35791667,57.84125,27.65083333,45,2025,November
New Acharya Prafulla Chandra College,North 24 Pgs.,11/9/2025,22.697426,88.437801,105.5833333,55.63333333,103.5825,57.56416667,26.50291667,45,2025,November
New Acharya Prafulla Chandra College,North 24 Pgs.,11/10/2025,22.697426,88.437801,143.5,72.48625,133.72,62.10583333,26.38708333,46,2025,November
New Acharya Prafulla Chandra College,North 24 Pgs.,11/11/2025,22.697426,88.437801,138.875,70.36166667,129.4004167,58.69333333,25.79041667,46,2025,November
New Acharya Prafulla Chandra College,North 24 Pgs.,11/12/2025,22.697426,88.437801,179.9166667,83.95166667,153.4575,61.06416667,25.01708333,46,2025,November
New Acharya Prafulla Chandra College,North 24 Pgs.,11/13/2025,22.697426,88.437801,168.875,80.32875,145.45625,61.99916667,25.18291667,46,2025,November
New Acharya Prafulla Chandra College,North 24 Pgs.,11/14/2025,22.697426,88.437801,161.125,77.40625,140.6516667,62.45583333,25.08791667,46,2025,November
New Acharya Prafulla Chandra College,North 24 Pgs.,11/15/2025,22.697426,88.437801,149.5833333,73.80166667,133.67875,63.96,25.2925,46,2025,November
New Acharya Prafulla Chandra College,North 24 Pgs.,11/16/2025,22.697426,88.437801,161.4583333,77.80625,140.69375,63.31208333,25.35083333,46,2025,November
New Acharya Prafulla Chandra College,North 24 Pgs.,11/17/2025,22.697426,88.437801,141.7916667,69.86666667,126.4620833,64.11416667,25.7375,47,2025,November
New Acharya Prafulla Chandra College,North 24 Pgs.,11/18/2025,22.697426,88.437801,124.9583333,62.9075,115.3004167,63.3425,26.19875,47,2025,November
New Acharya Prafulla Chandra College,North 24 Pgs.,11/19/2025,22.697426,88.437801,102.6666667,54.62625,101.4675,61.62166667,26.86625,47,2025,November
New Acharya Prafulla Chandra College,North 24 Pgs.,11/20/2025,22.697426,88.437801,137.75,67.47666667,124.49375,61.07375,26.86541667,47,2025,November
New Acharya Prafulla Chandra College,North 24 Pgs.,11/21/2025,22.697426,88.437801,169.875,79.96791667,144.9629167,63.46833333,26.13708333,47,2025,November
New Acharya Prafulla Chandra College,North 24 Pgs.,11/22/2025,22.697426,88.437801,225.1818182,97.705,178.3322727,67.63409091,25.19454545,47,2025,November
New Acharya Prafulla Chandra College,North 24 Pgs.,11/23/2025,22.697426,88.437801,210.0416667,92.97041667,167.9979167,67.70125,25.4425,47,2025,November
New Acharya Prafulla Chandra College,North 24 Pgs.,11/24/2025,22.697426,88.437801,190.4166667,87.12041667,157.14375,64.83458333,24.58833333,48,2025,November
New Acharya Prafulla Chandra College,North 24 Pgs.,11/25/2025,22.697426,88.437801,215.9583333,94.77625,172.7158333,63.65958333,23.47458333,48,2025,November
New Acharya Prafulla Chandra College,North 24 Pgs.,11/26/2025,22.697426,88.437801,179.5416667,83.86583333,151.8875,60.54791667,23.2825,48,2025,November
New Acharya Prafulla Chandra College,North 24 Pgs.,11/27/2025,22.697426,88.437801,143.625,69.48166667,126.74375,64.96208333,24.20833333,48,2025,November
New Acharya Prafulla Chandra College,North 24 Pgs.,11/28/2025,22.697426,88.437801,156.4583333,73.85583333,136.5745833,65.1525,25.20416667,48,2025,November
New Acharya Prafulla Chandra College,North 24 Pgs.,11/29/2025,22.697426,88.437801,171.5833333,79.53541667,148.2829167,66.49208333,24.64125,48,2025,November
New Acharya Prafulla Chandra College,North 24 Pgs.,11/30/2025,22.697426,88.437801,193.875,88.09625,162.8608333,67.47833333,24.39541667,48,2025,November
New Acharya Prafulla Chandra College,North 24 Pgs.,12/1/2025,22.697426,88.437801,274,112.31,212.61,81.1,21.02,49,2025,December
New Barrackpore Municipality,North 24 Pgs.,8/31/2025,22.6910283,88.4466683,36.125,20.04041667,36.10791667,75.14125,31.41916667,35,2025,August
New Barrackpore Municipality,North 24 Pgs.,9/1/2025,22.6910283,88.4466683,49.41666667,26.57375,49.43625,75.82041667,32.95833333,36,2025,September
New Barrackpore Municipality,North 24 Pgs.,9/2/2025,22.6910283,88.4466683,33.10526316,18.70578947,33.07421053,84.19736842,29.70421053,36,2025,September
New Barrackpore Municipality,North 24 Pgs.,9/3/2025,22.6910283,88.4466683,29.85,16.876,29.754,87.64,28.402,36,2025,September
New Barrackpore Municipality,North 24 Pgs.,9/4/2025,22.6910283,88.4466683,33.125,18.58833333,33.04291667,83.88208333,29.87375,36,2025,September
New Barrackpore Municipality,North 24 Pgs.,9/5/2025,22.6910283,88.4466683,41.5,22.66375,41.44166667,78.3775,31.30875,36,2025,September
New Barrackpore Municipality,North 24 Pgs.,9/6/2025,22.6910283,88.4466683,45.66666667,24.23958333,45.69166667,74.35125,32.36125,36,2025,September
New Barrackpore Municipality,North 24 Pgs.,9/7/2025,22.6910283,88.4466683,43.33333333,23.50708333,43.38666667,74.4925,32.07083333,36,2025,September
New Barrackpore Municipality,North 24 Pgs.,9/8/2025,22.6910283,88.4466683,42.91666667,22.8,42.9475,71.99708333,32.48333333,37,2025,September
New Barrackpore Municipality,North 24 Pgs.,9/9/2025,22.6910283,88.4466683,45.66666667,24.26916667,45.67791667,73.21708333,32.44541667,37,2025,September
New Barrackpore Municipality,North 24 Pgs.,9/10/2025,22.6910283,88.4466683,45.33333333,24.16,45.34791667,71.4375,32.92833333,37,2025,September
New Barrackpore Municipality,North 24 Pgs.,9/11/2025,22.6910283,88.4466683,43.125,23.55041667,43.17791667,75.21625,32.48875,37,2025,September
New Barrackpore Municipality,North 24 Pgs.,9/12/2025,22.6910283,88.4466683,38.75,21.35833333,38.69583333,76.7125,31.96875,37,2025,September
New Barrackpore Municipality,North 24 Pgs.,9/13/2025,22.6910283,88.4466683,37.2173913,20.61652174,37.20347826,78.23086957,31.38086957,37,2025,September
New Barrackpore Municipality,North 24 Pgs.,9/14/2025,22.6910283,88.4466683,37.39130435,21.24086957,37.43869565,87.82826087,28.82913043,37,2025,September
New Barrackpore Municipality,North 24 Pgs.,9/15/2025,22.6910283,88.4466683,36.58333333,20.89208333,36.60833333,87.28208333,28.85166667,38,2025,September
New Barrackpore Municipality,North 24 Pgs.,9/16/2025,22.6910283,88.4466683,39.58333333,22.5175,39.54041667,87.73125,28.52125,38,2025,September
New Barrackpore Municipality,North 24 Pgs.,9/17/2025,22.6910283,88.4466683,40.75,23.07875,40.73875,82.76333333,30.03,38,2025,September
New Barrackpore Municipality,North 24 Pgs.,9/18/2025,22.6910283,88.4466683,43,24.14916667,43.11416667,75.66625,32.2175,38,2025,September
New Barrackpore Municipality,North 24 Pgs.,9/19/2025,22.6910283,88.4466683,55.41666667,31.01416667,55.35083333,79.96958333,31.75208333,38,2025,September
New Barrackpore Municipality,North 24 Pgs.,9/20/2025,22.6910283,88.4466683,55.875,31.60291667,55.99208333,85.62083333,29.70166667,38,2025,September
New Barrackpore Municipality,North 24 Pgs.,9/21/2025,22.6910283,88.4466683,72.20833333,40.38041667,72.23083333,80.26125,31.16875,38,2025,September
New Barrackpore Municipality,North 24 Pgs.,9/22/2025,22.6910283,88.4466683,52.54166667,29.62958333,52.49,84.57833333,29.49166667,39,2025,September
New Barrackpore Municipality,North 24 Pgs.,9/23/2025,22.6910283,88.4466683,41.66666667,23.70166667,41.69916667,88.76875,28.06125,39,2025,September
New Barrackpore Municipality,North 24 Pgs.,9/24/2025,22.6910283,88.4466683,43.83333333,24.75416667,43.92333333,79.10125,31.09458333,39,2025,September
New Barrackpore Municipality,North 24 Pgs.,9/25/2025,22.6910283,88.4466683,42.04166667,23.67583333,42.12166667,77.64666667,31.72333333,39,2025,September
New Barrackpore Municipality,North 24 Pgs.,9/26/2025,22.6910283,88.4466683,36.08333333,20.51791667,36.01875,81.89791667,30.76041667,39,2025,September
New Barrackpore Municipality,North 24 Pgs.,9/27/2025,22.6910283,88.4466683,35.91666667,20.19958333,35.8575,80.005,31.3,39,2025,September
New Barrackpore Municipality,North 24 Pgs.,9/28/2025,22.6910283,88.4466683,35.75,19.92208333,35.71916667,75.97125,32.01625,39,2025,September
New Barrackpore Municipality,North 24 Pgs.,9/29/2025,22.6910283,88.4466683,47.125,24.86208333,47.05583333,75.02083333,32.42875,40,2025,September
New Barrackpore Municipality,North 24 Pgs.,9/30/2025,22.6910283,88.4466683,48.54166667,26.66291667,48.47166667,75.18041667,32.40791667,40,2025,September
New Barrackpore Municipality,North 24 Pgs.,10/1/2025,22.6910283,88.4466683,39.5,22.295,39.52625,78.78916667,30.79916667,40,2025,October
New Barrackpore Municipality,North 24 Pgs.,10/2/2025,22.6910283,88.4466683,30.16666667,17.04666667,30.19,89.47833333,28.34666667,40,2025,October
New Barrackpore Municipality,North 24 Pgs.,10/3/2025,22.6910283,88.4466683,36.94117647,20.98411765,36.86941176,89.97941176,28.51882353,40,2025,October
New Barrackpore Municipality,North 24 Pgs.,10/4/2025,22.6910283,88.4466683,38.04166667,21.71083333,38.04666667,85.59166667,29.76166667,40,2025,October
New Barrackpore Municipality,North 24 Pgs.,10/5/2025,22.6910283,88.4466683,36.33333333,20.61666667,36.3125,86.52041667,28.43708333,40,2025,October
New Barrackpore Municipality,North 24 Pgs.,10/6/2025,22.6910283,88.4466683,56.33333333,31.89,56.18291667,85.72625,28.57791667,41,2025,October
New Barrackpore Municipality,North 24 Pgs.,10/7/2025,22.6910283,88.4466683,56.04166667,31.92083333,55.97583333,81.97458333,29.47125,41,2025,October
New Barrackpore Municipality,North 24 Pgs.,10/8/2025,22.6910283,88.4466683,58.95833333,33.74125,58.84041667,83.37291667,29.165,41,2025,October
New Barrackpore Municipality,North 24 Pgs.,10/9/2025,22.6910283,88.4466683,62.45833333,35.60333333,62.50583333,82.07458333,29.44541667,41,2025,October
New Barrackpore Municipality,North 24 Pgs.,10/10/2025,22.6910283,88.4466683,62.625,35.52583333,62.68125,85.48791667,28.4025,41,2025,October
New Barrackpore Municipality,North 24 Pgs.,10/11/2025,22.6910283,88.4466683,54.75,29.98,54.68041667,79.54458333,29.62666667,41,2025,October
New Barrackpore Municipality,North 24 Pgs.,10/12/2025,22.6910283,88.4466683,60,32.06083333,59.90375,75.395,30.35416667,41,2025,October
New Barrackpore Municipality,North 24 Pgs.,10/13/2025,22.6910283,88.4466683,66.79166667,36.29208333,66.8175,72.66833333,30.08083333,42,2025,October
New Barrackpore Municipality,North 24 Pgs.,10/14/2025,22.6910283,88.4466683,70.83333333,38.45416667,70.86875,71.52666667,29.93541667,42,2025,October
New Barrackpore Municipality,North 24 Pgs.,10/15/2025,22.6910283,88.4466683,74.58333333,40.11666667,74.4525,69.35291667,29.73375,42,2025,October
New Barrackpore Municipality,North 24 Pgs.,10/16/2025,22.6910283,88.4466683,77.29166667,41.44125,77.40833333,67.89916667,29.55625,42,2025,October
New Barrackpore Municipality,North 24 Pgs.,10/17/2025,22.6910283,88.4466683,86.54166667,46.8775,86.52041667,70.29166667,30.07583333,42,2025,October
New Barrackpore Municipality,North 24 Pgs.,10/18/2025,22.6910283,88.4466683,79.625,43.38666667,79.66541667,72.39208333,30.63208333,42,2025,October
New Barrackpore Municipality,North 24 Pgs.,10/19/2025,22.6910283,88.4466683,72.16666667,39.40166667,72.25166667,72.53166667,31.19541667,42,2025,October
New Barrackpore Municipality,North 24 Pgs.,10/20/2025,22.6910283,88.4466683,80.25,43.23,78.31416667,73.48291667,31.425,43,2025,October
New Barrackpore Municipality,North 24 Pgs.,10/21/2025,22.6910283,88.4466683,89.66666667,48.73791667,88.60875,70.805,31.14375,43,2025,October
New Barrackpore Municipality,North 24 Pgs.,10/22/2025,22.6910283,88.4466683,113.3333333,59.56291667,113.4054167,70.23875,30.79708333,43,2025,October
New Barrackpore Municipality,North 24 Pgs.,10/23/2025,22.6910283,88.4466683,95.20833333,50.17625,95.19,67.01125,31.21958333,43,2025,October
New Barrackpore Municipality,North 24 Pgs.,10/24/2025,22.6910283,88.4466683,96.70833333,51.74416667,99.125,68.35916667,30.88375,43,2025,October
New Barrackpore Municipality,North 24 Pgs.,10/25/2025,22.6910283,88.4466683,96.41666667,51.71291667,98.17208333,69.59583333,30.87416667,43,2025,October
New Barrackpore Municipality,North 24 Pgs.,10/26/2025,22.6910283,88.4466683,87.54166667,46.35916667,88.77958333,73.40583333,30.77708333,43,2025,October
New Barrackpore Municipality,North 24 Pgs.,10/27/2025,22.6910283,88.4466683,88.75,47.70916667,89.5475,70.37916667,31.6,44,2025,October
New Barrackpore Municipality,North 24 Pgs.,10/28/2025,22.6910283,88.4466683,66.08333333,36.76916667,66.1,75.40958333,30.60833333,44,2025,October
New Barrackpore Municipality,North 24 Pgs.,10/29/2025,22.6910283,88.4466683,40.91666667,23.355,40.94041667,88.43916667,27.11416667,44,2025,October
New Barrackpore Municipality,North 24 Pgs.,10/30/2025,22.6910283,88.4466683,38.25,21.67583333,38.34166667,84.68625,28.49041667,44,2025,October
New Barrackpore Municipality,North 24 Pgs.,10/31/2025,22.6910283,88.4466683,44.83333333,25.05666667,44.87416667,79.77833333,29.82541667,44,2025,October
New Barrackpore Municipality,North 24 Pgs.,11/1/2025,22.6910283,88.4466683,56.33333333,30.86708333,56.31416667,80.96791667,29.98833333,44,2025,November
New Barrackpore Municipality,North 24 Pgs.,11/2/2025,22.6910283,88.4466683,44.29166667,24.30291667,44.275,79.8075,27.5175,44,2025,November
New Barrackpore Municipality,North 24 Pgs.,11/3/2025,22.6910283,88.4466683,77.66666667,42.1225,78.76125,70.68708333,28.12666667,45,2025,November
New Barrackpore Municipality,North 24 Pgs.,11/4/2025,22.6910283,88.4466683,148.4583333,74.53458333,135.3379167,75.63916667,27.20458333,45,2025,November
New Barrackpore Municipality,North 24 Pgs.,11/5/2025,22.6910283,88.4466683,148.8333333,74.135,136.7016667,71.07958333,28.14166667,45,2025,November
New Barrackpore Municipality,North 24 Pgs.,11/6/2025,22.6910283,88.4466683,128.4166667,66.03208333,123.42,74.27291667,28.67625,45,2025,November
New Barrackpore Municipality,North 24 Pgs.,11/7/2025,22.6910283,88.4466683,118.1666667,63.59208333,116.665,72.10375,28.92833333,45,2025,November
New Barrackpore Municipality,North 24 Pgs.,11/8/2025,22.6910283,88.4466683,77.5,41.21875,77.54416667,59.13208333,27.55,45,2025,November
New Barrackpore Municipality,North 24 Pgs.,11/9/2025,22.6910283,88.4466683,81.41666667,42.92541667,82.57333333,57.20375,26.50916667,45,2025,November
New Barrackpore Municipality,North 24 Pgs.,11/10/2025,22.6910283,88.4466683,104.3333333,57.24875,107.2183333,63.20958333,26.42208333,46,2025,November
New Barrackpore Municipality,North 24 Pgs.,11/11/2025,22.6910283,88.4466683,100.8333333,55.02083333,103.0445833,59.19833333,25.7475,46,2025,November
New Barrackpore Municipality,North 24 Pgs.,11/12/2025,22.6910283,88.4466683,118.9166667,64.00458333,120.0125,61.81416667,24.75833333,46,2025,November
New Barrackpore Municipality,North 24 Pgs.,11/13/2025,22.6910283,88.4466683,119.9583333,63.31166667,121.5129167,63.29041667,25.05708333,46,2025,November
New Barrackpore Municipality,North 24 Pgs.,11/14/2025,22.6910283,88.4466683,111,59.15791667,114.13,64.05208333,24.99875,46,2025,November
New Barrackpore Municipality,North 24 Pgs.,11/15/2025,22.6910283,88.4466683,108.5,57.87458333,113.8508333,66.38541667,25.1875,46,2025,November
New Barrackpore Municipality,North 24 Pgs.,11/16/2025,22.6910283,88.4466683,108.1666667,58.60458333,111.19125,65.61166667,25.20666667,46,2025,November
New Barrackpore Municipality,North 24 Pgs.,11/17/2025,22.6910283,88.4466683,102.0416667,54.45,104.2170833,66.38958333,25.5675,47,2025,November
New Barrackpore Municipality,North 24 Pgs.,11/18/2025,22.6910283,88.4466683,93.73913043,49.21043478,95.98304348,66.73130435,25.69565217,47,2025,November
New Barrackpore Municipality,North 24 Pgs.,11/19/2025,22.6910283,88.4466683,88.41666667,44.67291667,91.36083333,63.52166667,26.76041667,47,2025,November
New Barrackpore Municipality,North 24 Pgs.,11/20/2025,22.6910283,88.4466683,100.7083333,53.16625,103.5570833,63.16125,26.625,47,2025,November
New Barrackpore Municipality,North 24 Pgs.,11/21/2025,22.6910283,88.4466683,111.0416667,59.07916667,112.2970833,65.21958333,25.97375,47,2025,November
New Barrackpore Municipality,North 24 Pgs.,11/22/2025,22.6910283,88.4466683,144.375,72.82916667,139.275,68.77708333,25.41458333,47,2025,November
New Barrackpore Municipality,North 24 Pgs.,11/23/2025,22.6910283,88.4466683,139.9583333,70.17708333,134.21375,69.83416667,25.29541667,47,2025,November
New Barrackpore Municipality,North 24 Pgs.,11/24/2025,22.6910283,88.4466683,122.1666667,65.95958333,124.8741667,66.08541667,24.48541667,48,2025,November
New Barrackpore Municipality,North 24 Pgs.,11/25/2025,22.6910283,88.4466683,133.2916667,69.05458333,132.1058333,64.9425,23.4225,48,2025,November
New Barrackpore Municipality,North 24 Pgs.,11/26/2025,22.6910283,88.4466683,118.0416667,63.58333333,119.44375,61.85833333,23.21791667,48,2025,November
New Barrackpore Municipality,North 24 Pgs.,11/27/2025,22.6910283,88.4466683,97.5,52.29583333,98.73625,66.99458333,24.115,48,2025,November
New Barrackpore Municipality,North 24 Pgs.,11/28/2025,22.6910283,88.4466683,93.79166667,50.23875,95.84,67.53125,24.96166667,48,2025,November
New Barrackpore Municipality,North 24 Pgs.,11/29/2025,22.6910283,88.4466683,106.625,56.83708333,109.9754167,68.53416667,24.59666667,48,2025,November
New Barrackpore Municipality,North 24 Pgs.,11/30/2025,22.6910283,88.4466683,116.4583333,62.01041667,117.5158333,70.10083333,24.24583333,48,2025,November
New Barrackpore Municipality,North 24 Pgs.,12/1/2025,22.6910283,88.4466683,138,71.46,137,83.77,21.36,49,2025,December
New Town Kolkata Development Authority (A-1)- HIDCO,North 24 Pgs.,8/31/2025,22.61075,88.471695,50.125,29.3975,48.94375,80.25333333,31.47083333,35,2025,August
New Town Kolkata Development Authority (A-1)- HIDCO,North 24 Pgs.,9/1/2025,22.61075,88.471695,75.79166667,44.09541667,66.53375,79.53916667,32.28708333,36,2025,September
New Town Kolkata Development Authority (A-1)- HIDCO,North 24 Pgs.,9/2/2025,22.61075,88.471695,35,20.98777778,33.96277778,86.91166667,29.22888889,36,2025,September
New Town Kolkata Development Authority (A-1)- HIDCO,North 24 Pgs.,9/3/2025,22.61075,88.471695,35.30434783,21.16565217,34.68130435,89.94608696,28.35782609,36,2025,September
New Town Kolkata Development Authority (A-1)- HIDCO,North 24 Pgs.,9/4/2025,22.61075,88.471695,41.79166667,25.06708333,40.68125,87.3625,29.31625,36,2025,September
New Town Kolkata Development Authority (A-1)- HIDCO,North 24 Pgs.,9/5/2025,22.61075,88.471695,68.83333333,39.26625,61.30125,82.65375,30.64541667,36,2025,September
New Town Kolkata Development Authority (A-1)- HIDCO,North 24 Pgs.,9/6/2025,22.61075,88.471695,65.83333333,39.44291667,63.53041667,79.33041667,31.53416667,36,2025,September
New Town Kolkata Development Authority (A-1)- HIDCO,North 24 Pgs.,9/7/2025,22.61075,88.471695,60.54166667,36.28666667,58.61,79.00125,31.46791667,36,2025,September
New Town Kolkata Development Authority (A-1)- HIDCO,North 24 Pgs.,9/8/2025,22.61075,88.471695,58.66666667,34.77541667,56.775,77.13791667,31.705,37,2025,September
New Town Kolkata Development Authority (A-1)- HIDCO,North 24 Pgs.,9/9/2025,22.61075,88.471695,66,39.33083333,61.54791667,76.755,32.02875,37,2025,September
New Town Kolkata Development Authority (A-1)- HIDCO,North 24 Pgs.,9/10/2025,22.61075,88.471695,61.33333333,36.80541667,56.9125,76.29,32.20541667,37,2025,September
New Town Kolkata Development Authority (A-1)- HIDCO,North 24 Pgs.,9/11/2025,22.61075,88.471695,57.16666667,34.09416667,53.59833333,78.44583333,31.98291667,37,2025,September
New Town Kolkata Development Authority (A-1)- HIDCO,North 24 Pgs.,9/12/2025,22.61075,88.471695,49.65217391,29.53869565,47.06347826,82.45391304,30.83130435,37,2025,September
New Town Kolkata Development Authority (A-1)- HIDCO,North 24 Pgs.,9/13/2025,22.61075,88.471695,48.125,28.78166667,46.44458333,80.43833333,31.15708333,37,2025,September
New Town Kolkata Development Authority (A-1)- HIDCO,North 24 Pgs.,9/14/2025,22.61075,88.471695,47.85714286,28.66714286,45.28238095,87.79095238,29.5452381,37,2025,September
New Town Kolkata Development Authority (A-1)- HIDCO,North 24 Pgs.,9/15/2025,22.61075,88.471695,48.65217391,29.17869565,44.91086957,87.26478261,29.16304348,38,2025,September
New Town Kolkata Development Authority (A-1)- HIDCO,North 24 Pgs.,9/16/2025,22.61075,88.471695,55.39130435,33.18347826,49.21,89.06608696,28.74695652,38,2025,September
New Town Kolkata Development Authority (A-1)- HIDCO,North 24 Pgs.,9/17/2025,22.61075,88.471695,58.54166667,35.13458333,53.01166667,86.5325,29.53291667,38,2025,September
New Town Kolkata Development Authority (A-1)- HIDCO,North 24 Pgs.,9/18/2025,22.61075,88.471695,61.5,36.97,55.68291667,80.77041667,31.37041667,38,2025,September
New Town Kolkata Development Authority (A-1)- HIDCO,North 24 Pgs.,9/19/2025,22.61075,88.471695,107.375,57.86083333,81.22166667,83.525,31.1525,38,2025,September
New Town Kolkata Development Authority (A-1)- HIDCO,North 24 Pgs.,9/20/2025,22.61075,88.471695,108.8695652,58.92304348,80.66956522,87.7273913,29.45608696,38,2025,September
New Town Kolkata Development Authority (A-1)- HIDCO,North 24 Pgs.,9/21/2025,22.61075,88.471695,182.5833333,84.75208333,111.6070833,81.89708333,31.04541667,38,2025,September
New Town Kolkata Development Authority (A-1)- HIDCO,North 24 Pgs.,9/22/2025,22.61075,88.471695,98.83333333,53.41208333,73.79583333,86.46166667,29.27791667,39,2025,September
New Town Kolkata Development Authority (A-1)- HIDCO,North 24 Pgs.,9/23/2025,22.61075,88.471695,68.4,40.191,55.932,89.723,28.5785,39,2025,September
New Town Kolkata Development Authority (A-1)- HIDCO,North 24 Pgs.,9/24/2025,22.61075,88.471695,72.5,43.345,61.8925,84.36958333,30.12333333,39,2025,September
New Town Kolkata Development Authority (A-1)- HIDCO,North 24 Pgs.,9/25/2025,22.61075,88.471695,63.63636364,38.19727273,55.79681818,80.31272727,31.39681818,39,2025,September
New Town Kolkata Development Authority (A-1)- HIDCO,North 24 Pgs.,9/26/2025,22.61075,88.471695,53.04166667,31.75625,47.395,85.01708333,30.25041667,39,2025,September
New Town Kolkata Development Authority (A-1)- HIDCO,North 24 Pgs.,9/27/2025,22.61075,88.471695,49.83333333,29.90666667,47.21958333,82.95041667,30.69041667,39,2025,September
New Town Kolkata Development Authority (A-1)- HIDCO,North 24 Pgs.,9/28/2025,22.61075,88.471695,47.54166667,28.45375,45.97333333,81.0225,31.2225,39,2025,September
New Town Kolkata Development Authority (A-1)- HIDCO,North 24 Pgs.,9/29/2025,22.61075,88.471695,63.79166667,36.52375,58.26708333,78.64458333,31.83666667,40,2025,September
New Town Kolkata Development Authority (A-1)- HIDCO,North 24 Pgs.,9/30/2025,22.61075,88.471695,78.5,46.72416667,68.08333333,78.0975,31.7125,40,2025,September
New Town Kolkata Development Authority (A-1)- HIDCO,North 24 Pgs.,10/1/2025,22.61075,88.471695,54.20833333,32.45458333,48.53625,83.45291667,29.93166667,40,2025,October
New Town Kolkata Development Authority (A-1)- HIDCO,North 24 Pgs.,10/2/2025,22.61075,88.471695,34.85714286,20.92428571,33.7,91.96333333,28.14190476,40,2025,October
New Town Kolkata Development Authority (A-1)- HIDCO,North 24 Pgs.,10/3/2025,22.61075,88.471695,49.08333333,29.47,45.97666667,92.3925,28.30625,40,2025,October
New Town Kolkata Development Authority (A-1)- HIDCO,North 24 Pgs.,10/4/2025,22.61075,88.471695,56.56521739,33.94130435,52.25130435,87.7,29.69608696,40,2025,October
New Town Kolkata Development Authority (A-1)- HIDCO,North 24 Pgs.,10/5/2025,22.61075,88.471695,53.26086957,31.99695652,47.2926087,89.45956522,28.09478261,40,2025,October
New Town Kolkata Development Authority (A-1)- HIDCO,North 24 Pgs.,10/6/2025,22.61075,88.471695,119.5,62.52083333,84.57791667,87.74375,28.47,41,2025,October
New Town Kolkata Development Authority (A-1)- HIDCO,North 24 Pgs.,10/7/2025,22.61075,88.471695,104.5833333,57.72666667,77.20583333,85.91791667,28.78291667,41,2025,October
New Town Kolkata Development Authority (A-1)- HIDCO,North 24 Pgs.,10/8/2025,22.61075,88.471695,121.2173913,64.13782609,84.55695652,87.99,28.5526087,41,2025,October
New Town Kolkata Development Authority (A-1)- HIDCO,North 24 Pgs.,10/9/2025,22.61075,88.471695,128.25,67.26666667,90.17333333,84.74416667,28.96583333,41,2025,October
New Town Kolkata Development Authority (A-1)- HIDCO,North 24 Pgs.,10/10/2025,22.61075,88.471695,173.2727273,80.51363636,106.0318182,85.72045455,28.63318182,41,2025,October
New Town Kolkata Development Authority (A-1)- HIDCO,North 24 Pgs.,10/11/2025,22.61075,88.471695,99.20833333,56.35458333,79.34375,83.895,28.87041667,41,2025,October
New Town Kolkata Development Authority (A-1)- HIDCO,North 24 Pgs.,10/12/2025,22.61075,88.471695,121.2916667,62.8725,91.01375,78.13833333,29.60041667,41,2025,October
New Town Kolkata Development Authority (A-1)- HIDCO,North 24 Pgs.,10/13/2025,22.61075,88.471695,167,80.10416667,112.77375,74.87708333,29.34666667,42,2025,October
New Town Kolkata Development Authority (A-1)- HIDCO,North 24 Pgs.,10/14/2025,22.61075,88.471695,188.6666667,86.5825,119.5733333,72.3275,29.32833333,42,2025,October
New Town Kolkata Development Authority (A-1)- HIDCO,North 24 Pgs.,10/15/2025,22.61075,88.471695,206.9583333,92.13083333,129.31375,70.72708333,28.89916667,42,2025,October
New Town Kolkata Development Authority (A-1)- HIDCO,North 24 Pgs.,10/16/2025,22.61075,88.471695,224.75,98.04583333,139.0766667,71.77791667,28.49041667,42,2025,October
New Town Kolkata Development Authority (A-1)- HIDCO,North 24 Pgs.,10/17/2025,22.61075,88.471695,274.375,119.14875,165.93375,74.06375,29.17,42,2025,October
New Town Kolkata Development Authority (A-1)- HIDCO,North 24 Pgs.,10/18/2025,22.61075,88.471695,232.375,103.2270833,141.1054167,75.51916667,29.86541667,42,2025,October
New Town Kolkata Development Authority (A-1)- HIDCO,North 24 Pgs.,10/19/2025,22.61075,88.471695,176,83.40375,114.99125,77.05833333,30.31875,42,2025,October
New Town Kolkata Development Authority (A-1)- HIDCO,North 24 Pgs.,10/20/2025,22.61075,88.471695,211.375,101.1395833,132.5808333,76.75291667,30.56125,43,2025,October
New Town Kolkata Development Authority (A-1)- HIDCO,North 24 Pgs.,10/21/2025,22.61075,88.471695,220.25,106.4320833,142.9358333,73.21708333,30.34166667,43,2025,October
New Town Kolkata Development Authority (A-1)- HIDCO,North 24 Pgs.,10/22/2025,22.61075,88.471695,121.75,64.16375,119.63,73.62958333,29.85666667,43,2025,October
New Town Kolkata Development Authority (A-1)- HIDCO,North 24 Pgs.,10/23/2025,22.61075,88.471695,109.2083333,56.01833333,105.7429167,71.34333333,30.22291667,43,2025,October
New Town Kolkata Development Authority (A-1)- HIDCO,North 24 Pgs.,10/24/2025,22.61075,88.471695,112.0833333,59.00166667,113.52375,74.02166667,29.86958333,43,2025,October
New Town Kolkata Development Authority (A-1)- HIDCO,North 24 Pgs.,10/25/2025,22.61075,88.471695,109.1666667,57.32458333,108.1241667,74.62541667,29.8275,43,2025,October
New Town Kolkata Development Authority (A-1)- HIDCO,North 24 Pgs.,10/26/2025,22.61075,88.471695,95.83333333,50.51,97.52916667,77.74333333,29.83416667,43,2025,October
New Town Kolkata Development Authority (A-1)- HIDCO,North 24 Pgs.,10/27/2025,22.61075,88.471695,107.25,57.23916667,106.9341667,76.14875,30.56916667,44,2025,October
New Town Kolkata Development Authority (A-1)- HIDCO,North 24 Pgs.,10/28/2025,22.61075,88.471695,81.625,43.37708333,79.73291667,80.27125,29.85625,44,2025,October
New Town Kolkata Development Authority (A-1)- HIDCO,North 24 Pgs.,10/29/2025,22.61075,88.471695,48.95,27.0015,48.859,92.5545,27.1405,44,2025,October
New Town Kolkata Development Authority (A-1)- HIDCO,North 24 Pgs.,10/30/2025,22.61075,88.471695,41.20833333,22.86958333,41.14416667,86.90416667,28.45625,44,2025,October
New Town Kolkata Development Authority (A-1)- HIDCO,North 24 Pgs.,10/31/2025,22.61075,88.471695,43.70833333,23.85541667,43.65208333,81.82041667,29.60291667,44,2025,October
New Town Kolkata Development Authority (A-1)- HIDCO,North 24 Pgs.,11/1/2025,22.61075,88.471695,56.16666667,30.81125,56.18541667,83.43583333,29.50208333,44,2025,November
New Town Kolkata Development Authority (A-1)- HIDCO,North 24 Pgs.,11/2/2025,22.61075,88.471695,44.08333333,24.38875,44.10208333,81.27875,26.95125,44,2025,November
New Town Kolkata Development Authority (A-1)- HIDCO,North 24 Pgs.,11/3/2025,22.61075,88.471695,90.25,47.6175,89.05291667,71.69541667,27.43041667,45,2025,November
New Town Kolkata Development Authority (A-1)- HIDCO,North 24 Pgs.,11/4/2025,22.61075,88.471695,238.0833333,101.4079167,185.7925,75.68916667,26.7425,45,2025,November
New Town Kolkata Development Authority (A-1)- HIDCO,North 24 Pgs.,11/5/2025,22.61075,88.471695,227.8333333,98.50041667,162.96125,73.48041667,27.21083333,45,2025,November
New Town Kolkata Development Authority (A-1)- HIDCO,North 24 Pgs.,11/6/2025,22.61075,88.471695,167.625,79.58291667,109.0508333,78.50708333,27.66416667,45,2025,November
New Town Kolkata Development Authority (A-1)- HIDCO,North 24 Pgs.,11/7/2025,22.61075,88.471695,163.0833333,78.91125,105.6354167,73.3875,28.19666667,45,2025,November
New Town Kolkata Development Authority (A-1)- HIDCO,North 24 Pgs.,11/8/2025,22.61075,88.471695,80.41666667,47.51166667,67.54375,59.3275,26.83208333,45,2025,November
New Town Kolkata Development Authority (A-1)- HIDCO,North 24 Pgs.,11/9/2025,22.61075,88.471695,80.41666667,48.0825,73.60375,58.38458333,25.5225,45,2025,November
New Town Kolkata Development Authority (A-1)- HIDCO,North 24 Pgs.,11/10/2025,22.61075,88.471695,128.9166667,68.33916667,99.63375,65.89875,25.185,46,2025,November
New Town Kolkata Development Authority (A-1)- HIDCO,North 24 Pgs.,11/11/2025,22.61075,88.471695,140.25,71.13375,109.00125,63.77208333,24.39875,46,2025,November
New Town Kolkata Development Authority (A-1)- HIDCO,North 24 Pgs.,11/12/2025,22.61075,88.471695,184.0416667,85.20041667,135.0254167,66.95,23.65083333,46,2025,November
New Town Kolkata Development Authority (A-1)- HIDCO,North 24 Pgs.,11/13/2025,22.61075,88.471695,172.7083333,81.7975,122.76375,67.34,23.81208333,46,2025,November
New Town Kolkata Development Authority (A-1)- HIDCO,North 24 Pgs.,11/14/2025,22.61075,88.471695,160.25,77.69125,120.05375,69.19833333,23.49875,46,2025,November
New Town Kolkata Development Authority (A-1)- HIDCO,North 24 Pgs.,11/15/2025,22.61075,88.471695,137.375,70.43916667,108.43625,70.42833333,23.97958333,46,2025,November
New Town Kolkata Development Authority (A-1)- HIDCO,North 24 Pgs.,11/16/2025,22.61075,88.471695,139.7083333,71.41166667,104.87375,69.01375,23.9125,46,2025,November
New Town Kolkata Development Authority (A-1)- HIDCO,North 24 Pgs.,11/17/2025,22.61075,88.471695,135.4583333,68.365,101.0916667,69.99958333,24.39666667,47,2025,November
New Town Kolkata Development Authority (A-1)- HIDCO,North 24 Pgs.,11/18/2025,22.61075,88.471695,106.7083333,56.67416667,93.49416667,71.74208333,24.64458333,47,2025,November
New Town Kolkata Development Authority (A-1)- HIDCO,North 24 Pgs.,11/19/2025,22.61075,88.471695,85.125,48.1175,82.80541667,69.20583333,25.1875,47,2025,November
New Town Kolkata Development Authority (A-1)- HIDCO,North 24 Pgs.,11/20/2025,22.61075,88.471695,114.2916667,60.93666667,99.20583333,68.24916667,25.33708333,47,2025,November
New Town Kolkata Development Authority (A-1)- HIDCO,North 24 Pgs.,11/21/2025,22.61075,88.471695,142.0416667,71.55416667,114.9720833,70.64333333,24.62708333,47,2025,November
New Town Kolkata Development Authority (A-1)- HIDCO,North 24 Pgs.,11/22/2025,22.61075,88.471695,221.2916667,96.64958333,158.6758333,74.4625,24.00625,47,2025,November
New Town Kolkata Development Authority (A-1)- HIDCO,North 24 Pgs.,11/23/2025,22.61075,88.471695,204.375,93.165,148.3008333,75.03958333,24.02125,47,2025,November
New Town Kolkata Development Authority (A-1)- HIDCO,North 24 Pgs.,11/24/2025,22.61075,88.471695,181.75,84.49125,125.3379167,69.38458333,23.36708333,48,2025,November
New Town Kolkata Development Authority (A-1)- HIDCO,North 24 Pgs.,11/25/2025,22.61075,88.471695,198.4166667,89.50041667,141.9954167,67.62791667,22.42458333,48,2025,November
New Town Kolkata Development Authority (A-1)- HIDCO,North 24 Pgs.,11/26/2025,22.61075,88.471695,164.7916667,79.44625,127.0958333,61.37,22.68541667,48,2025,November
New Town Kolkata Development Authority (A-1)- HIDCO,North 24 Pgs.,11/27/2025,22.61075,88.471695,129.375,64.03083333,104.46125,69.40375,23.26875,48,2025,November
New Town Kolkata Development Authority (A-1)- HIDCO,North 24 Pgs.,11/28/2025,22.61075,88.471695,121.25,62.13375,108.4779167,72.04875,23.46833333,48,2025,November
New Town Kolkata Development Authority (A-1)- HIDCO,North 24 Pgs.,11/29/2025,22.61075,88.471695,144.75,70.83625,120.5979167,74.15833333,23.12083333,48,2025,November
New Town Kolkata Development Authority (A-1)- HIDCO,North 24 Pgs.,11/30/2025,22.61075,88.471695,165.0416667,78.96833333,129.4575,73.62625,23.23916667,48,2025,November
New Town Kolkata Development Authority (A-1)- HIDCO,North 24 Pgs.,12/1/2025,22.61075,88.471695,301,121.57,222.2,89.84,19.79,49,2025,December
North Dumdum Municipality,North 24 Pgs.,8/31/2025,22.6705117,88.43389,39.22222222,21.87888889,39.16833333,77.94555556,31.99222222,35,2025,August
North Dumdum Municipality,North 24 Pgs.,9/1/2025,22.6705117,88.43389,56.33333333,31.17666667,56.42,71.77066667,34.67133333,36,2025,September
North Dumdum Municipality,North 24 Pgs.,9/2/2025,22.6705117,88.43389,32.16666667,18.60958333,32.03416667,88.35125,28.67916667,36,2025,September
North Dumdum Municipality,North 24 Pgs.,9/3/2025,22.6705117,88.43389,31.20833333,18.00541667,31.21958333,89.84083333,28.26416667,36,2025,September
North Dumdum Municipality,North 24 Pgs.,9/4/2025,22.6705117,88.43389,31,17.8775,31.04,88.02583333,28.8675,36,2025,September
North Dumdum Municipality,North 24 Pgs.,9/5/2025,22.6705117,88.43389,40.5,22.535,40.38,85.185,30.325,36,2025,September
North Dumdum Municipality,North 24 Pgs.,9/6/2025,22.6705117,88.43389,48.63636364,26.53545455,48.57181818,72.25818182,32.94272727,36,2025,September
North Dumdum Municipality,North 24 Pgs.,9/7/2025,22.6705117,88.43389,47.625,26.29708333,47.64166667,77.2875,31.84833333,36,2025,September
North Dumdum Municipality,North 24 Pgs.,9/8/2025,22.6705117,88.43389,46.33333333,25.3125,46.29416667,75.44625,32.1825,37,2025,September
North Dumdum Municipality,North 24 Pgs.,9/9/2025,22.6705117,88.43389,48.08333333,26.39625,48.05958333,75.22958333,32.40791667,37,2025,September
North Dumdum Municipality,North 24 Pgs.,9/10/2025,22.6705117,88.43389,48.25,26.82875,48.29916667,74.14625,32.70458333,37,2025,September
North Dumdum Municipality,North 24 Pgs.,9/11/2025,22.6705117,88.43389,45.45833333,25.57166667,45.43416667,77.76208333,32.2925,37,2025,September
North Dumdum Municipality,North 24 Pgs.,9/12/2025,22.6705117,88.43389,37.75,21.45,37.6025,86.755,29.8775,37,2025,September
North Dumdum Municipality,North 24 Pgs.,9/13/2025,22.6705117,88.43389,42.57142857,23.44,42.69285714,81.44,30.46571429,37,2025,September
North Dumdum Municipality,North 24 Pgs.,9/14/2025,22.6705117,88.43389,39.95833333,22.7225,40.04708333,90.22666667,28.46333333,37,2025,September
North Dumdum Municipality,North 24 Pgs.,9/15/2025,22.6705117,88.43389,40.08333333,22.77625,40.01791667,90.08291667,28.53875,38,2025,September
North Dumdum Municipality,North 24 Pgs.,9/16/2025,22.6705117,88.43389,41.66666667,23.95541667,41.76708333,90.67458333,28.27625,38,2025,September
North Dumdum Municipality,North 24 Pgs.,9/17/2025,22.6705117,88.43389,43.83333333,24.83416667,43.865,86.06583333,29.68,38,2025,September
North Dumdum Municipality,North 24 Pgs.,9/18/2025,22.6705117,88.43389,48.75,27.34375,48.72416667,78.81166667,31.98083333,38,2025,September
North Dumdum Municipality,North 24 Pgs.,9/19/2025,22.6705117,88.43389,63.5,35.55708333,63.3625,84.68291667,30.99791667,38,2025,September
North Dumdum Municipality,North 24 Pgs.,9/20/2025,22.6705117,88.43389,66.875,37.595,66.883125,87.9,30.0525,38,2025,September
North Dumdum Municipality,North 24 Pgs.,9/22/2025,22.6705117,88.43389,61.42857143,34.68,61.33357143,85.16642857,30.13285714,39,2025,September
North Dumdum Municipality,North 24 Pgs.,9/23/2025,22.6705117,88.43389,49.20833333,28.28208333,49.16,90.8875,28.02583333,39,2025,September
North Dumdum Municipality,North 24 Pgs.,9/24/2025,22.6705117,88.43389,50.08333333,28.39791667,49.99666667,82.85458333,30.54166667,39,2025,September
North Dumdum Municipality,North 24 Pgs.,9/25/2025,22.6705117,88.43389,48.29166667,27.17791667,48.26833333,80.96958333,31.29958333,39,2025,September
North Dumdum Municipality,North 24 Pgs.,9/26/2025,22.6705117,88.43389,40.16666667,22.93166667,40.12125,85.11125,30.4525,39,2025,September
North Dumdum Municipality,North 24 Pgs.,9/27/2025,22.6705117,88.43389,39.20833333,22.16208333,39.15791667,83.42625,30.96083333,39,2025,September
North Dumdum Municipality,North 24 Pgs.,9/28/2025,22.6705117,88.43389,39.20833333,22.07875,39.19875,79.44625,31.66791667,39,2025,September
North Dumdum Municipality,North 24 Pgs.,9/29/2025,22.6705117,88.43389,48.25,26.78375,48.2475,77.87,32.09375,40,2025,September
North Dumdum Municipality,North 24 Pgs.,9/30/2025,22.6705117,88.43389,53,29.67833333,53.03916667,79.00375,31.92583333,40,2025,September
North Dumdum Municipality,North 24 Pgs.,10/1/2025,22.6705117,88.43389,42.625,24.31541667,42.64125,81.77625,30.5975,40,2025,October
North Dumdum Municipality,North 24 Pgs.,10/2/2025,22.6705117,88.43389,31.08333333,18.20666667,31.15041667,91.5525,28.24625,40,2025,October
North Dumdum Municipality,North 24 Pgs.,10/3/2025,22.6705117,88.43389,38.20833333,21.84833333,38.29416667,92.9925,28.07541667,40,2025,October
North Dumdum Municipality,North 24 Pgs.,10/4/2025,22.6705117,88.43389,41.5,23.53333333,41.44958333,88.5225,29.44708333,40,2025,October
North Dumdum Municipality,North 24 Pgs.,10/5/2025,22.6705117,88.43389,39.79166667,22.78375,39.79,89.80916667,28.06791667,40,2025,October
North Dumdum Municipality,North 24 Pgs.,10/6/2025,22.6705117,88.43389,71.45833333,40.37833333,71.67625,88.76625,28.35625,41,2025,October
North Dumdum Municipality,North 24 Pgs.,10/7/2025,22.6705117,88.43389,65.66666667,37.05833333,65.57041667,84.40208333,29.3175,41,2025,October
North Dumdum Municipality,North 24 Pgs.,10/8/2025,22.6705117,88.43389,71.66666667,40.58625,71.64875,86.91791667,28.84125,41,2025,October
North Dumdum Municipality,North 24 Pgs.,10/9/2025,22.6705117,88.43389,76.95833333,43.40041667,76.91833333,86.51958333,28.88458333,41,2025,October
North Dumdum Municipality,North 24 Pgs.,10/10/2025,22.6705117,88.43389,77.33333333,43.78,77.36666667,88.485,27.885,41,2025,October
North Dumdum Municipality,North 24 Pgs.,10/11/2025,22.6705117,88.43389,65.33333333,36.13083333,65.34958333,83.2975,28.92166667,41,2025,October
North Dumdum Municipality,North 24 Pgs.,10/12/2025,22.6705117,88.43389,69.91666667,38.24291667,69.885,78.88083333,29.84958333,41,2025,October
North Dumdum Municipality,North 24 Pgs.,10/13/2025,22.6705117,88.43389,81.14285714,44.65428571,81.12428571,77.75238095,29.18333333,42,2025,October
North Dumdum Municipality,North 24 Pgs.,10/14/2025,22.6705117,88.43389,80.05263158,44.13105263,80.10473684,73.17,29.73789474,42,2025,October
North Dumdum Municipality,North 24 Pgs.,10/16/2025,22.6705117,88.43389,95.88888889,52.75111111,97.26777778,69.16666667,29.64777778,42,2025,October
North Dumdum Municipality,North 24 Pgs.,10/17/2025,22.6705117,88.43389,116.2083333,62.35208333,112.91125,73.40875,29.66166667,42,2025,October
North Dumdum Municipality,North 24 Pgs.,10/18/2025,22.6705117,88.43389,100.4166667,55.7325,99.82833333,74.97875,30.30666667,42,2025,October
North Dumdum Municipality,North 24 Pgs.,10/19/2025,22.6705117,88.43389,85.54166667,47.665,85.47125,76.19875,30.81125,42,2025,October
North Dumdum Municipality,North 24 Pgs.,10/20/2025,22.6705117,88.43389,91.75,51.92,93.075,89.6725,28.025,43,2025,October
North Dumdum Municipality,North 24 Pgs.,10/22/2025,22.6705117,88.43389,119.2727273,62.54181818,112.5272727,68.05090909,31.74909091,43,2025,October
North Dumdum Municipality,North 24 Pgs.,10/23/2025,22.6705117,88.43389,180,83.956,150.602,86.06,27.316,43,2025,October
North Dumdum Municipality,North 24 Pgs.,10/24/2025,22.6705117,88.43389,104.3,56.6825,101.8415,69.6165,30.98,43,2025,October
North Dumdum Municipality,North 24 Pgs.,10/25/2025,22.6705117,88.43389,112.7272727,59.79727273,109.6059091,72.80318182,30.55590909,43,2025,October
North Dumdum Municipality,North 24 Pgs.,10/26/2025,22.6705117,88.43389,111.7142857,62.40571429,112.2385714,88.22714286,28.74571429,43,2025,October
North Dumdum Municipality,North 24 Pgs.,10/27/2025,22.6705117,88.43389,92.16666667,51.00166667,90.99208333,74.84833333,31.04208333,44,2025,October
North Dumdum Municipality,North 24 Pgs.,10/28/2025,22.6705117,88.43389,73.875,41.33208333,73.34041667,79.19458333,30.31916667,44,2025,October
North Dumdum Municipality,North 24 Pgs.,10/29/2025,22.6705117,88.43389,43.54166667,24.66666667,43.60625,91.77833333,27.03958333,44,2025,October
North Dumdum Municipality,North 24 Pgs.,10/30/2025,22.6705117,88.43389,42.79166667,24.25333333,42.75458333,87.86791667,28.27041667,44,2025,October
North Dumdum Municipality,North 24 Pgs.,10/31/2025,22.6705117,88.43389,47.41666667,26.64333333,47.45208333,83.21583333,29.47708333,44,2025,October
North Dumdum Municipality,North 24 Pgs.,11/1/2025,22.6705117,88.43389,57.875,32.48916667,57.82541667,83.66583333,29.83416667,44,2025,November
North Dumdum Municipality,North 24 Pgs.,11/2/2025,22.6705117,88.43389,44.58333333,24.98916667,44.63875,83.45041667,27.02041667,44,2025,November
North Dumdum Municipality,North 24 Pgs.,11/3/2025,22.6705117,88.43389,83.54166667,45.44291667,82.23666667,74.46791667,27.49,45,2025,November
North Dumdum Municipality,North 24 Pgs.,11/4/2025,22.6705117,88.43389,186.1666667,85.85583333,152.8875,79.12625,26.70125,45,2025,November
North Dumdum Municipality,North 24 Pgs.,11/5/2025,22.6705117,88.43389,180,83.89125,150.1591667,74.77541667,27.47833333,45,2025,November
North Dumdum Municipality,North 24 Pgs.,11/6/2025,22.6705117,88.43389,162.375,77.64708333,140.8025,79.04458333,27.80041667,45,2025,November
North Dumdum Municipality,North 24 Pgs.,11/7/2025,22.6705117,88.43389,167.4583333,80.19791667,144.405,77.43458333,27.6975,45,2025,November
North Dumdum Municipality,North 24 Pgs.,11/8/2025,22.6705117,88.43389,84.83333333,46.62458333,85.0775,63.73666667,26.16416667,45,2025,November
North Dumdum Municipality,North 24 Pgs.,11/9/2025,22.6705117,88.43389,94.875,50.89541667,93.04125,64.65125,24.47625,45,2025,November
North Dumdum Municipality,North 24 Pgs.,11/10/2025,22.6705117,88.43389,127.1764706,67.35647059,122.8329412,62.85411765,26.87352941,46,2025,November
North Dumdum Municipality,North 24 Pgs.,11/11/2025,22.6705117,88.43389,115.8333333,61.26083333,111.7058333,53.97583333,27.18083333,46,2025,November
North Dumdum Municipality,North 24 Pgs.,11/12/2025,22.6705117,88.43389,165.1818182,79.53090909,144.6063636,63.86363636,24.81454545,46,2025,November
North Dumdum Municipality,North 24 Pgs.,11/13/2025,22.6705117,88.43389,147.2307692,73.05076923,131.5884615,62.24,25.59230769,46,2025,November
North Dumdum Municipality,North 24 Pgs.,11/14/2025,22.6705117,88.43389,113.9,61.855,111.632,58.98,26.079,46,2025,November
North Dumdum Municipality,North 24 Pgs.,11/15/2025,22.6705117,88.43389,121.4545455,63.49636364,114.1327273,62.21727273,26.78727273,46,2025,November
North Dumdum Municipality,North 24 Pgs.,11/16/2025,22.6705117,88.43389,127.4615385,66.78461538,119.5423077,61.40384615,26.39230769,46,2025,November
North Dumdum Municipality,North 24 Pgs.,11/17/2025,22.6705117,88.43389,131.1,66.174,117.902,71.19,24.416,47,2025,November
North Dumdum Municipality,North 24 Pgs.,11/18/2025,22.6705117,88.43389,92,49.76285714,90.31785714,61.87214286,26.94785714,47,2025,November
North Dumdum Municipality,North 24 Pgs.,11/19/2025,22.6705117,88.43389,90.28571429,47.36357143,86.91142857,60.28285714,27.69428571,47,2025,November
North Dumdum Municipality,North 24 Pgs.,11/20/2025,22.6705117,88.43389,145.0909091,69.725,125.4322727,71.05272727,24.87,47,2025,November
North Dumdum Municipality,North 24 Pgs.,11/21/2025,22.6705117,88.43389,153.3809524,74.09095238,132.7938095,70.21095238,24.87571429,47,2025,November
North Dumdum Municipality,North 24 Pgs.,11/22/2025,22.6705117,88.43389,232.2083333,102.9266667,183.7875,76.91291667,23.50958333,47,2025,November
North Dumdum Municipality,North 24 Pgs.,11/23/2025,22.6705117,88.43389,220.6190476,98.31047619,174.0214286,73.95857143,24.1947619,47,2025,November
North Dumdum Municipality,North 24 Pgs.,11/24/2025,22.6705117,88.43389,185.2380952,85.57095238,151.4019048,69.29857143,23.56095238,48,2025,November
North Dumdum Municipality,North 24 Pgs.,11/25/2025,22.6705117,88.43389,197.3333333,89.20416667,158.0725,73.66875,21.53625,48,2025,November
North Dumdum Municipality,North 24 Pgs.,11/26/2025,22.6705117,88.43389,152.25,75.58958333,133.8441667,69.07833333,21.38791667,48,2025,November
North Dumdum Municipality,North 24 Pgs.,11/27/2025,22.6705117,88.43389,126.5416667,63.83,112.78875,74.7675,22.18958333,48,2025,November
North Dumdum Municipality,North 24 Pgs.,11/28/2025,22.6705117,88.43389,126.25,63.25208333,111.9279167,74.77333333,22.97083333,48,2025,November
North Dumdum Municipality,North 24 Pgs.,11/29/2025,22.6705117,88.43389,132.125,66.48916667,117.4895833,77.89666667,22.355,48,2025,November
North Dumdum Municipality,North 24 Pgs.,11/30/2025,22.6705117,88.43389,115.7368421,62.56,110.1494737,71.74578947,23.82684211,48,2025,November
"Office of The Assistant Commissioner of Police, Belghoria",North 24 Pgs.,8/31/2025,22.690975,88.375572,37,20.47608696,36.98043478,78.64173913,31.83652174,35,2025,August
"Office of The Assistant Commissioner of Police, Belghoria",North 24 Pgs.,9/1/2025,22.690975,88.375572,51.875,27.3225,51.84291667,79.05791667,32.37041667,36,2025,September
"Office of The Assistant Commissioner of Police, Belghoria",North 24 Pgs.,9/2/2025,22.690975,88.375572,30.91304348,17.70826087,30.72782609,88.97782609,28.86,36,2025,September
"Office of The Assistant Commissioner of Police, Belghoria",North 24 Pgs.,9/3/2025,22.690975,88.375572,30.04347826,17.1673913,29.96869565,89.62173913,28.68173913,36,2025,September
"Office of The Assistant Commissioner of Police, Belghoria",North 24 Pgs.,9/4/2025,22.690975,88.375572,33.09090909,18.88090909,33.04636364,87.25772727,29.58954545,36,2025,September
"Office of The Assistant Commissioner of Police, Belghoria",North 24 Pgs.,9/5/2025,22.690975,88.375572,41.91304348,23.08130435,41.88043478,79.28,31.64,36,2025,September
"Office of The Assistant Commissioner of Police, Belghoria",North 24 Pgs.,9/6/2025,22.690975,88.375572,46.5,24.91916667,46.59916667,79.87666667,31.445,36,2025,September
"Office of The Assistant Commissioner of Police, Belghoria",North 24 Pgs.,9/7/2025,22.690975,88.375572,49.875,26.8,49.89125,84.97375,30.1425,36,2025,September
"Office of The Assistant Commissioner of Police, Belghoria",North 24 Pgs.,9/8/2025,22.690975,88.375572,44,23.48714286,44.01285714,87.63857143,29.21857143,37,2025,September
"Office of The Assistant Commissioner of Police, Belghoria",North 24 Pgs.,9/9/2025,22.690975,88.375572,44.16666667,23.73166667,44.26833333,79.825,31.24333333,37,2025,September
"Office of The Assistant Commissioner of Police, Belghoria",North 24 Pgs.,9/10/2025,22.690975,88.375572,42,22.64333333,42.09166667,89.03833333,29.425,37,2025,September
"Office of The Assistant Commissioner of Police, Belghoria",North 24 Pgs.,9/11/2025,22.690975,88.375572,42.27272727,23.72909091,42.05,73.29909091,42.79909091,37,2025,September
"Office of The Assistant Commissioner of Police, Belghoria",North 24 Pgs.,9/12/2025,22.690975,88.375572,39.71428571,21.98761905,39.65095238,80.04285714,31.47333333,37,2025,September
"Office of The Assistant Commissioner of Police, Belghoria",North 24 Pgs.,9/13/2025,22.690975,88.375572,37.3125,21.141875,37.429375,77.61625,31.88875,37,2025,September
"Office of The Assistant Commissioner of Police, Belghoria",North 24 Pgs.,9/14/2025,22.690975,88.375572,38.70588235,22.11058824,38.79235294,86.71117647,29.83470588,37,2025,September
"Office of The Assistant Commissioner of Police, Belghoria",North 24 Pgs.,9/15/2025,22.690975,88.375572,37.76190476,21.55952381,37.8447619,88.06428571,29.17857143,38,2025,September
"Office of The Assistant Commissioner of Police, Belghoria",North 24 Pgs.,9/16/2025,22.690975,88.375572,39.63636364,22.64772727,39.73272727,87.14545455,29.35409091,38,2025,September
"Office of The Assistant Commissioner of Police, Belghoria",North 24 Pgs.,9/17/2025,22.690975,88.375572,42.41666667,23.83375,42.38458333,82.95041667,30.43625,38,2025,September
"Office of The Assistant Commissioner of Police, Belghoria",North 24 Pgs.,9/18/2025,22.690975,88.375572,45.52173913,24.69565217,45.45565217,77.60173913,32.27304348,38,2025,September
"Office of The Assistant Commissioner of Police, Belghoria",North 24 Pgs.,9/19/2025,22.690975,88.375572,59.65217391,32.28695652,59.70217391,81.66652174,31.91173913,38,2025,September
"Office of The Assistant Commissioner of Police, Belghoria",North 24 Pgs.,9/20/2025,22.690975,88.375572,60.17391304,33.18695652,60.14652174,88.45956522,29.60913043,38,2025,September
"Office of The Assistant Commissioner of Police, Belghoria",North 24 Pgs.,9/21/2025,22.690975,88.375572,68,38.39833333,68.03625,81.96916667,31.23208333,38,2025,September
"Office of The Assistant Commissioner of Police, Belghoria",North 24 Pgs.,9/22/2025,22.690975,88.375572,51.75,29.19291667,51.8275,85.73,29.67291667,39,2025,September
"Office of The Assistant Commissioner of Police, Belghoria",North 24 Pgs.,9/23/2025,22.690975,88.375572,43.375,24.69125,43.31083333,90.4725,28.52208333,39,2025,September
"Office of The Assistant Commissioner of Police, Belghoria",North 24 Pgs.,9/24/2025,22.690975,88.375572,43.54166667,24.9425,43.58708333,81.52708333,31.15375,39,2025,September
"Office of The Assistant Commissioner of Police, Belghoria",North 24 Pgs.,9/25/2025,22.690975,88.375572,42.17391304,23.83043478,42.1426087,82.90304348,31.01391304,39,2025,September
"Office of The Assistant Commissioner of Police, Belghoria",North 24 Pgs.,9/26/2025,22.690975,88.375572,37.91304348,21.73695652,38.01826087,84.8926087,30.77347826,39,2025,September
"Office of The Assistant Commissioner of Police, Belghoria",North 24 Pgs.,9/27/2025,22.690975,88.375572,35.26315789,20.34578947,35.4,79.09894737,32.09947368,39,2025,September
"Office of The Assistant Commissioner of Police, Belghoria",North 24 Pgs.,9/28/2025,22.690975,88.375572,37,20.98190476,36.97380952,76.19380952,32.37571429,39,2025,September
"Office of The Assistant Commissioner of Police, Belghoria",North 24 Pgs.,9/29/2025,22.690975,88.375572,48.0952381,25.92952381,48.09047619,76.85285714,32.19809524,40,2025,September
"Office of The Assistant Commissioner of Police, Belghoria",North 24 Pgs.,9/30/2025,22.690975,88.375572,46.52173913,26.08695652,46.60869565,80.28826087,31.59521739,40,2025,September
"Office of The Assistant Commissioner of Police, Belghoria",North 24 Pgs.,10/1/2025,22.690975,88.375572,39.66666667,22.33833333,39.76458333,83.04416667,30.46291667,40,2025,October
"Office of The Assistant Commissioner of Police, Belghoria",North 24 Pgs.,10/2/2025,22.690975,88.375572,30.56521739,17.53869565,30.56478261,92.0226087,28.53869565,40,2025,October
"Office of The Assistant Commissioner of Police, Belghoria",North 24 Pgs.,10/3/2025,22.690975,88.375572,36.375,20.77666667,36.25208333,93.04458333,28.42125,40,2025,October
"Office of The Assistant Commissioner of Police, Belghoria",North 24 Pgs.,10/4/2025,22.690975,88.375572,38.95833333,22.25291667,38.8975,85.88416667,30.20666667,40,2025,October
"Office of The Assistant Commissioner of Police, Belghoria",North 24 Pgs.,10/5/2025,22.690975,88.375572,38.16666667,21.71583333,38.10375,87.73708333,28.66125,40,2025,October
"Office of The Assistant Commissioner of Police, Belghoria",North 24 Pgs.,10/6/2025,22.690975,88.375572,58.25,32.42583333,58.21416667,87.57916667,28.63875,41,2025,October
"Office of The Assistant Commissioner of Police, Belghoria",North 24 Pgs.,10/7/2025,22.690975,88.375572,55.83333333,31.4675,55.66083333,82.12,29.9725,41,2025,October
"Office of The Assistant Commissioner of Police, Belghoria",North 24 Pgs.,10/8/2025,22.690975,88.375572,63.875,35.77875,63.82708333,86.64083333,29.02125,41,2025,October
"Office of The Assistant Commissioner of Police, Belghoria",North 24 Pgs.,10/9/2025,22.690975,88.375572,69.375,38.17916667,69.42166667,84.91375,29.20166667,41,2025,October
"Office of The Assistant Commissioner of Police, Belghoria",North 24 Pgs.,10/10/2025,22.690975,88.375572,61.125,34.59375,61.16916667,86.50333333,28.81875,41,2025,October
"Office of The Assistant Commissioner of Police, Belghoria",North 24 Pgs.,10/11/2025,22.690975,88.375572,59.33333333,31.83208333,59.39166667,81.32583333,29.56333333,41,2025,October
"Office of The Assistant Commissioner of Police, Belghoria",North 24 Pgs.,10/12/2025,22.690975,88.375572,63.70833333,33.62541667,63.66916667,77.85291667,29.98625,41,2025,October
"Office of The Assistant Commissioner of Police, Belghoria",North 24 Pgs.,10/13/2025,22.690975,88.375572,67.16666667,35.88625,67.30041667,73.3875,30,42,2025,October
"Office of The Assistant Commissioner of Police, Belghoria",North 24 Pgs.,10/14/2025,22.690975,88.375572,68.95833333,36.82458333,68.96916667,71.92333333,29.91541667,42,2025,October
"Office of The Assistant Commissioner of Police, Belghoria",North 24 Pgs.,10/15/2025,22.690975,88.375572,74.83333333,40.12208333,74.7025,69.68708333,29.64958333,42,2025,October
"Office of The Assistant Commissioner of Police, Belghoria",North 24 Pgs.,10/16/2025,22.690975,88.375572,76.79166667,40.84,76.84083333,69.64291667,29.13666667,42,2025,October
"Office of The Assistant Commissioner of Police, Belghoria",North 24 Pgs.,10/17/2025,22.690975,88.375572,92.875,49.1575,92.89666667,72.27166667,29.70666667,42,2025,October
"Office of The Assistant Commissioner of Police, Belghoria",North 24 Pgs.,10/18/2025,22.690975,88.375572,83.29166667,45.28333333,83.59333333,72.9175,30.70416667,42,2025,October
"Office of The Assistant Commissioner of Police, Belghoria",North 24 Pgs.,10/19/2025,22.690975,88.375572,71.5,39.14,71.55,74.79375,31.22375,42,2025,October
"Office of The Assistant Commissioner of Police, Belghoria",North 24 Pgs.,10/20/2025,22.690975,88.375572,76.75,41.60833333,75.06291667,75.71375,31.245,43,2025,October
"Office of The Assistant Commissioner of Police, Belghoria",North 24 Pgs.,10/21/2025,22.690975,88.375572,91.29166667,49.10916667,89.36791667,72.92541667,30.58041667,43,2025,October
"Office of The Assistant Commissioner of Police, Belghoria",North 24 Pgs.,10/22/2025,22.690975,88.375572,85.875,46.90375,86.23958333,72.94291667,30.29666667,43,2025,October
"Office of The Assistant Commissioner of Police, Belghoria",North 24 Pgs.,10/23/2025,22.690975,88.375572,84.58333333,45.385,84.41375,69.26916667,30.93416667,43,2025,October
"Office of The Assistant Commissioner of Police, Belghoria",North 24 Pgs.,10/24/2025,22.690975,88.375572,83.52173913,44.40304348,83.50869565,68.63043478,30.92826087,43,2025,October
"Office of The Assistant Commissioner of Police, Belghoria",North 24 Pgs.,10/25/2025,22.690975,88.375572,79.375,43.55,79.44916667,71.53375,30.74875,43,2025,October
"Office of The Assistant Commissioner of Police, Belghoria",North 24 Pgs.,10/26/2025,22.690975,88.375572,83,44.77916667,82.70958333,76.5875,30.53916667,43,2025,October
"Office of The Assistant Commissioner of Police, Belghoria",North 24 Pgs.,10/27/2025,22.690975,88.375572,72.83333333,40.74375,72.84291667,73.85,31.13083333,44,2025,October
"Office of The Assistant Commissioner of Police, Belghoria",North 24 Pgs.,10/28/2025,22.690975,88.375572,57.66666667,32.7125,57.67041667,77.72875,30.47458333,44,2025,October
"Office of The Assistant Commissioner of Police, Belghoria",North 24 Pgs.,10/29/2025,22.690975,88.375572,39.04347826,22.27956522,39.04869565,91.3126087,27.44521739,44,2025,October
"Office of The Assistant Commissioner of Police, Belghoria",North 24 Pgs.,10/30/2025,22.690975,88.375572,38,21.64083333,37.96125,86.73958333,28.92833333,44,2025,October
"Office of The Assistant Commissioner of Police, Belghoria",North 24 Pgs.,10/31/2025,22.690975,88.375572,43.95833333,24.4875,43.89208333,80.95916667,30.29458333,44,2025,October
"Office of The Assistant Commissioner of Police, Belghoria",North 24 Pgs.,11/1/2025,22.690975,88.375572,49.29166667,27.1625,49.325,81.89375,29.92208333,44,2025,November
"Office of The Assistant Commissioner of Police, Belghoria",North 24 Pgs.,11/2/2025,22.690975,88.375572,40.625,22.21416667,40.57125,81.655,27.07958333,44,2025,November
"Office of The Assistant Commissioner of Police, Belghoria",North 24 Pgs.,11/3/2025,22.690975,88.375572,68.75,37.47208333,69.12041667,73.21916667,27.73583333,45,2025,November
"Office of The Assistant Commissioner of Police, Belghoria",North 24 Pgs.,11/4/2025,22.690975,88.375572,119.5,64.51041667,116.8954167,76.39791667,26.89083333,45,2025,November
"Office of The Assistant Commissioner of Police, Belghoria",North 24 Pgs.,11/5/2025,22.690975,88.375572,115.375,62.31625,112.9329167,74.56791667,27.30333333,45,2025,November
"Office of The Assistant Commissioner of Police, Belghoria",North 24 Pgs.,11/6/2025,22.690975,88.375572,105.9583333,58.13041667,106.8633333,76.23916667,28.20666667,45,2025,November
"Office of The Assistant Commissioner of Police, Belghoria",North 24 Pgs.,11/7/2025,22.690975,88.375572,93.875,51.85666667,94.54791667,72.14125,28.64875,45,2025,November
"Office of The Assistant Commissioner of Police, Belghoria",North 24 Pgs.,11/8/2025,22.690975,88.375572,64.58333333,34.86875,64.55666667,58.60208333,27.24208333,45,2025,November
"Office of The Assistant Commissioner of Police, Belghoria",North 24 Pgs.,11/9/2025,22.690975,88.375572,68.66666667,36.69625,68.70833333,59.83541667,25.79958333,45,2025,November
"Office of The Assistant Commissioner of Police, Belghoria",North 24 Pgs.,11/10/2025,22.690975,88.375572,86,46.91166667,86.09791667,64.80875,25.76416667,46,2025,November
"Office of The Assistant Commissioner of Police, Belghoria",North 24 Pgs.,11/11/2025,22.690975,88.375572,90.04166667,49.15958333,90.46833333,62.56458333,25.005,46,2025,November
"Office of The Assistant Commissioner of Police, Belghoria",North 24 Pgs.,11/12/2025,22.690975,88.375572,99.33333333,54.9825,100.9479167,63.43,24.35125,46,2025,November
"Office of The Assistant Commissioner of Police, Belghoria",North 24 Pgs.,11/13/2025,22.690975,88.375572,100.875,55.52833333,102.53875,65.12333333,24.76833333,46,2025,November
"Office of The Assistant Commissioner of Police, Belghoria",North 24 Pgs.,11/14/2025,22.690975,88.375572,94.70833333,52.02958333,96.40458333,67.11208333,24.25416667,46,2025,November
"Office of The Assistant Commissioner of Police, Belghoria",North 24 Pgs.,11/15/2025,22.690975,88.375572,87,47.55958333,87.71833333,65.12875,24.88958333,46,2025,November
"Office of The Assistant Commissioner of Police, Belghoria",North 24 Pgs.,11/16/2025,22.690975,88.375572,94.54166667,51.385,94.30583333,66.89208333,24.66708333,46,2025,November
"Office of The Assistant Commissioner of Police, Belghoria",North 24 Pgs.,11/17/2025,22.690975,88.375572,87.66666667,48.06,88.50875,66.66,25.3575,47,2025,November
"Office of The Assistant Commissioner of Police, Belghoria",North 24 Pgs.,11/18/2025,22.690975,88.375572,81.125,43.735,81.95791667,68.08541667,25.46708333,47,2025,November
"Office of The Assistant Commissioner of Police, Belghoria",North 24 Pgs.,11/19/2025,22.690975,88.375572,73.5,39.25,74.09625,65.63916667,26.395,47,2025,November
"Office of The Assistant Commissioner of Police, Belghoria",North 24 Pgs.,11/20/2025,22.690975,88.375572,85.875,46.47291667,87.03375,65.3275,25.79666667,47,2025,November
"Office of The Assistant Commissioner of Police, Belghoria",North 24 Pgs.,11/21/2025,22.690975,88.375572,99.41666667,53.72125,99.03208333,67.50708333,25.35583333,47,2025,November
"Office of The Assistant Commissioner of Police, Belghoria",North 24 Pgs.,11/22/2025,22.690975,88.375572,116.9583333,62.53208333,114.62,70.03958333,24.67291667,47,2025,November
"Office of The Assistant Commissioner of Police, Belghoria",North 24 Pgs.,11/23/2025,22.690975,88.375572,119.75,62.19833333,113.1116667,70.995,24.79,47,2025,November
"Office of The Assistant Commissioner of Police, Belghoria",North 24 Pgs.,11/24/2025,22.690975,88.375572,102.3333333,56.96708333,103.7383333,66.6825,24.33791667,48,2025,November
"Office of The Assistant Commissioner of Police, Belghoria",North 24 Pgs.,11/25/2025,22.690975,88.375572,108,59.10791667,108.1216667,63.615,23.5775,48,2025,November
"Office of The Assistant Commissioner of Police, Belghoria",North 24 Pgs.,11/26/2025,22.690975,88.375572,94.25,51.62625,95.06708333,60.015,23.39916667,48,2025,November
"Office of The Assistant Commissioner of Police, Belghoria",North 24 Pgs.,11/27/2025,22.690975,88.375572,84.04166667,46.05958333,84.88125,66.98958333,24.04833333,48,2025,November
"Office of The Assistant Commissioner of Police, Belghoria",North 24 Pgs.,11/28/2025,22.690975,88.375572,92.58333333,50.61541667,94.39791667,68.96791667,24.46916667,48,2025,November
"Office of The Assistant Commissioner of Police, Belghoria",North 24 Pgs.,11/29/2025,22.690975,88.375572,94.95833333,51.76,96.91583333,69.70916667,24.33625,48,2025,November
"Office of The Assistant Commissioner of Police, Belghoria",North 24 Pgs.,11/30/2025,22.690975,88.375572,102.8333333,55.64708333,102.6066667,69.90833333,23.98125,48,2025,November
"Office of The Assistant Commissioner of Police, Belghoria",North 24 Pgs.,12/1/2025,22.690975,88.375572,129,68.67,126.74,86.31,21.29,49,2025,December
"Office of The Commissioner of Police, Barrackpore",North 24 Pgs.,8/31/2025,22.75983,88.36673,71.375,42.05666667,71.30083333,77.76541667,30.99083333,35,2025,August
"Office of The Commissioner of Police, Barrackpore",North 24 Pgs.,9/1/2025,22.75983,88.36673,74.82608696,44.04478261,74.73826087,78.50695652,31.6573913,36,2025,September
"Office of The Commissioner of Police, Barrackpore",North 24 Pgs.,9/2/2025,22.75983,88.36673,67.57894737,39.96947368,67.46736842,86.44789474,27.82,36,2025,September
"Office of The Commissioner of Police, Barrackpore",North 24 Pgs.,9/3/2025,22.75983,88.36673,70.57142857,41.345,69.82642857,85.02714286,28.23214286,36,2025,September
"Office of The Commissioner of Police, Barrackpore",North 24 Pgs.,9/4/2025,22.75983,88.36673,68.55,40.6755,68.6,83.0255,29.091,36,2025,September
"Office of The Commissioner of Police, Barrackpore",North 24 Pgs.,9/5/2025,22.75983,88.36673,70.79166667,41.78833333,70.7675,78.71791667,30.64666667,36,2025,September
"Office of The Commissioner of Police, Barrackpore",North 24 Pgs.,9/6/2025,22.75983,88.36673,71.82608696,42.26608696,71.81304348,77.25521739,31.12869565,36,2025,September
"Office of The Commissioner of Police, Barrackpore",North 24 Pgs.,9/7/2025,22.75983,88.36673,69.85714286,41.29047619,69.85428571,80.30761905,30.10809524,36,2025,September
"Office of The Commissioner of Police, Barrackpore",North 24 Pgs.,9/8/2025,22.75983,88.36673,70.68181818,41.72454545,70.63590909,76.94272727,30.91454545,37,2025,September
"Office of The Commissioner of Police, Barrackpore",North 24 Pgs.,9/9/2025,22.75983,88.36673,72.875,43.09208333,72.92333333,75.54,31.535,37,2025,September
"Office of The Commissioner of Police, Barrackpore",North 24 Pgs.,9/10/2025,22.75983,88.36673,72.16666667,42.69208333,72.13375,78.19625,31.1575,37,2025,September
"Office of The Commissioner of Police, Barrackpore",North 24 Pgs.,9/11/2025,22.75983,88.36673,72.13636364,42.73318182,72.10136364,77.30409091,31.37909091,37,2025,September
"Office of The Commissioner of Police, Barrackpore",North 24 Pgs.,9/12/2025,22.75983,88.36673,68.77777778,40.82055556,68.69722222,81.93388889,29.62388889,37,2025,September
"Office of The Commissioner of Police, Barrackpore",North 24 Pgs.,9/13/2025,22.75983,88.36673,68,40.46055556,68.07777778,79.29388889,30.11388889,37,2025,September
"Office of The Commissioner of Police, Barrackpore",North 24 Pgs.,9/14/2025,22.75983,88.36673,65.88235294,39.19647059,65.89,86.23941176,28.48705882,37,2025,September
"Office of The Commissioner of Police, Barrackpore",North 24 Pgs.,9/15/2025,22.75983,88.36673,66.27272727,39.34681818,66.25136364,87.75727273,27.95727273,38,2025,September
"Office of The Commissioner of Police, Barrackpore",North 24 Pgs.,9/16/2025,22.75983,88.36673,66.875,39.70625,66.83708333,86.64333333,28.13625,38,2025,September
"Office of The Commissioner of Police, Barrackpore",North 24 Pgs.,9/17/2025,22.75983,88.36673,68.66666667,40.76083333,68.64458333,81.78791667,29.58291667,38,2025,September
"Office of The Commissioner of Police, Barrackpore",North 24 Pgs.,9/18/2025,22.75983,88.36673,71.54166667,42.49,71.53833333,77.61208333,31.44375,38,2025,September
"Office of The Commissioner of Police, Barrackpore",North 24 Pgs.,9/19/2025,22.75983,88.36673,72.5,43.0375,72.50916667,81.69208333,30.67833333,38,2025,September
"Office of The Commissioner of Police, Barrackpore",North 24 Pgs.,9/20/2025,22.75983,88.36673,70.26086957,41.6826087,70.20434783,85.58043478,29.08913043,38,2025,September
"Office of The Commissioner of Police, Barrackpore",North 24 Pgs.,9/21/2025,22.75983,88.36673,72.41666667,43.0525,72.43833333,79.61208333,30.64583333,38,2025,September
"Office of The Commissioner of Police, Barrackpore",North 24 Pgs.,9/22/2025,22.75983,88.36673,67.95454545,40.37590909,67.87636364,83.52863636,28.90590909,39,2025,September
"Office of The Commissioner of Police, Barrackpore",North 24 Pgs.,9/23/2025,22.75983,88.36673,66.86956522,39.70869565,66.80217391,86.76478261,27.94347826,39,2025,September
"Office of The Commissioner of Police, Barrackpore",North 24 Pgs.,9/24/2025,22.75983,88.36673,70.70833333,42.0275,70.70333333,79.81833333,30.28916667,39,2025,September
"Office of The Commissioner of Police, Barrackpore",North 24 Pgs.,9/25/2025,22.75983,88.36673,67.55,40.1095,67.383,84.141,29.2665,39,2025,September
"Office of The Commissioner of Police, Barrackpore",North 24 Pgs.,9/26/2025,22.75983,88.36673,67.66666667,40.306,67.704,86.69733333,28.67133333,39,2025,September
"Office of The Commissioner of Police, Barrackpore",North 24 Pgs.,9/27/2025,22.75983,88.36673,68.66666667,40.925,68.74166667,80.35333333,30.315,39,2025,September
"Office of The Commissioner of Police, Barrackpore",North 24 Pgs.,9/28/2025,22.75983,88.36673,67.41666667,40.22666667,67.51416667,80.80333333,30.17083333,39,2025,September
"Office of The Commissioner of Police, Barrackpore",North 24 Pgs.,9/29/2025,22.75983,88.36673,71.5,42.48727273,71.52727273,78.37318182,31.19227273,40,2025,September
"Office of The Commissioner of Police, Barrackpore",North 24 Pgs.,9/30/2025,22.75983,88.36673,70.375,41.855,70.32708333,78.095,31.065,40,2025,September
"Office of The Commissioner of Police, Barrackpore",North 24 Pgs.,10/1/2025,22.75983,88.36673,68.5,40.83083333,68.525,77.31666667,30.59916667,40,2025,October
"Office of The Commissioner of Police, Barrackpore",North 24 Pgs.,10/2/2025,22.75983,88.36673,64,38.08,63.88571429,89.62428571,27.46142857,40,2025,October
"Office of The Commissioner of Police, Barrackpore",North 24 Pgs.,10/3/2025,22.75983,88.36673,66.28571429,39.46571429,66.34,89.55,27.39571429,40,2025,October
"Office of The Commissioner of Police, Barrackpore",North 24 Pgs.,10/4/2025,22.75983,88.36673,65.5,39.0775,65.54833333,84.20083333,29.29083333,40,2025,October
"Office of The Commissioner of Police, Barrackpore",North 24 Pgs.,10/5/2025,22.75983,88.36673,62.5,37.3225,62.5975,88.5425,27.3425,40,2025,October
"Office of The Commissioner of Police, Barrackpore",North 24 Pgs.,10/6/2025,22.75983,88.36673,65.83333333,39.21277778,65.80833333,82.47277778,28.79222222,41,2025,October
"Office of The Commissioner of Police, Barrackpore",North 24 Pgs.,10/7/2025,22.75983,88.36673,64.19047619,38.28619048,64.24333333,85.36380952,27.8352381,41,2025,October
"Office of The Commissioner of Police, Barrackpore",North 24 Pgs.,10/8/2025,22.75983,88.36673,64.82608696,38.65782609,64.88304348,86.18652174,27.7426087,41,2025,October
"Office of The Commissioner of Police, Barrackpore",North 24 Pgs.,10/9/2025,22.75983,88.36673,64.54545455,38.46590909,64.55681818,85.58681818,27.77954545,41,2025,October
"Office of The Commissioner of Police, Barrackpore",North 24 Pgs.,10/10/2025,22.75983,88.36673,63.47058824,37.90176471,63.61117647,87.14,27.05058824,41,2025,October
"Office of The Commissioner of Police, Barrackpore",North 24 Pgs.,10/11/2025,22.75983,88.36673,65.5,39.0525,65.56,82.2675,28.0825,41,2025,October
"Office of The Commissioner of Police, Barrackpore",North 24 Pgs.,10/12/2025,22.75983,88.36673,62.2,37.012,62.116,87.972,26.244,41,2025,October
"Office of The Commissioner of Police, Barrackpore",North 24 Pgs.,10/13/2025,22.75983,88.36673,64.71428571,38.62571429,64.79857143,74.3,29.00714286,42,2025,October
"Office of The Commissioner of Police, Barrackpore",North 24 Pgs.,10/14/2025,22.75983,88.36673,64.33333333,38.40666667,64.46,75.87,28.08833333,42,2025,October
"Office of The Commissioner of Police, Barrackpore",North 24 Pgs.,10/15/2025,22.75983,88.36673,60,35.846,59.95,67.698,30.554,42,2025,October
"Office of The Commissioner of Police, Barrackpore",North 24 Pgs.,10/16/2025,22.75983,88.36673,51.5,30.86,51.4775,72.3975,27.94,42,2025,October
"Office of The Commissioner of Police, Barrackpore",North 24 Pgs.,10/17/2025,22.75983,88.36673,66.75,39.7675,66.715,72.5575,30.1,42,2025,October
"Office of The Commissioner of Police, Barrackpore",North 24 Pgs.,10/18/2025,22.75983,88.36673,108.5,58.99357143,101.9264286,74.71,30.02785714,42,2025,October
"Office of The Commissioner of Police, Barrackpore",North 24 Pgs.,10/19/2025,22.75983,88.36673,135.1666667,69.46791667,120.6925,77.04166667,29.89416667,42,2025,October
"Office of The Commissioner of Police, Barrackpore",North 24 Pgs.,10/20/2025,22.75983,88.36673,126.5,66.68791667,115.5770833,77.80958333,29.855,43,2025,October
"Office of The Commissioner of Police, Barrackpore",North 24 Pgs.,10/21/2025,22.75983,88.36673,131.4166667,68.97166667,119.5433333,74.67458333,29.51958333,43,2025,October
"Office of The Commissioner of Police, Barrackpore",North 24 Pgs.,10/22/2025,22.75983,88.36673,127.4166667,68.24041667,118.3675,76.96208333,28.77375,43,2025,October
"Office of The Commissioner of Police, Barrackpore",North 24 Pgs.,10/23/2025,22.75983,88.36673,111.7916667,60.89291667,105.65625,74.89458333,29.47666667,43,2025,October
"Office of The Commissioner of Police, Barrackpore",North 24 Pgs.,10/24/2025,22.75983,88.36673,103.2916667,59.36625,102.7958333,74.76583333,28.85541667,43,2025,October
"Office of The Commissioner of Police, Barrackpore",North 24 Pgs.,10/25/2025,22.75983,88.36673,112.2083333,62.55208333,108.3716667,75.725,29.03666667,43,2025,October
"Office of The Commissioner of Police, Barrackpore",North 24 Pgs.,10/26/2025,22.75983,88.36673,109.8333333,61.44208333,106.4825,78.44625,29.02666667,43,2025,October
"Office of The Commissioner of Police, Barrackpore",North 24 Pgs.,10/27/2025,22.75983,88.36673,109.8333333,60.84541667,105.3720833,74.75583333,30.0175,44,2025,October
"Office of The Commissioner of Police, Barrackpore",North 24 Pgs.,10/28/2025,22.75983,88.36673,97.45833333,55.23625,95.53583333,76.17625,29.58791667,44,2025,October
"Office of The Commissioner of Police, Barrackpore",North 24 Pgs.,10/29/2025,22.75983,88.36673,76.375,44.07958333,76.07875,86.84,26.835,44,2025,October
"Office of The Commissioner of Police, Barrackpore",North 24 Pgs.,10/30/2025,22.75983,88.36673,76.70833333,44.43166667,76.64791667,84.74541667,27.65083333,44,2025,October
"Office of The Commissioner of Police, Barrackpore",North 24 Pgs.,10/31/2025,22.75983,88.36673,81.83333333,47.35416667,81.88375,80.93541667,29.03833333,44,2025,October
"Office of The Commissioner of Police, Barrackpore",North 24 Pgs.,11/1/2025,22.75983,88.36673,83.25,48.2625,83.28916667,80.15291667,29.32208333,44,2025,November
"Office of The Commissioner of Police, Barrackpore",North 24 Pgs.,11/2/2025,22.75983,88.36673,76.58333333,44.5575,76.65666667,80.6375,26.43958333,44,2025,November
"Office of The Commissioner of Police, Barrackpore",North 24 Pgs.,11/3/2025,22.75983,88.36673,97.5,55.13291667,95.4275,76.66333333,26.36958333,45,2025,November
"Office of The Commissioner of Police, Barrackpore",North 24 Pgs.,11/4/2025,22.75983,88.36673,171,81.27875,141.1033333,79.03458333,25.57958333,45,2025,November
"Office of The Commissioner of Police, Barrackpore",North 24 Pgs.,11/5/2025,22.75983,88.36673,161.875,78.49458333,136.32875,77.68875,26.01083333,45,2025,November
"Office of The Commissioner of Police, Barrackpore",North 24 Pgs.,11/6/2025,22.75983,88.36673,165.2083333,79.56875,138.35375,78.26,26.81458333,45,2025,November
"Office of The Commissioner of Police, Barrackpore",North 24 Pgs.,11/7/2025,22.75983,88.36673,144.5833333,73.3525,127.3025,75.39583333,27.29291667,45,2025,November
"Office of The Commissioner of Police, Barrackpore",North 24 Pgs.,11/8/2025,22.75983,88.36673,94,53.8475,94.10958333,64.89833333,25.69291667,45,2025,November
"Office of The Commissioner of Police, Barrackpore",North 24 Pgs.,11/9/2025,22.75983,88.36673,92.54166667,53.02291667,92.72375,67.52208333,23.67708333,45,2025,November
"Office of The Commissioner of Police, Barrackpore",North 24 Pgs.,11/10/2025,22.75983,88.36673,109.875,62.68958333,109.1708333,72.5575,23.67083333,46,2025,November
"Office of The Commissioner of Police, Barrackpore",North 24 Pgs.,11/11/2025,22.75983,88.36673,109.0416667,62.05291667,107.94,70.95,22.68583333,46,2025,November
"Office of The Commissioner of Police, Barrackpore",North 24 Pgs.,11/12/2025,22.75983,88.36673,125.75,67.72666667,118.1320833,70.20041667,22.25541667,46,2025,November
"Office of The Commissioner of Police, Barrackpore",North 24 Pgs.,11/13/2025,22.75983,88.36673,121.4583333,66.35208333,115.56,71.34,22.50416667,46,2025,November
"Office of The Commissioner of Police, Barrackpore",North 24 Pgs.,11/14/2025,22.75983,88.36673,110.9583333,62.72458333,108.8358333,72.88208333,22.25041667,46,2025,November
"Office of The Commissioner of Police, Barrackpore",North 24 Pgs.,11/15/2025,22.75983,88.36673,109.125,61.89791667,107.2658333,72.10375,22.82333333,46,2025,November
"Office of The Commissioner of Police, Barrackpore",North 24 Pgs.,11/16/2025,22.75983,88.36673,106.25,61.15291667,105.8275,72.80708333,22.61833333,46,2025,November
"Office of The Commissioner of Police, Barrackpore",North 24 Pgs.,11/17/2025,22.75983,88.36673,113.0833333,62.52125,108.3454167,71.93416667,23.37333333,47,2025,November
"Office of The Commissioner of Police, Barrackpore",North 24 Pgs.,11/18/2025,22.75983,88.36673,100.2916667,57.74125,100.0379167,73.60458333,23.17833333,47,2025,November
"Office of The Commissioner of Police, Barrackpore",North 24 Pgs.,11/19/2025,22.75983,88.36673,107.9583333,59.66666667,103.2091667,72.40291667,23.64875,47,2025,November
"Office of The Commissioner of Police, Barrackpore",North 24 Pgs.,11/20/2025,22.75983,88.36673,101.1666667,57.20041667,98.67291667,71.8725,23.50166667,47,2025,November
"Office of The Commissioner of Police, Barrackpore",North 24 Pgs.,11/21/2025,22.75983,88.36673,122.4583333,66.18166667,114.1295833,73.29041667,23.15041667,47,2025,November
"Office of The Commissioner of Police, Barrackpore",North 24 Pgs.,11/22/2025,22.75983,88.36673,148.0833333,74.44833333,128.30625,76.07416667,22.68375,47,2025,November
"Office of The Commissioner of Police, Barrackpore",North 24 Pgs.,11/23/2025,22.75983,88.36673,169.0416667,80.42875,138.6191667,76.51875,22.70041667,47,2025,November
"Office of The Commissioner of Police, Barrackpore",North 24 Pgs.,11/24/2025,22.75983,88.36673,154.75,76.40541667,131.6429167,72.58625,22.48,48,2025,November
"Office of The Commissioner of Police, Barrackpore",North 24 Pgs.,11/25/2025,22.75983,88.36673,120.25,65.8225,113.3175,71.28208333,21.08333333,48,2025,November
"Office of The Commissioner of Police, Barrackpore",North 24 Pgs.,11/26/2025,22.75983,88.36673,104.4166667,59.85125,103.08,67.36791667,21.16416667,48,2025,November
"Office of The Commissioner of Police, Barrackpore",North 24 Pgs.,11/27/2025,22.75983,88.36673,99.375,57.04958333,98.24208333,73.85083333,21.68958333,48,2025,November
"Office of The Commissioner of Police, Barrackpore",North 24 Pgs.,11/28/2025,22.75983,88.36673,105.0833333,58.64875,101.2366667,76.17375,22.07791667,48,2025,November
"Office of The Commissioner of Police, Barrackpore",North 24 Pgs.,11/29/2025,22.75983,88.36673,103.2916667,59.03458333,101.6725,76.05666667,21.76833333,48,2025,November
"Office of The Commissioner of Police, Barrackpore",North 24 Pgs.,11/30/2025,22.75983,88.36673,115.875,63.83625,109.9045833,76.43875,21.81041667,48,2025,November
"Office of The Commissioner of Police, Barrackpore",North 24 Pgs.,12/1/2025,22.75983,88.36673,163,78.89,135.67,88.91,18.69,49,2025,December
Old Calcutta Road Checkpost,North 24 Pgs.,8/31/2025,22.745003,88.38239,45.75,25.64458333,45.78375,79.04333333,31.8775,35,2025,August
Old Calcutta Road Checkpost,North 24 Pgs.,9/1/2025,22.745003,88.38239,57.08333333,32.33541667,57.23208333,77.18791667,33.02708333,36,2025,September
Old Calcutta Road Checkpost,North 24 Pgs.,9/2/2025,22.745003,88.38239,33.875,19.76541667,33.79083333,89.5875,28.85625,36,2025,September
Old Calcutta Road Checkpost,North 24 Pgs.,9/3/2025,22.745003,88.38239,31.83333333,18.71833333,31.96,89.38833333,28.54208333,36,2025,September
Old Calcutta Road Checkpost,North 24 Pgs.,9/4/2025,22.745003,88.38239,37.04166667,21.445,37.09083333,85.76875,29.9425,36,2025,September
Old Calcutta Road Checkpost,North 24 Pgs.,9/5/2025,22.745003,88.38239,47.58333333,26.95875,47.50916667,79.71875,31.58208333,36,2025,September
Old Calcutta Road Checkpost,North 24 Pgs.,9/6/2025,22.745003,88.38239,51.75,29.00041667,51.73666667,75.81,32.57,36,2025,September
Old Calcutta Road Checkpost,North 24 Pgs.,9/7/2025,22.745003,88.38239,50.70833333,28.72833333,50.765,76.94,32.16041667,36,2025,September
Old Calcutta Road Checkpost,North 24 Pgs.,9/8/2025,22.745003,88.38239,48.20833333,27.05083333,48.28083333,74.68333333,32.58208333,37,2025,September
Old Calcutta Road Checkpost,North 24 Pgs.,9/9/2025,22.745003,88.38239,53.375,30.14833333,53.35791667,75.15916667,32.56291667,37,2025,September
Old Calcutta Road Checkpost,North 24 Pgs.,9/10/2025,22.745003,88.38239,53.04166667,29.96041667,53.04,74.28041667,32.82333333,37,2025,September
Old Calcutta Road Checkpost,North 24 Pgs.,9/11/2025,22.745003,88.38239,50.29166667,28.64541667,50.19291667,76.42041667,32.61208333,37,2025,September
Old Calcutta Road Checkpost,North 24 Pgs.,9/12/2025,22.745003,88.38239,47.58333333,27.31125,47.53375,79.87291667,31.73083333,37,2025,September
Old Calcutta Road Checkpost,North 24 Pgs.,9/13/2025,22.745003,88.38239,42,23.92,42.04833333,77.62416667,31.85833333,37,2025,September
Old Calcutta Road Checkpost,North 24 Pgs.,9/14/2025,22.745003,88.38239,46.375,26.60833333,46.30625,87.40708333,29.50416667,37,2025,September
Old Calcutta Road Checkpost,North 24 Pgs.,9/15/2025,22.745003,88.38239,45.08333333,26.21125,45.135,89.76041667,28.91625,38,2025,September
Old Calcutta Road Checkpost,North 24 Pgs.,9/16/2025,22.745003,88.38239,47.83333333,27.77166667,47.82916667,89.29625,28.86375,38,2025,September
Old Calcutta Road Checkpost,North 24 Pgs.,9/17/2025,22.745003,88.38239,48.33333333,27.97666667,48.29458333,84.38916667,30.26916667,38,2025,September
Old Calcutta Road Checkpost,North 24 Pgs.,9/18/2025,22.745003,88.38239,49.45833333,28.56875,49.42125,78.22291667,32.32708333,38,2025,September
Old Calcutta Road Checkpost,North 24 Pgs.,9/19/2025,22.745003,88.38239,68,39.13583333,67.98375,82.1075,31.96791667,38,2025,September
Old Calcutta Road Checkpost,North 24 Pgs.,9/20/2025,22.745003,88.38239,72.375,41.63,72.27791667,86.8175,30.13416667,38,2025,September
Old Calcutta Road Checkpost,North 24 Pgs.,9/21/2025,22.745003,88.38239,81.70833333,46.7825,81.09,80.01166667,31.73791667,38,2025,September
Old Calcutta Road Checkpost,North 24 Pgs.,9/22/2025,22.745003,88.38239,61.79166667,35.75375,61.84041667,86.08708333,29.6975,39,2025,September
Old Calcutta Road Checkpost,North 24 Pgs.,9/23/2025,22.745003,88.38239,50.20833333,29.19541667,50.19041667,89.50708333,28.66625,39,2025,September
Old Calcutta Road Checkpost,North 24 Pgs.,9/24/2025,22.745003,88.38239,55.54166667,31.98083333,55.515,81.73166667,31.15833333,39,2025,September
Old Calcutta Road Checkpost,North 24 Pgs.,9/25/2025,22.745003,88.38239,52.66666667,30.28375,52.70541667,80.3125,31.77916667,39,2025,September
Old Calcutta Road Checkpost,North 24 Pgs.,9/26/2025,22.745003,88.38239,44.66666667,25.98833333,44.58416667,84.75375,30.67041667,39,2025,September
Old Calcutta Road Checkpost,North 24 Pgs.,9/27/2025,22.745003,88.38239,39.08333333,22.53416667,38.99958333,81.52541667,31.40875,39,2025,September
Old Calcutta Road Checkpost,North 24 Pgs.,9/28/2025,22.745003,88.38239,42.29166667,24.25333333,42.3225,77.37125,32.19,39,2025,September
Old Calcutta Road Checkpost,North 24 Pgs.,9/29/2025,22.745003,88.38239,50.83333333,29.13666667,50.855,75.81791667,32.93125,40,2025,September
Old Calcutta Road Checkpost,North 24 Pgs.,9/30/2025,22.745003,88.38239,56.91666667,32.93625,56.96875,76.70916667,32.585,40,2025,September
Old Calcutta Road Checkpost,North 24 Pgs.,10/1/2025,22.745003,88.38239,47.83333333,27.55625,47.8075,80.14958333,30.96583333,40,2025,October
Old Calcutta Road Checkpost,North 24 Pgs.,10/2/2025,22.745003,88.38239,33.70833333,19.67333333,33.63791667,91.96041667,28.29333333,40,2025,October
Old Calcutta Road Checkpost,North 24 Pgs.,10/3/2025,22.745003,88.38239,41.83333333,24.34291667,41.91875,93.3225,28.1525,40,2025,October
Old Calcutta Road Checkpost,North 24 Pgs.,10/4/2025,22.745003,88.38239,43.04166667,24.95083333,42.99583333,86.48166667,30.10708333,40,2025,October
Old Calcutta Road Checkpost,North 24 Pgs.,10/5/2025,22.745003,88.38239,42.875,24.93791667,42.84,88.025,28.6775,40,2025,October
Old Calcutta Road Checkpost,North 24 Pgs.,10/6/2025,22.745003,88.38239,67.25,38.70041667,67.22916667,86.83041667,28.92708333,41,2025,October
Old Calcutta Road Checkpost,North 24 Pgs.,10/7/2025,22.745003,88.38239,71.66666667,41.43958333,71.795,83.00041667,30.06583333,41,2025,October
Old Calcutta Road Checkpost,North 24 Pgs.,10/8/2025,22.745003,88.38239,76.16666667,43.97916667,76.12791667,85.32583333,29.36291667,41,2025,October
Old Calcutta Road Checkpost,North 24 Pgs.,10/9/2025,22.745003,88.38239,81.875,47.10375,81.90125,84.59291667,29.59458333,41,2025,October
Old Calcutta Road Checkpost,North 24 Pgs.,10/10/2025,22.745003,88.38239,79.91666667,46.0625,79.66041667,86.81083333,28.70541667,41,2025,October
Old Calcutta Road Checkpost,North 24 Pgs.,10/11/2025,22.745003,88.38239,69.625,39.50291667,69.52958333,80.54541667,29.8375,41,2025,October
Old Calcutta Road Checkpost,North 24 Pgs.,10/12/2025,22.745003,88.38239,78.70833333,44.33333333,78.84541667,76.93541667,30.48583333,41,2025,October
Old Calcutta Road Checkpost,North 24 Pgs.,10/13/2025,22.745003,88.38239,86.75,48.85291667,86.66875,73.74125,30.22166667,42,2025,October
Old Calcutta Road Checkpost,North 24 Pgs.,10/14/2025,22.745003,88.38239,89.75,50.07416667,89.26875,72.70041667,30.13291667,42,2025,October
Old Calcutta Road Checkpost,North 24 Pgs.,10/15/2025,22.745003,88.38239,96.79166667,53.92708333,95.72875,69.96583333,29.90208333,42,2025,October
Old Calcutta Road Checkpost,North 24 Pgs.,10/16/2025,22.745003,88.38239,94.91666667,53.37791667,94.88625,69.86833333,29.62625,42,2025,October
Old Calcutta Road Checkpost,North 24 Pgs.,10/17/2025,22.745003,88.38239,106.4166667,59.75583333,105.89,71.44916667,30.35708333,42,2025,October
Old Calcutta Road Checkpost,North 24 Pgs.,10/18/2025,22.745003,88.38239,98.83333333,56.12875,99.16583333,72.63166667,30.94333333,42,2025,October
Old Calcutta Road Checkpost,North 24 Pgs.,10/19/2025,22.745003,88.38239,85.5,48.59541667,85.64958333,74.83666667,31.58458333,42,2025,October
Old Calcutta Road Checkpost,North 24 Pgs.,10/20/2025,22.745003,88.38239,100.2916667,54.65708333,96.06958333,76.15875,31.2925,43,2025,October
Old Calcutta Road Checkpost,North 24 Pgs.,10/21/2025,22.745003,88.38239,141.25,70.63833333,125.2258333,72.135,31.14458333,43,2025,October
Old Calcutta Road Checkpost,North 24 Pgs.,10/22/2025,22.745003,88.38239,152.6666667,75.1525,133.7404167,72.21875,30.97166667,43,2025,October
Old Calcutta Road Checkpost,North 24 Pgs.,10/23/2025,22.745003,88.38239,99.33333333,54.07041667,94.97791667,69.98041667,31.21875,43,2025,October
Old Calcutta Road Checkpost,North 24 Pgs.,10/24/2025,22.745003,88.38239,116.25,61.785,110.4666667,69.08833333,31.13375,43,2025,October
Old Calcutta Road Checkpost,North 24 Pgs.,10/25/2025,22.745003,88.38239,108.0833333,59.37625,105.5325,71.31541667,31.115,43,2025,October
Old Calcutta Road Checkpost,North 24 Pgs.,10/26/2025,22.745003,88.38239,112.0416667,60.03416667,106.7929167,75.69291667,30.89041667,43,2025,October
Old Calcutta Road Checkpost,North 24 Pgs.,10/27/2025,22.745003,88.38239,96.5,54.20791667,95.1275,73.91333333,31.36958333,44,2025,October
Old Calcutta Road Checkpost,North 24 Pgs.,10/28/2025,22.745003,88.38239,74.5,42.92875,75.00208333,76.96833333,30.65375,44,2025,October
Old Calcutta Road Checkpost,North 24 Pgs.,10/29/2025,22.745003,88.38239,51.16666667,29.55875,51.09375,91.00625,27.15791667,44,2025,October
Old Calcutta Road Checkpost,North 24 Pgs.,10/30/2025,22.745003,88.38239,47.08333333,27.285,47.02083333,84.86375,29.08833333,44,2025,October
Old Calcutta Road Checkpost,North 24 Pgs.,10/31/2025,22.745003,88.38239,49.70833333,28.7225,49.72125,80.44,30.35083333,44,2025,October
Old Calcutta Road Checkpost,North 24 Pgs.,11/1/2025,22.745003,88.38239,58.04166667,33.53166667,58.02958333,81.27208333,30.38416667,44,2025,November
Old Calcutta Road Checkpost,North 24 Pgs.,11/2/2025,22.745003,88.38239,47.75,27.56416667,47.69541667,81.61125,27.42333333,44,2025,November
Old Calcutta Road Checkpost,North 24 Pgs.,11/3/2025,22.745003,88.38239,80.70833333,45.98958333,80.80583333,73.06375,28.245,45,2025,November
Old Calcutta Road Checkpost,North 24 Pgs.,11/4/2025,22.745003,88.38239,152.9583333,75.86041667,133.9391667,77.02416667,27.22416667,45,2025,November
Old Calcutta Road Checkpost,North 24 Pgs.,11/5/2025,22.745003,88.38239,142.375,72.5175,127.7379167,72.87916667,28.285,45,2025,November
Old Calcutta Road Checkpost,North 24 Pgs.,11/6/2025,22.745003,88.38239,133.5833333,68.88958333,122.37875,75.04125,28.64875,45,2025,November
Old Calcutta Road Checkpost,North 24 Pgs.,11/7/2025,22.745003,88.38239,115.75,62.76625,110.3545833,72.41458333,28.81541667,45,2025,November
Old Calcutta Road Checkpost,North 24 Pgs.,11/8/2025,22.745003,88.38239,85.45833333,47.42291667,84.24833333,58.53333333,27.74041667,45,2025,November
Old Calcutta Road Checkpost,North 24 Pgs.,11/9/2025,22.745003,88.38239,82.5,46.48041667,82.50666667,59.55291667,26.61875,45,2025,November
Old Calcutta Road Checkpost,North 24 Pgs.,11/10/2025,22.745003,88.38239,104.1666667,59.18416667,105.0279167,65.93583333,26.57333333,46,2025,November
Old Calcutta Road Checkpost,North 24 Pgs.,11/11/2025,22.745003,88.38239,108.125,59.9275,106.675,62.47916667,25.9825,46,2025,November
Old Calcutta Road Checkpost,North 24 Pgs.,11/12/2025,22.745003,88.38239,141.3333333,72.29,129.5166667,63.88916667,25.15125,46,2025,November
Old Calcutta Road Checkpost,North 24 Pgs.,11/13/2025,22.745003,88.38239,151.5,74.8875,134.62,66.61333333,24.86833333,46,2025,November
Old Calcutta Road Checkpost,North 24 Pgs.,11/14/2025,22.745003,88.38239,133.7916667,69.81708333,125.3641667,66.99416667,25.04833333,46,2025,November
Old Calcutta Road Checkpost,North 24 Pgs.,11/15/2025,22.745003,88.38239,124.5416667,65.80333333,117.5458333,65.95375,25.17083333,46,2025,November
Old Calcutta Road Checkpost,North 24 Pgs.,11/16/2025,22.745003,88.38239,126.1666667,66.63666667,118.8520833,67.06083333,24.91625,46,2025,November
Old Calcutta Road Checkpost,North 24 Pgs.,11/17/2025,22.745003,88.38239,123,64.59333333,115.4508333,66.82083333,25.55625,47,2025,November
Old Calcutta Road Checkpost,North 24 Pgs.,11/18/2025,22.745003,88.38239,120.0416667,62.06708333,112.5970833,66.71083333,26.335,47,2025,November
Old Calcutta Road Checkpost,North 24 Pgs.,11/19/2025,22.745003,88.38239,109.875,57.895,103.9229167,64.36625,27.24583333,47,2025,November
Old Calcutta Road Checkpost,North 24 Pgs.,11/20/2025,22.745003,88.38239,120.9583333,62.6725,112.3108333,64.2425,26.98125,47,2025,November
Old Calcutta Road Checkpost,North 24 Pgs.,11/21/2025,22.745003,88.38239,131.2916667,68.12666667,120.99,66.02083333,25.96875,47,2025,November
Old Calcutta Road Checkpost,North 24 Pgs.,11/22/2025,22.745003,88.38239,144.5,73.14375,130.6675,70.03333333,25.19458333,47,2025,November
Old Calcutta Road Checkpost,North 24 Pgs.,11/23/2025,22.745003,88.38239,160.5,77.16791667,137.6358333,70.20416667,25.44958333,47,2025,November
Old Calcutta Road Checkpost,North 24 Pgs.,11/24/2025,22.745003,88.38239,170.8333333,81.37125,146.0770833,68.07708333,24.59958333,48,2025,November
Old Calcutta Road Checkpost,North 24 Pgs.,11/25/2025,22.745003,88.38239,162.5833333,78.72708333,140.7195833,64.84083333,23.35708333,48,2025,November
Old Calcutta Road Checkpost,North 24 Pgs.,11/26/2025,22.745003,88.38239,154.7083333,76.82875,140.0695833,60.44791667,23.44375,48,2025,November
Old Calcutta Road Checkpost,North 24 Pgs.,11/27/2025,22.745003,88.38239,193.6666667,88.14958333,159.9266667,66.40541667,25.23083333,48,2025,November
Old Calcutta Road Checkpost,North 24 Pgs.,11/28/2025,22.745003,88.38239,191.75,88.05208333,159.6408333,66.74291667,25.88083333,48,2025,November
Old Calcutta Road Checkpost,North 24 Pgs.,11/29/2025,22.745003,88.38239,173.1666667,83.185,151.3370833,67.47041667,25.08583333,48,2025,November
Old Calcutta Road Checkpost,North 24 Pgs.,11/30/2025,22.745003,88.38239,178.1666667,84.19625,152.41,68.7975,24.80875,48,2025,November
Old Calcutta Road Checkpost,North 24 Pgs.,12/1/2025,22.745003,88.38239,252,105.61,195.04,85.45,21.45,49,2025,December
West Bengal State University,North 24 Pgs.,9/1/2025,22.738529,88.435593,31.11111111,18.39777778,30.14222222,74.21222222,38.99111111,36,2025,September
West Bengal State University,North 24 Pgs.,9/4/2025,22.738529,88.435593,36.11111111,20.93555556,35.90666667,90.70777778,30.83222222,36,2025,September
West Bengal State University,North 24 Pgs.,9/5/2025,22.738529,88.435593,44.66666667,25.17416667,44.74583333,80.53875,31.08416667,36,2025,September
West Bengal State University,North 24 Pgs.,9/6/2025,22.738529,88.435593,49.5,27.28166667,49.5125,76.38458333,32.14375,36,2025,September
West Bengal State University,North 24 Pgs.,9/7/2025,22.738529,88.435593,47.58333333,26.68666667,47.60416667,75.73708333,32.13833333,36,2025,September
West Bengal State University,North 24 Pgs.,9/8/2025,22.738529,88.435593,48.70833333,26.75791667,48.63583333,74.5175,32.37083333,37,2025,September
West Bengal State University,North 24 Pgs.,9/9/2025,22.738529,88.435593,50.83333333,28.04208333,50.73583333,75.56833333,32.22583333,37,2025,September
West Bengal State University,North 24 Pgs.,9/10/2025,22.738529,88.435593,48.5,27.19958333,48.65041667,74.715,32.54375,37,2025,September
West Bengal State University,North 24 Pgs.,9/11/2025,22.738529,88.435593,46.79166667,26.43083333,46.77083333,77.60333333,32.24291667,37,2025,September
West Bengal State University,North 24 Pgs.,9/12/2025,22.738529,88.435593,43.41666667,24.7025,43.44041667,81.09708333,31.35041667,37,2025,September
West Bengal State University,North 24 Pgs.,9/13/2025,22.738529,88.435593,38.91666667,21.98,38.86208333,79.1325,31.42375,37,2025,September
West Bengal State University,North 24 Pgs.,9/14/2025,22.738529,88.435593,39.29166667,22.27041667,39.23458333,88.13833333,29.92583333,37,2025,September
West Bengal State University,North 24 Pgs.,9/15/2025,22.738529,88.435593,40.41666667,22.90708333,40.46041667,88.67041667,29.51666667,38,2025,September
West Bengal State University,North 24 Pgs.,9/16/2025,22.738529,88.435593,42.66666667,24.14083333,42.71833333,89.77625,29.51625,38,2025,September
West Bengal State University,North 24 Pgs.,9/17/2025,22.738529,88.435593,45.125,25.645,45.11625,84.67125,30.32916667,38,2025,September
West Bengal State University,North 24 Pgs.,9/18/2025,22.738529,88.435593,46.33333333,26.48791667,46.37083333,78.775,31.77791667,38,2025,September
West Bengal State University,North 24 Pgs.,9/19/2025,22.738529,88.435593,61.45833333,34.83,61.50958333,80.815,31.76791667,38,2025,September
West Bengal State University,North 24 Pgs.,9/20/2025,22.738529,88.435593,65.875,37.33833333,65.84083333,87.16125,30.00458333,38,2025,September
West Bengal State University,North 24 Pgs.,9/21/2025,22.738529,88.435593,77.25,43.99375,77.16541667,79.81541667,31.56583333,38,2025,September
West Bengal State University,North 24 Pgs.,9/22/2025,22.738529,88.435593,56.79166667,32.5375,56.71375,85.08041667,29.71875,39,2025,September
West Bengal State University,North 24 Pgs.,9/23/2025,22.738529,88.435593,43.5,25.1025,43.61791667,87.31333333,29.12916667,39,2025,September
West Bengal State University,North 24 Pgs.,9/24/2025,22.738529,88.435593,48.58333333,27.82833333,48.61166667,79.64333333,31.35416667,39,2025,September
West Bengal State University,North 24 Pgs.,9/25/2025,22.738529,88.435593,45.25,25.58833333,45.19125,79.90583333,31.35083333,39,2025,September
West Bengal State University,North 24 Pgs.,9/26/2025,22.738529,88.435593,39.16666667,22.32625,39.14166667,83.12333333,30.65791667,39,2025,September
West Bengal State University,North 24 Pgs.,9/27/2025,22.738529,88.435593,38.75,21.96583333,38.66083333,81.18125,31.20541667,39,2025,September
West Bengal State University,North 24 Pgs.,9/28/2025,22.738529,88.435593,38.29166667,21.74625,38.36166667,77.10416667,31.955,39,2025,September
West Bengal State University,North 24 Pgs.,9/29/2025,22.738529,88.435593,50.75,28.22083333,50.76291667,77.17041667,32.42916667,40,2025,September
West Bengal State University,North 24 Pgs.,9/30/2025,22.738529,88.435593,55,31.17875,55.02958333,78.05208333,32.13666667,40,2025,September
West Bengal State University,North 24 Pgs.,10/1/2025,22.738529,88.435593,43.125,24.67708333,43.21125,81.38333333,30.71583333,40,2025,October
West Bengal State University,North 24 Pgs.,10/2/2025,22.738529,88.435593,31.75,18.26583333,31.7525,89.59291667,28.51875,40,2025,October
West Bengal State University,North 24 Pgs.,10/3/2025,22.738529,88.435593,38.33333333,21.99,38.31916667,91.31416667,28.29208333,40,2025,October
West Bengal State University,North 24 Pgs.,10/4/2025,22.738529,88.435593,41.41666667,23.7275,41.41083333,86.84625,29.585,40,2025,October
West Bengal State University,North 24 Pgs.,10/5/2025,22.738529,88.435593,39.29166667,22.515,39.31416667,87.69625,28.28375,40,2025,October
West Bengal State University,North 24 Pgs.,10/6/2025,22.738529,88.435593,58.95833333,33.68166667,58.985,85.76083333,28.86583333,41,2025,October
West Bengal State University,North 24 Pgs.,10/7/2025,22.738529,88.435593,63.41666667,36.12958333,63.35958333,80.70625,30.205,41,2025,October
West Bengal State University,North 24 Pgs.,10/8/2025,22.738529,88.435593,66.75,38.29083333,66.74166667,84.02375,29.44958333,41,2025,October
West Bengal State University,North 24 Pgs.,10/9/2025,22.738529,88.435593,71.125,40.62916667,71.12,81.88708333,29.95958333,41,2025,October
West Bengal State University,North 24 Pgs.,10/10/2025,22.738529,88.435593,71.125,40.63125,71.24375,84.775,28.98083333,41,2025,October
West Bengal State University,North 24 Pgs.,10/11/2025,22.738529,88.435593,60.375,33.7025,60.40708333,79.51541667,30.07333333,41,2025,October
West Bengal State University,North 24 Pgs.,10/12/2025,22.738529,88.435593,67.41666667,37.16833333,67.42625,77.29875,30.44208333,41,2025,October
West Bengal State University,North 24 Pgs.,10/13/2025,22.738529,88.435593,75.25,41.49083333,75.26,74.9725,29.9975,42,2025,October
West Bengal State University,North 24 Pgs.,10/14/2025,22.738529,88.435593,79.25,43.35708333,79.18541667,73.90333333,29.74708333,42,2025,October
West Bengal State University,North 24 Pgs.,10/15/2025,22.738529,88.435593,82.95833333,45.75541667,82.80625,73.33041667,29.37791667,42,2025,October
West Bengal State University,North 24 Pgs.,10/16/2025,22.738529,88.435593,88.375,48.68708333,88.55958333,74.05083333,28.99875,42,2025,October
West Bengal State University,North 24 Pgs.,10/17/2025,22.738529,88.435593,97.70833333,54.58041667,98.96041667,75.72333333,29.59375,42,2025,October
West Bengal State University,North 24 Pgs.,10/18/2025,22.738529,88.435593,89.54166667,50.20875,90.22666667,76.09333333,30.48458333,42,2025,October
West Bengal State University,North 24 Pgs.,10/19/2025,22.738529,88.435593,80.5,44.54083333,80.69583333,77.42875,30.89333333,42,2025,October
West Bengal State University,North 24 Pgs.,10/20/2025,22.738529,88.435593,86.125,47.17708333,83.735,77.2125,30.87458333,43,2025,October
West Bengal State University,North 24 Pgs.,10/21/2025,22.738529,88.435593,109.75,58.085,103.0741667,75.15,30.40541667,43,2025,October
West Bengal State University,North 24 Pgs.,10/22/2025,22.738529,88.435593,104,57.76916667,103.0420833,76.33375,29.965,43,2025,October
West Bengal State University,North 24 Pgs.,10/23/2025,22.738529,88.435593,91.16666667,50.06,89.33208333,73.85458333,30.32875,43,2025,October
West Bengal State University,North 24 Pgs.,10/24/2025,22.738529,88.435593,90.16666667,50.80791667,90.61041667,74.57875,30.28458333,43,2025,October
West Bengal State University,North 24 Pgs.,10/25/2025,22.738529,88.435593,93,52.15958333,93.18083333,74.75583333,30.50541667,43,2025,October
West Bengal State University,North 24 Pgs.,10/26/2025,22.738529,88.435593,80.25,45.35125,80.44166667,78.00583333,30.45333333,43,2025,October
West Bengal State University,North 24 Pgs.,10/27/2025,22.738529,88.435593,87.95652174,49.65086957,87.42391304,77.41391304,30.74869565,44,2025,October
West Bengal State University,North 24 Pgs.,10/28/2025,22.738529,88.435593,67.54166667,38.57916667,67.58208333,79.22333333,29.99041667,44,2025,October
West Bengal State University,North 24 Pgs.,10/29/2025,22.738529,88.435593,41.95833333,24.06291667,41.9825,90.80125,27.01,44,2025,October
West Bengal State University,North 24 Pgs.,10/30/2025,22.738529,88.435593,38.54166667,22.04625,38.535,85.22,28.7725,44,2025,October
West Bengal State University,North 24 Pgs.,10/31/2025,22.738529,88.435593,45.66666667,25.76333333,45.68125,82.38208333,29.4325,44,2025,October
West Bengal State University,North 24 Pgs.,11/1/2025,22.738529,88.435593,50.79166667,29.19166667,50.8275,82.68666667,29.6625,44,2025,November
West Bengal State University,North 24 Pgs.,11/2/2025,22.738529,88.435593,39.75,22.72125,39.80666667,81.40083333,27.17208333,44,2025,November
West Bengal State University,North 24 Pgs.,11/3/2025,22.738529,88.435593,73.08333333,41.42416667,73.68625,75.56208333,27.45458333,45,2025,November
West Bengal State University,North 24 Pgs.,11/4/2025,22.738529,88.435593,156.7083333,77.005,136.5620833,78.93791667,26.66625,45,2025,November
West Bengal State University,North 24 Pgs.,11/5/2025,22.738529,88.435593,151.1666667,74.77541667,133.6308333,76.45041667,27.27458333,45,2025,November
West Bengal State University,North 24 Pgs.,11/6/2025,22.738529,88.435593,133.9583333,68.32458333,121.9691667,78.47416667,28.19375,45,2025,November
West Bengal State University,North 24 Pgs.,11/7/2025,22.738529,88.435593,120.9583333,65.075,115.6895833,76.03666667,28.1925,45,2025,November
West Bengal State University,North 24 Pgs.,11/8/2025,22.738529,88.435593,74.33333333,41.10541667,74.30333333,64.44958333,26.56875,45,2025,November
West Bengal State University,North 24 Pgs.,11/9/2025,22.738529,88.435593,78.08333333,43.13583333,78.39916667,66.34916667,25.575,45,2025,November
West Bengal State University,North 24 Pgs.,11/10/2025,22.738529,88.435593,101.875,57.43916667,102.9929167,72.55708333,25.09125,46,2025,November
West Bengal State University,North 24 Pgs.,11/11/2025,22.738529,88.435593,96.75,54.31833333,98.01291667,71.29541667,24.27583333,46,2025,November
West Bengal State University,North 24 Pgs.,11/12/2025,22.738529,88.435593,118.3333333,64.69708333,116.3575,72.35875,23.665,46,2025,November
West Bengal State University,North 24 Pgs.,11/13/2025,22.738529,88.435593,124.4166667,65.90875,118.22,72.48458333,23.88916667,46,2025,November
West Bengal State University,North 24 Pgs.,11/14/2025,22.738529,88.435593,106.9166667,59.15291667,106.0675,73.63791667,23.74541667,46,2025,November
West Bengal State University,North 24 Pgs.,11/15/2025,22.738529,88.435593,99.625,56.09375,100.69875,74.04708333,24.085,46,2025,November
West Bengal State University,North 24 Pgs.,11/16/2025,22.738529,88.435593,101.375,57.19041667,101.7129167,73.80041667,24.01583333,46,2025,November
West Bengal State University,North 24 Pgs.,11/17/2025,22.738529,88.435593,100.125,55.43958333,99.085,73.89166667,24.5025,47,2025,November
West Bengal State University,North 24 Pgs.,11/18/2025,22.738529,88.435593,81.29166667,45.40125,81.61083333,72.96208333,24.98458333,47,2025,November
West Bengal State University,North 24 Pgs.,11/19/2025,22.738529,88.435593,75.29166667,41.4775,75.00083333,72.21916667,25.33,47,2025,November
West Bengal State University,North 24 Pgs.,11/20/2025,22.738529,88.435593,93.33333333,51.67708333,92.46541667,72.32875,25.16791667,47,2025,November
West Bengal State University,North 24 Pgs.,11/21/2025,22.738529,88.435593,105.625,58.42208333,103.6008333,74.49166667,24.56916667,47,2025,November
West Bengal State University,North 24 Pgs.,11/22/2025,22.738529,88.435593,130.4583333,68.09291667,120.1991667,76.81958333,24.05458333,47,2025,November
West Bengal State University,North 24 Pgs.,11/23/2025,22.738529,88.435593,119.5833333,64.06291667,113.1975,76.26416667,24.12791667,47,2025,November
West Bengal State University,North 24 Pgs.,11/24/2025,22.738529,88.435593,114.875,64.0225,112.5341667,74.01625,23.21625,48,2025,November
West Bengal State University,North 24 Pgs.,11/25/2025,22.738529,88.435593,117.6666667,63.94791667,113.0933333,73.6775,22.17041667,48,2025,November
West Bengal State University,North 24 Pgs.,11/26/2025,22.738529,88.435593,98.91666667,55.84166667,98.92958333,70.43416667,22.18541667,48,2025,November
West Bengal State University,North 24 Pgs.,11/27/2025,22.738529,88.435593,87.91666667,49.04833333,89.10291667,74.41791667,23.01458333,48,2025,November
West Bengal State University,North 24 Pgs.,11/28/2025,22.738529,88.435593,95.625,53.42833333,98.2675,75.41125,23.69541667,48,2025,November
West Bengal State University,North 24 Pgs.,11/29/2025,22.738529,88.435593,100.5833333,56.0475,102.3925,77.04958333,23.05791667,48,2025,November
West Bengal State University,North 24 Pgs.,11/30/2025,22.738529,88.435593,121.8333333,64.94666667,118.2783333,76.89541667,23.15291667,48,2025,November
West Bengal State University,North 24 Pgs.,12/1/2025,22.738529,88.435593,154,76.14,138.37,93.23,19.36,49,2025,December
VVV,Cooch Behar,14/2/25,26.1927,89.2736,84,76.14,138.37,93.23,19.36,49,2025,December
